--
-- PostgreSQL database dump
--

-- Dumped from database version 9.5.16
-- Dumped by pg_dump version 9.5.16

SET statement_timeout = 0;
SET lock_timeout = 0;
SET client_encoding = 'UTF8';
SET standard_conforming_strings = on;
SELECT pg_catalog.set_config('search_path', '', false);
SET check_function_bodies = false;
SET client_min_messages = warning;
SET row_security = off;

--
-- Name: plpgsql; Type: EXTENSION; Schema: -; Owner: 
--

CREATE EXTENSION IF NOT EXISTS plpgsql WITH SCHEMA pg_catalog;


--
-- Name: EXTENSION plpgsql; Type: COMMENT; Schema: -; Owner: 
--

COMMENT ON EXTENSION plpgsql IS 'PL/pgSQL procedural language';


SET default_tablespace = '';

SET default_with_oids = false;

--
-- Name: about_report; Type: TABLE; Schema: public; Owner: almet
--

CREATE TABLE public.about_report (
    id integer NOT NULL,
    plus boolean NOT NULL,
    minus boolean NOT NULL,
    description character varying(100) NOT NULL,
    posted timestamp with time zone NOT NULL,
    money integer NOT NULL
);


ALTER TABLE public.about_report OWNER TO almet;

--
-- Name: about_report_id_seq; Type: SEQUENCE; Schema: public; Owner: almet
--

CREATE SEQUENCE public.about_report_id_seq
    START WITH 1
    INCREMENT BY 1
    NO MINVALUE
    NO MAXVALUE
    CACHE 1;


ALTER TABLE public.about_report_id_seq OWNER TO almet;

--
-- Name: about_report_id_seq; Type: SEQUENCE OWNED BY; Schema: public; Owner: almet
--

ALTER SEQUENCE public.about_report_id_seq OWNED BY public.about_report.id;


--
-- Name: account_emailaddress; Type: TABLE; Schema: public; Owner: almet
--

CREATE TABLE public.account_emailaddress (
    id integer NOT NULL,
    email character varying(254) NOT NULL,
    verified boolean NOT NULL,
    "primary" boolean NOT NULL,
    user_id integer NOT NULL
);


ALTER TABLE public.account_emailaddress OWNER TO almet;

--
-- Name: account_emailaddress_id_seq; Type: SEQUENCE; Schema: public; Owner: almet
--

CREATE SEQUENCE public.account_emailaddress_id_seq
    START WITH 1
    INCREMENT BY 1
    NO MINVALUE
    NO MAXVALUE
    CACHE 1;


ALTER TABLE public.account_emailaddress_id_seq OWNER TO almet;

--
-- Name: account_emailaddress_id_seq; Type: SEQUENCE OWNED BY; Schema: public; Owner: almet
--

ALTER SEQUENCE public.account_emailaddress_id_seq OWNED BY public.account_emailaddress.id;


--
-- Name: account_emailconfirmation; Type: TABLE; Schema: public; Owner: almet
--

CREATE TABLE public.account_emailconfirmation (
    id integer NOT NULL,
    created timestamp with time zone NOT NULL,
    sent timestamp with time zone,
    key character varying(64) NOT NULL,
    email_address_id integer NOT NULL
);


ALTER TABLE public.account_emailconfirmation OWNER TO almet;

--
-- Name: account_emailconfirmation_id_seq; Type: SEQUENCE; Schema: public; Owner: almet
--

CREATE SEQUENCE public.account_emailconfirmation_id_seq
    START WITH 1
    INCREMENT BY 1
    NO MINVALUE
    NO MAXVALUE
    CACHE 1;


ALTER TABLE public.account_emailconfirmation_id_seq OWNER TO almet;

--
-- Name: account_emailconfirmation_id_seq; Type: SEQUENCE OWNED BY; Schema: public; Owner: almet
--

ALTER SEQUENCE public.account_emailconfirmation_id_seq OWNED BY public.account_emailconfirmation.id;


--
-- Name: auth_group; Type: TABLE; Schema: public; Owner: almet
--

CREATE TABLE public.auth_group (
    id integer NOT NULL,
    name character varying(150) NOT NULL
);


ALTER TABLE public.auth_group OWNER TO almet;

--
-- Name: auth_group_id_seq; Type: SEQUENCE; Schema: public; Owner: almet
--

CREATE SEQUENCE public.auth_group_id_seq
    START WITH 1
    INCREMENT BY 1
    NO MINVALUE
    NO MAXVALUE
    CACHE 1;


ALTER TABLE public.auth_group_id_seq OWNER TO almet;

--
-- Name: auth_group_id_seq; Type: SEQUENCE OWNED BY; Schema: public; Owner: almet
--

ALTER SEQUENCE public.auth_group_id_seq OWNED BY public.auth_group.id;


--
-- Name: auth_group_permissions; Type: TABLE; Schema: public; Owner: almet
--

CREATE TABLE public.auth_group_permissions (
    id integer NOT NULL,
    group_id integer NOT NULL,
    permission_id integer NOT NULL
);


ALTER TABLE public.auth_group_permissions OWNER TO almet;

--
-- Name: auth_group_permissions_id_seq; Type: SEQUENCE; Schema: public; Owner: almet
--

CREATE SEQUENCE public.auth_group_permissions_id_seq
    START WITH 1
    INCREMENT BY 1
    NO MINVALUE
    NO MAXVALUE
    CACHE 1;


ALTER TABLE public.auth_group_permissions_id_seq OWNER TO almet;

--
-- Name: auth_group_permissions_id_seq; Type: SEQUENCE OWNED BY; Schema: public; Owner: almet
--

ALTER SEQUENCE public.auth_group_permissions_id_seq OWNED BY public.auth_group_permissions.id;


--
-- Name: auth_permission; Type: TABLE; Schema: public; Owner: almet
--

CREATE TABLE public.auth_permission (
    id integer NOT NULL,
    name character varying(255) NOT NULL,
    content_type_id integer NOT NULL,
    codename character varying(100) NOT NULL
);


ALTER TABLE public.auth_permission OWNER TO almet;

--
-- Name: auth_permission_id_seq; Type: SEQUENCE; Schema: public; Owner: almet
--

CREATE SEQUENCE public.auth_permission_id_seq
    START WITH 1
    INCREMENT BY 1
    NO MINVALUE
    NO MAXVALUE
    CACHE 1;


ALTER TABLE public.auth_permission_id_seq OWNER TO almet;

--
-- Name: auth_permission_id_seq; Type: SEQUENCE OWNED BY; Schema: public; Owner: almet
--

ALTER SEQUENCE public.auth_permission_id_seq OWNED BY public.auth_permission.id;


--
-- Name: auth_user; Type: TABLE; Schema: public; Owner: almet
--

CREATE TABLE public.auth_user (
    id integer NOT NULL,
    password character varying(128) NOT NULL,
    last_login timestamp with time zone,
    is_superuser boolean NOT NULL,
    username character varying(150) NOT NULL,
    first_name character varying(30) NOT NULL,
    last_name character varying(150) NOT NULL,
    email character varying(254) NOT NULL,
    is_staff boolean NOT NULL,
    is_active boolean NOT NULL,
    date_joined timestamp with time zone NOT NULL
);


ALTER TABLE public.auth_user OWNER TO almet;

--
-- Name: auth_user_groups; Type: TABLE; Schema: public; Owner: almet
--

CREATE TABLE public.auth_user_groups (
    id integer NOT NULL,
    user_id integer NOT NULL,
    group_id integer NOT NULL
);


ALTER TABLE public.auth_user_groups OWNER TO almet;

--
-- Name: auth_user_groups_id_seq; Type: SEQUENCE; Schema: public; Owner: almet
--

CREATE SEQUENCE public.auth_user_groups_id_seq
    START WITH 1
    INCREMENT BY 1
    NO MINVALUE
    NO MAXVALUE
    CACHE 1;


ALTER TABLE public.auth_user_groups_id_seq OWNER TO almet;

--
-- Name: auth_user_groups_id_seq; Type: SEQUENCE OWNED BY; Schema: public; Owner: almet
--

ALTER SEQUENCE public.auth_user_groups_id_seq OWNED BY public.auth_user_groups.id;


--
-- Name: auth_user_id_seq; Type: SEQUENCE; Schema: public; Owner: almet
--

CREATE SEQUENCE public.auth_user_id_seq
    START WITH 1
    INCREMENT BY 1
    NO MINVALUE
    NO MAXVALUE
    CACHE 1;


ALTER TABLE public.auth_user_id_seq OWNER TO almet;

--
-- Name: auth_user_id_seq; Type: SEQUENCE OWNED BY; Schema: public; Owner: almet
--

ALTER SEQUENCE public.auth_user_id_seq OWNED BY public.auth_user.id;


--
-- Name: auth_user_user_permissions; Type: TABLE; Schema: public; Owner: almet
--

CREATE TABLE public.auth_user_user_permissions (
    id integer NOT NULL,
    user_id integer NOT NULL,
    permission_id integer NOT NULL
);


ALTER TABLE public.auth_user_user_permissions OWNER TO almet;

--
-- Name: auth_user_user_permissions_id_seq; Type: SEQUENCE; Schema: public; Owner: almet
--

CREATE SEQUENCE public.auth_user_user_permissions_id_seq
    START WITH 1
    INCREMENT BY 1
    NO MINVALUE
    NO MAXVALUE
    CACHE 1;


ALTER TABLE public.auth_user_user_permissions_id_seq OWNER TO almet;

--
-- Name: auth_user_user_permissions_id_seq; Type: SEQUENCE OWNED BY; Schema: public; Owner: almet
--

ALTER SEQUENCE public.auth_user_user_permissions_id_seq OWNED BY public.auth_user_user_permissions.id;


--
-- Name: authtoken_token; Type: TABLE; Schema: public; Owner: almet
--

CREATE TABLE public.authtoken_token (
    key character varying(40) NOT NULL,
    created timestamp with time zone NOT NULL,
    user_id integer NOT NULL
);


ALTER TABLE public.authtoken_token OWNER TO almet;

--
-- Name: category_category; Type: TABLE; Schema: public; Owner: almet
--

CREATE TABLE public.category_category (
    id integer NOT NULL,
    name character varying(100) NOT NULL,
    "order" smallint NOT NULL,
    CONSTRAINT category_category_order_check CHECK (("order" >= 0))
);


ALTER TABLE public.category_category OWNER TO almet;

--
-- Name: category_category_id_seq; Type: SEQUENCE; Schema: public; Owner: almet
--

CREATE SEQUENCE public.category_category_id_seq
    START WITH 1
    INCREMENT BY 1
    NO MINVALUE
    NO MAXVALUE
    CACHE 1;


ALTER TABLE public.category_category_id_seq OWNER TO almet;

--
-- Name: category_category_id_seq; Type: SEQUENCE OWNED BY; Schema: public; Owner: almet
--

ALTER SEQUENCE public.category_category_id_seq OWNED BY public.category_category.id;


--
-- Name: diary_diary; Type: TABLE; Schema: public; Owner: almet
--

CREATE TABLE public.diary_diary (
    id integer NOT NULL,
    "order" character varying(100) NOT NULL,
    link character varying(500) NOT NULL,
    category_id integer NOT NULL,
    order2 smallint NOT NULL,
    CONSTRAINT diary_diary_order2_check CHECK ((order2 >= 0))
);


ALTER TABLE public.diary_diary OWNER TO almet;

--
-- Name: diary_diary_id_seq; Type: SEQUENCE; Schema: public; Owner: almet
--

CREATE SEQUENCE public.diary_diary_id_seq
    START WITH 1
    INCREMENT BY 1
    NO MINVALUE
    NO MAXVALUE
    CACHE 1;


ALTER TABLE public.diary_diary_id_seq OWNER TO almet;

--
-- Name: diary_diary_id_seq; Type: SEQUENCE OWNED BY; Schema: public; Owner: almet
--

ALTER SEQUENCE public.diary_diary_id_seq OWNED BY public.diary_diary.id;


--
-- Name: diary_diarycategory; Type: TABLE; Schema: public; Owner: almet
--

CREATE TABLE public.diary_diarycategory (
    id integer NOT NULL,
    name character varying(100) NOT NULL,
    "order" smallint NOT NULL,
    CONSTRAINT diary_diarycategory_order_check CHECK (("order" >= 0))
);


ALTER TABLE public.diary_diarycategory OWNER TO almet;

--
-- Name: diary_diarycategory_id_seq; Type: SEQUENCE; Schema: public; Owner: almet
--

CREATE SEQUENCE public.diary_diarycategory_id_seq
    START WITH 1
    INCREMENT BY 1
    NO MINVALUE
    NO MAXVALUE
    CACHE 1;


ALTER TABLE public.diary_diarycategory_id_seq OWNER TO almet;

--
-- Name: diary_diarycategory_id_seq; Type: SEQUENCE OWNED BY; Schema: public; Owner: almet
--

ALTER SEQUENCE public.diary_diarycategory_id_seq OWNED BY public.diary_diarycategory.id;


--
-- Name: django_admin_log; Type: TABLE; Schema: public; Owner: almet
--

CREATE TABLE public.django_admin_log (
    id integer NOT NULL,
    action_time timestamp with time zone NOT NULL,
    object_id text,
    object_repr character varying(200) NOT NULL,
    action_flag smallint NOT NULL,
    change_message text NOT NULL,
    content_type_id integer,
    user_id integer NOT NULL,
    CONSTRAINT django_admin_log_action_flag_check CHECK ((action_flag >= 0))
);


ALTER TABLE public.django_admin_log OWNER TO almet;

--
-- Name: django_admin_log_id_seq; Type: SEQUENCE; Schema: public; Owner: almet
--

CREATE SEQUENCE public.django_admin_log_id_seq
    START WITH 1
    INCREMENT BY 1
    NO MINVALUE
    NO MAXVALUE
    CACHE 1;


ALTER TABLE public.django_admin_log_id_seq OWNER TO almet;

--
-- Name: django_admin_log_id_seq; Type: SEQUENCE OWNED BY; Schema: public; Owner: almet
--

ALTER SEQUENCE public.django_admin_log_id_seq OWNED BY public.django_admin_log.id;


--
-- Name: django_content_type; Type: TABLE; Schema: public; Owner: almet
--

CREATE TABLE public.django_content_type (
    id integer NOT NULL,
    app_label character varying(100) NOT NULL,
    model character varying(100) NOT NULL
);


ALTER TABLE public.django_content_type OWNER TO almet;

--
-- Name: django_content_type_id_seq; Type: SEQUENCE; Schema: public; Owner: almet
--

CREATE SEQUENCE public.django_content_type_id_seq
    START WITH 1
    INCREMENT BY 1
    NO MINVALUE
    NO MAXVALUE
    CACHE 1;


ALTER TABLE public.django_content_type_id_seq OWNER TO almet;

--
-- Name: django_content_type_id_seq; Type: SEQUENCE OWNED BY; Schema: public; Owner: almet
--

ALTER SEQUENCE public.django_content_type_id_seq OWNED BY public.django_content_type.id;


--
-- Name: django_migrations; Type: TABLE; Schema: public; Owner: almet
--

CREATE TABLE public.django_migrations (
    id integer NOT NULL,
    app character varying(255) NOT NULL,
    name character varying(255) NOT NULL,
    applied timestamp with time zone NOT NULL
);


ALTER TABLE public.django_migrations OWNER TO almet;

--
-- Name: django_migrations_id_seq; Type: SEQUENCE; Schema: public; Owner: almet
--

CREATE SEQUENCE public.django_migrations_id_seq
    START WITH 1
    INCREMENT BY 1
    NO MINVALUE
    NO MAXVALUE
    CACHE 1;


ALTER TABLE public.django_migrations_id_seq OWNER TO almet;

--
-- Name: django_migrations_id_seq; Type: SEQUENCE OWNED BY; Schema: public; Owner: almet
--

ALTER SEQUENCE public.django_migrations_id_seq OWNED BY public.django_migrations.id;


--
-- Name: django_session; Type: TABLE; Schema: public; Owner: almet
--

CREATE TABLE public.django_session (
    session_key character varying(40) NOT NULL,
    session_data text NOT NULL,
    expire_date timestamp with time zone NOT NULL
);


ALTER TABLE public.django_session OWNER TO almet;

--
-- Name: django_site; Type: TABLE; Schema: public; Owner: almet
--

CREATE TABLE public.django_site (
    id integer NOT NULL,
    domain character varying(100) NOT NULL,
    name character varying(50) NOT NULL
);


ALTER TABLE public.django_site OWNER TO almet;

--
-- Name: django_site_id_seq; Type: SEQUENCE; Schema: public; Owner: almet
--

CREATE SEQUENCE public.django_site_id_seq
    START WITH 1
    INCREMENT BY 1
    NO MINVALUE
    NO MAXVALUE
    CACHE 1;


ALTER TABLE public.django_site_id_seq OWNER TO almet;

--
-- Name: django_site_id_seq; Type: SEQUENCE OWNED BY; Schema: public; Owner: almet
--

ALTER SEQUENCE public.django_site_id_seq OWNED BY public.django_site.id;


--
-- Name: easy_thumbnails_source; Type: TABLE; Schema: public; Owner: almet
--

CREATE TABLE public.easy_thumbnails_source (
    id integer NOT NULL,
    storage_hash character varying(40) NOT NULL,
    name character varying(255) NOT NULL,
    modified timestamp with time zone NOT NULL
);


ALTER TABLE public.easy_thumbnails_source OWNER TO almet;

--
-- Name: easy_thumbnails_source_id_seq; Type: SEQUENCE; Schema: public; Owner: almet
--

CREATE SEQUENCE public.easy_thumbnails_source_id_seq
    START WITH 1
    INCREMENT BY 1
    NO MINVALUE
    NO MAXVALUE
    CACHE 1;


ALTER TABLE public.easy_thumbnails_source_id_seq OWNER TO almet;

--
-- Name: easy_thumbnails_source_id_seq; Type: SEQUENCE OWNED BY; Schema: public; Owner: almet
--

ALTER SEQUENCE public.easy_thumbnails_source_id_seq OWNED BY public.easy_thumbnails_source.id;


--
-- Name: easy_thumbnails_thumbnail; Type: TABLE; Schema: public; Owner: almet
--

CREATE TABLE public.easy_thumbnails_thumbnail (
    id integer NOT NULL,
    storage_hash character varying(40) NOT NULL,
    name character varying(255) NOT NULL,
    modified timestamp with time zone NOT NULL,
    source_id integer NOT NULL
);


ALTER TABLE public.easy_thumbnails_thumbnail OWNER TO almet;

--
-- Name: easy_thumbnails_thumbnail_id_seq; Type: SEQUENCE; Schema: public; Owner: almet
--

CREATE SEQUENCE public.easy_thumbnails_thumbnail_id_seq
    START WITH 1
    INCREMENT BY 1
    NO MINVALUE
    NO MAXVALUE
    CACHE 1;


ALTER TABLE public.easy_thumbnails_thumbnail_id_seq OWNER TO almet;

--
-- Name: easy_thumbnails_thumbnail_id_seq; Type: SEQUENCE OWNED BY; Schema: public; Owner: almet
--

ALTER SEQUENCE public.easy_thumbnails_thumbnail_id_seq OWNED BY public.easy_thumbnails_thumbnail.id;


--
-- Name: easy_thumbnails_thumbnaildimensions; Type: TABLE; Schema: public; Owner: almet
--

CREATE TABLE public.easy_thumbnails_thumbnaildimensions (
    id integer NOT NULL,
    thumbnail_id integer NOT NULL,
    width integer,
    height integer,
    CONSTRAINT easy_thumbnails_thumbnaildimensions_height_check CHECK ((height >= 0)),
    CONSTRAINT easy_thumbnails_thumbnaildimensions_width_check CHECK ((width >= 0))
);


ALTER TABLE public.easy_thumbnails_thumbnaildimensions OWNER TO almet;

--
-- Name: easy_thumbnails_thumbnaildimensions_id_seq; Type: SEQUENCE; Schema: public; Owner: almet
--

CREATE SEQUENCE public.easy_thumbnails_thumbnaildimensions_id_seq
    START WITH 1
    INCREMENT BY 1
    NO MINVALUE
    NO MAXVALUE
    CACHE 1;


ALTER TABLE public.easy_thumbnails_thumbnaildimensions_id_seq OWNER TO almet;

--
-- Name: easy_thumbnails_thumbnaildimensions_id_seq; Type: SEQUENCE OWNED BY; Schema: public; Owner: almet
--

ALTER SEQUENCE public.easy_thumbnails_thumbnaildimensions_id_seq OWNED BY public.easy_thumbnails_thumbnaildimensions.id;


--
-- Name: guestbook_guestbook; Type: TABLE; Schema: public; Owner: almet
--

CREATE TABLE public.guestbook_guestbook (
    id integer NOT NULL,
    posted timestamp with time zone NOT NULL,
    user_id integer,
    content2 text
);


ALTER TABLE public.guestbook_guestbook OWNER TO almet;

--
-- Name: guestbook_guestbook_id_seq; Type: SEQUENCE; Schema: public; Owner: almet
--

CREATE SEQUENCE public.guestbook_guestbook_id_seq
    START WITH 1
    INCREMENT BY 1
    NO MINVALUE
    NO MAXVALUE
    CACHE 1;


ALTER TABLE public.guestbook_guestbook_id_seq OWNER TO almet;

--
-- Name: guestbook_guestbook_id_seq; Type: SEQUENCE OWNED BY; Schema: public; Owner: almet
--

ALTER SEQUENCE public.guestbook_guestbook_id_seq OWNED BY public.guestbook_guestbook.id;


--
-- Name: main_feedback; Type: TABLE; Schema: public; Owner: almet
--

CREATE TABLE public.main_feedback (
    id integer NOT NULL,
    name character varying(50) NOT NULL,
    email character varying(254) NOT NULL,
    message text NOT NULL
);


ALTER TABLE public.main_feedback OWNER TO almet;

--
-- Name: main_feedback_id_seq; Type: SEQUENCE; Schema: public; Owner: almet
--

CREATE SEQUENCE public.main_feedback_id_seq
    START WITH 1
    INCREMENT BY 1
    NO MINVALUE
    NO MAXVALUE
    CACHE 1;


ALTER TABLE public.main_feedback_id_seq OWNER TO almet;

--
-- Name: main_feedback_id_seq; Type: SEQUENCE OWNED BY; Schema: public; Owner: almet
--

ALTER SEQUENCE public.main_feedback_id_seq OWNED BY public.main_feedback.id;


--
-- Name: main_likedislike; Type: TABLE; Schema: public; Owner: almet
--

CREATE TABLE public.main_likedislike (
    id integer NOT NULL,
    vote smallint NOT NULL,
    object_id integer NOT NULL,
    content_type_id integer NOT NULL,
    user_id integer NOT NULL,
    CONSTRAINT main_likedislike_object_id_check CHECK ((object_id >= 0))
);


ALTER TABLE public.main_likedislike OWNER TO almet;

--
-- Name: main_likedislike_id_seq; Type: SEQUENCE; Schema: public; Owner: almet
--

CREATE SEQUENCE public.main_likedislike_id_seq
    START WITH 1
    INCREMENT BY 1
    NO MINVALUE
    NO MAXVALUE
    CACHE 1;


ALTER TABLE public.main_likedislike_id_seq OWNER TO almet;

--
-- Name: main_likedislike_id_seq; Type: SEQUENCE OWNED BY; Schema: public; Owner: almet
--

ALTER SEQUENCE public.main_likedislike_id_seq OWNED BY public.main_likedislike.id;


--
-- Name: movies2_comment; Type: TABLE; Schema: public; Owner: almet
--

CREATE TABLE public.movies2_comment (
    id integer NOT NULL,
    path integer[] NOT NULL,
    content text NOT NULL,
    posted timestamp with time zone NOT NULL,
    article_id_id integer NOT NULL,
    author_id_id integer NOT NULL
);


ALTER TABLE public.movies2_comment OWNER TO almet;

--
-- Name: movies2_comment_id_seq; Type: SEQUENCE; Schema: public; Owner: almet
--

CREATE SEQUENCE public.movies2_comment_id_seq
    START WITH 1
    INCREMENT BY 1
    NO MINVALUE
    NO MAXVALUE
    CACHE 1;


ALTER TABLE public.movies2_comment_id_seq OWNER TO almet;

--
-- Name: movies2_comment_id_seq; Type: SEQUENCE OWNED BY; Schema: public; Owner: almet
--

ALTER SEQUENCE public.movies2_comment_id_seq OWNED BY public.movies2_comment.id;


--
-- Name: movies2_movie; Type: TABLE; Schema: public; Owner: almet
--

CREATE TABLE public.movies2_movie (
    id integer NOT NULL,
    title character varying(100) NOT NULL,
    description character varying(300) NOT NULL,
    content text NOT NULL,
    link character varying(200),
    posted timestamp with time zone NOT NULL,
    views integer NOT NULL,
    image character varying(100) NOT NULL,
    category_id integer NOT NULL,
    user_id integer
);


ALTER TABLE public.movies2_movie OWNER TO almet;

--
-- Name: movies2_movie_id_seq; Type: SEQUENCE; Schema: public; Owner: almet
--

CREATE SEQUENCE public.movies2_movie_id_seq
    START WITH 1
    INCREMENT BY 1
    NO MINVALUE
    NO MAXVALUE
    CACHE 1;


ALTER TABLE public.movies2_movie_id_seq OWNER TO almet;

--
-- Name: movies2_movie_id_seq; Type: SEQUENCE OWNED BY; Schema: public; Owner: almet
--

ALTER SEQUENCE public.movies2_movie_id_seq OWNED BY public.movies2_movie.id;


--
-- Name: movies_movie; Type: TABLE; Schema: public; Owner: almet
--

CREATE TABLE public.movies_movie (
    id integer NOT NULL,
    title character varying(100) NOT NULL,
    description character varying(300) NOT NULL,
    content text NOT NULL,
    link character varying(200),
    posted timestamp with time zone NOT NULL,
    views integer NOT NULL,
    image character varying(100) NOT NULL,
    category_id integer NOT NULL,
    user_id integer NOT NULL
);


ALTER TABLE public.movies_movie OWNER TO almet;

--
-- Name: movies_movie_id_seq; Type: SEQUENCE; Schema: public; Owner: almet
--

CREATE SEQUENCE public.movies_movie_id_seq
    START WITH 1
    INCREMENT BY 1
    NO MINVALUE
    NO MAXVALUE
    CACHE 1;


ALTER TABLE public.movies_movie_id_seq OWNER TO almet;

--
-- Name: movies_movie_id_seq; Type: SEQUENCE OWNED BY; Schema: public; Owner: almet
--

ALTER SEQUENCE public.movies_movie_id_seq OWNED BY public.movies_movie.id;


--
-- Name: news2_new; Type: TABLE; Schema: public; Owner: almet
--

CREATE TABLE public.news2_new (
    id integer NOT NULL,
    title character varying(100) NOT NULL,
    description character varying(300) NOT NULL,
    content text NOT NULL,
    posted timestamp with time zone NOT NULL,
    image character varying(100) NOT NULL,
    views integer NOT NULL,
    user_id integer
);


ALTER TABLE public.news2_new OWNER TO almet;

--
-- Name: news2_new_id_seq; Type: SEQUENCE; Schema: public; Owner: almet
--

CREATE SEQUENCE public.news2_new_id_seq
    START WITH 1
    INCREMENT BY 1
    NO MINVALUE
    NO MAXVALUE
    CACHE 1;


ALTER TABLE public.news2_new_id_seq OWNER TO almet;

--
-- Name: news2_new_id_seq; Type: SEQUENCE OWNED BY; Schema: public; Owner: almet
--

ALTER SEQUENCE public.news2_new_id_seq OWNED BY public.news2_new.id;


--
-- Name: news_new; Type: TABLE; Schema: public; Owner: almet
--

CREATE TABLE public.news_new (
    id integer NOT NULL,
    title character varying(100) NOT NULL,
    description character varying(300) NOT NULL,
    content text NOT NULL,
    posted timestamp with time zone NOT NULL,
    image character varying(100) NOT NULL,
    "user" character varying(100) NOT NULL,
    views integer NOT NULL,
    user_id integer NOT NULL
);


ALTER TABLE public.news_new OWNER TO almet;

--
-- Name: news_new_id_seq; Type: SEQUENCE; Schema: public; Owner: almet
--

CREATE SEQUENCE public.news_new_id_seq
    START WITH 1
    INCREMENT BY 1
    NO MINVALUE
    NO MAXVALUE
    CACHE 1;


ALTER TABLE public.news_new_id_seq OWNER TO almet;

--
-- Name: news_new_id_seq; Type: SEQUENCE OWNED BY; Schema: public; Owner: almet
--

ALTER SEQUENCE public.news_new_id_seq OWNED BY public.news_new.id;


--
-- Name: profiles_userprofile; Type: TABLE; Schema: public; Owner: almet
--

CREATE TABLE public.profiles_userprofile (
    id integer NOT NULL,
    email character varying(254),
    last_activity timestamp with time zone NOT NULL,
    avatar character varying(100) NOT NULL,
    user_id integer
);


ALTER TABLE public.profiles_userprofile OWNER TO almet;

--
-- Name: profiles_userprofile_id_seq; Type: SEQUENCE; Schema: public; Owner: almet
--

CREATE SEQUENCE public.profiles_userprofile_id_seq
    START WITH 1
    INCREMENT BY 1
    NO MINVALUE
    NO MAXVALUE
    CACHE 1;


ALTER TABLE public.profiles_userprofile_id_seq OWNER TO almet;

--
-- Name: profiles_userprofile_id_seq; Type: SEQUENCE OWNED BY; Schema: public; Owner: almet
--

ALTER SEQUENCE public.profiles_userprofile_id_seq OWNED BY public.profiles_userprofile.id;


--
-- Name: socialaccount_socialaccount; Type: TABLE; Schema: public; Owner: almet
--

CREATE TABLE public.socialaccount_socialaccount (
    id integer NOT NULL,
    provider character varying(30) NOT NULL,
    uid character varying(191) NOT NULL,
    last_login timestamp with time zone NOT NULL,
    date_joined timestamp with time zone NOT NULL,
    extra_data text NOT NULL,
    user_id integer NOT NULL
);


ALTER TABLE public.socialaccount_socialaccount OWNER TO almet;

--
-- Name: socialaccount_socialaccount_id_seq; Type: SEQUENCE; Schema: public; Owner: almet
--

CREATE SEQUENCE public.socialaccount_socialaccount_id_seq
    START WITH 1
    INCREMENT BY 1
    NO MINVALUE
    NO MAXVALUE
    CACHE 1;


ALTER TABLE public.socialaccount_socialaccount_id_seq OWNER TO almet;

--
-- Name: socialaccount_socialaccount_id_seq; Type: SEQUENCE OWNED BY; Schema: public; Owner: almet
--

ALTER SEQUENCE public.socialaccount_socialaccount_id_seq OWNED BY public.socialaccount_socialaccount.id;


--
-- Name: socialaccount_socialapp; Type: TABLE; Schema: public; Owner: almet
--

CREATE TABLE public.socialaccount_socialapp (
    id integer NOT NULL,
    provider character varying(30) NOT NULL,
    name character varying(40) NOT NULL,
    client_id character varying(191) NOT NULL,
    secret character varying(191) NOT NULL,
    key character varying(191) NOT NULL
);


ALTER TABLE public.socialaccount_socialapp OWNER TO almet;

--
-- Name: socialaccount_socialapp_id_seq; Type: SEQUENCE; Schema: public; Owner: almet
--

CREATE SEQUENCE public.socialaccount_socialapp_id_seq
    START WITH 1
    INCREMENT BY 1
    NO MINVALUE
    NO MAXVALUE
    CACHE 1;


ALTER TABLE public.socialaccount_socialapp_id_seq OWNER TO almet;

--
-- Name: socialaccount_socialapp_id_seq; Type: SEQUENCE OWNED BY; Schema: public; Owner: almet
--

ALTER SEQUENCE public.socialaccount_socialapp_id_seq OWNED BY public.socialaccount_socialapp.id;


--
-- Name: socialaccount_socialapp_sites; Type: TABLE; Schema: public; Owner: almet
--

CREATE TABLE public.socialaccount_socialapp_sites (
    id integer NOT NULL,
    socialapp_id integer NOT NULL,
    site_id integer NOT NULL
);


ALTER TABLE public.socialaccount_socialapp_sites OWNER TO almet;

--
-- Name: socialaccount_socialapp_sites_id_seq; Type: SEQUENCE; Schema: public; Owner: almet
--

CREATE SEQUENCE public.socialaccount_socialapp_sites_id_seq
    START WITH 1
    INCREMENT BY 1
    NO MINVALUE
    NO MAXVALUE
    CACHE 1;


ALTER TABLE public.socialaccount_socialapp_sites_id_seq OWNER TO almet;

--
-- Name: socialaccount_socialapp_sites_id_seq; Type: SEQUENCE OWNED BY; Schema: public; Owner: almet
--

ALTER SEQUENCE public.socialaccount_socialapp_sites_id_seq OWNED BY public.socialaccount_socialapp_sites.id;


--
-- Name: socialaccount_socialtoken; Type: TABLE; Schema: public; Owner: almet
--

CREATE TABLE public.socialaccount_socialtoken (
    id integer NOT NULL,
    token text NOT NULL,
    token_secret text NOT NULL,
    expires_at timestamp with time zone,
    account_id integer NOT NULL,
    app_id integer NOT NULL
);


ALTER TABLE public.socialaccount_socialtoken OWNER TO almet;

--
-- Name: socialaccount_socialtoken_id_seq; Type: SEQUENCE; Schema: public; Owner: almet
--

CREATE SEQUENCE public.socialaccount_socialtoken_id_seq
    START WITH 1
    INCREMENT BY 1
    NO MINVALUE
    NO MAXVALUE
    CACHE 1;


ALTER TABLE public.socialaccount_socialtoken_id_seq OWNER TO almet;

--
-- Name: socialaccount_socialtoken_id_seq; Type: SEQUENCE OWNED BY; Schema: public; Owner: almet
--

ALTER SEQUENCE public.socialaccount_socialtoken_id_seq OWNED BY public.socialaccount_socialtoken.id;


--
-- Name: taggit_tag; Type: TABLE; Schema: public; Owner: almet
--

CREATE TABLE public.taggit_tag (
    id integer NOT NULL,
    name character varying(100) NOT NULL,
    slug character varying(100) NOT NULL
);


ALTER TABLE public.taggit_tag OWNER TO almet;

--
-- Name: taggit_tag_id_seq; Type: SEQUENCE; Schema: public; Owner: almet
--

CREATE SEQUENCE public.taggit_tag_id_seq
    START WITH 1
    INCREMENT BY 1
    NO MINVALUE
    NO MAXVALUE
    CACHE 1;


ALTER TABLE public.taggit_tag_id_seq OWNER TO almet;

--
-- Name: taggit_tag_id_seq; Type: SEQUENCE OWNED BY; Schema: public; Owner: almet
--

ALTER SEQUENCE public.taggit_tag_id_seq OWNED BY public.taggit_tag.id;


--
-- Name: taggit_taggeditem; Type: TABLE; Schema: public; Owner: almet
--

CREATE TABLE public.taggit_taggeditem (
    id integer NOT NULL,
    object_id integer NOT NULL,
    content_type_id integer NOT NULL,
    tag_id integer NOT NULL
);


ALTER TABLE public.taggit_taggeditem OWNER TO almet;

--
-- Name: taggit_taggeditem_id_seq; Type: SEQUENCE; Schema: public; Owner: almet
--

CREATE SEQUENCE public.taggit_taggeditem_id_seq
    START WITH 1
    INCREMENT BY 1
    NO MINVALUE
    NO MAXVALUE
    CACHE 1;


ALTER TABLE public.taggit_taggeditem_id_seq OWNER TO almet;

--
-- Name: taggit_taggeditem_id_seq; Type: SEQUENCE OWNED BY; Schema: public; Owner: almet
--

ALTER SEQUENCE public.taggit_taggeditem_id_seq OWNED BY public.taggit_taggeditem.id;


--
-- Name: Комментарии; Type: TABLE; Schema: public; Owner: almet
--

CREATE TABLE public."Комментарии" (
    id integer NOT NULL,
    path integer[] NOT NULL,
    content text NOT NULL,
    posted timestamp with time zone NOT NULL,
    article_id_id integer NOT NULL,
    author_id_id integer NOT NULL
);


ALTER TABLE public."Комментарии" OWNER TO almet;

--
-- Name: Комментарии к новости; Type: TABLE; Schema: public; Owner: almet
--

CREATE TABLE public."Комментарии к новости" (
    id integer NOT NULL,
    path integer[] NOT NULL,
    content text NOT NULL,
    posted timestamp with time zone NOT NULL,
    article_id_id integer NOT NULL,
    author_id_id integer NOT NULL
);


ALTER TABLE public."Комментарии к новости" OWNER TO almet;

--
-- Name: Комментарии к новости_id_seq; Type: SEQUENCE; Schema: public; Owner: almet
--

CREATE SEQUENCE public."Комментарии к новости_id_seq"
    START WITH 1
    INCREMENT BY 1
    NO MINVALUE
    NO MAXVALUE
    CACHE 1;


ALTER TABLE public."Комментарии к новости_id_seq" OWNER TO almet;

--
-- Name: Комментарии к новости_id_seq; Type: SEQUENCE OWNED BY; Schema: public; Owner: almet
--

ALTER SEQUENCE public."Комментарии к новости_id_seq" OWNED BY public."Комментарии к новости".id;


--
-- Name: Комментарии к новостям; Type: TABLE; Schema: public; Owner: almet
--

CREATE TABLE public."Комментарии к новостям" (
    id integer NOT NULL,
    path integer[] NOT NULL,
    content text NOT NULL,
    posted timestamp with time zone NOT NULL,
    article_id_id integer NOT NULL,
    author_id_id integer NOT NULL
);


ALTER TABLE public."Комментарии к новостям" OWNER TO almet;

--
-- Name: Комментарии к новостям_id_seq; Type: SEQUENCE; Schema: public; Owner: almet
--

CREATE SEQUENCE public."Комментарии к новостям_id_seq"
    START WITH 1
    INCREMENT BY 1
    NO MINVALUE
    NO MAXVALUE
    CACHE 1;


ALTER TABLE public."Комментарии к новостям_id_seq" OWNER TO almet;

--
-- Name: Комментарии к новостям_id_seq; Type: SEQUENCE OWNED BY; Schema: public; Owner: almet
--

ALTER SEQUENCE public."Комментарии к новостям_id_seq" OWNED BY public."Комментарии к новостям".id;


--
-- Name: Комментарии_id_seq; Type: SEQUENCE; Schema: public; Owner: almet
--

CREATE SEQUENCE public."Комментарии_id_seq"
    START WITH 1
    INCREMENT BY 1
    NO MINVALUE
    NO MAXVALUE
    CACHE 1;


ALTER TABLE public."Комментарии_id_seq" OWNER TO almet;

--
-- Name: Комментарии_id_seq; Type: SEQUENCE OWNED BY; Schema: public; Owner: almet
--

ALTER SEQUENCE public."Комментарии_id_seq" OWNED BY public."Комментарии".id;


--
-- Name: id; Type: DEFAULT; Schema: public; Owner: almet
--

ALTER TABLE ONLY public.about_report ALTER COLUMN id SET DEFAULT nextval('public.about_report_id_seq'::regclass);


--
-- Name: id; Type: DEFAULT; Schema: public; Owner: almet
--

ALTER TABLE ONLY public.account_emailaddress ALTER COLUMN id SET DEFAULT nextval('public.account_emailaddress_id_seq'::regclass);


--
-- Name: id; Type: DEFAULT; Schema: public; Owner: almet
--

ALTER TABLE ONLY public.account_emailconfirmation ALTER COLUMN id SET DEFAULT nextval('public.account_emailconfirmation_id_seq'::regclass);


--
-- Name: id; Type: DEFAULT; Schema: public; Owner: almet
--

ALTER TABLE ONLY public.auth_group ALTER COLUMN id SET DEFAULT nextval('public.auth_group_id_seq'::regclass);


--
-- Name: id; Type: DEFAULT; Schema: public; Owner: almet
--

ALTER TABLE ONLY public.auth_group_permissions ALTER COLUMN id SET DEFAULT nextval('public.auth_group_permissions_id_seq'::regclass);


--
-- Name: id; Type: DEFAULT; Schema: public; Owner: almet
--

ALTER TABLE ONLY public.auth_permission ALTER COLUMN id SET DEFAULT nextval('public.auth_permission_id_seq'::regclass);


--
-- Name: id; Type: DEFAULT; Schema: public; Owner: almet
--

ALTER TABLE ONLY public.auth_user ALTER COLUMN id SET DEFAULT nextval('public.auth_user_id_seq'::regclass);


--
-- Name: id; Type: DEFAULT; Schema: public; Owner: almet
--

ALTER TABLE ONLY public.auth_user_groups ALTER COLUMN id SET DEFAULT nextval('public.auth_user_groups_id_seq'::regclass);


--
-- Name: id; Type: DEFAULT; Schema: public; Owner: almet
--

ALTER TABLE ONLY public.auth_user_user_permissions ALTER COLUMN id SET DEFAULT nextval('public.auth_user_user_permissions_id_seq'::regclass);


--
-- Name: id; Type: DEFAULT; Schema: public; Owner: almet
--

ALTER TABLE ONLY public.category_category ALTER COLUMN id SET DEFAULT nextval('public.category_category_id_seq'::regclass);


--
-- Name: id; Type: DEFAULT; Schema: public; Owner: almet
--

ALTER TABLE ONLY public.diary_diary ALTER COLUMN id SET DEFAULT nextval('public.diary_diary_id_seq'::regclass);


--
-- Name: id; Type: DEFAULT; Schema: public; Owner: almet
--

ALTER TABLE ONLY public.diary_diarycategory ALTER COLUMN id SET DEFAULT nextval('public.diary_diarycategory_id_seq'::regclass);


--
-- Name: id; Type: DEFAULT; Schema: public; Owner: almet
--

ALTER TABLE ONLY public.django_admin_log ALTER COLUMN id SET DEFAULT nextval('public.django_admin_log_id_seq'::regclass);


--
-- Name: id; Type: DEFAULT; Schema: public; Owner: almet
--

ALTER TABLE ONLY public.django_content_type ALTER COLUMN id SET DEFAULT nextval('public.django_content_type_id_seq'::regclass);


--
-- Name: id; Type: DEFAULT; Schema: public; Owner: almet
--

ALTER TABLE ONLY public.django_migrations ALTER COLUMN id SET DEFAULT nextval('public.django_migrations_id_seq'::regclass);


--
-- Name: id; Type: DEFAULT; Schema: public; Owner: almet
--

ALTER TABLE ONLY public.django_site ALTER COLUMN id SET DEFAULT nextval('public.django_site_id_seq'::regclass);


--
-- Name: id; Type: DEFAULT; Schema: public; Owner: almet
--

ALTER TABLE ONLY public.easy_thumbnails_source ALTER COLUMN id SET DEFAULT nextval('public.easy_thumbnails_source_id_seq'::regclass);


--
-- Name: id; Type: DEFAULT; Schema: public; Owner: almet
--

ALTER TABLE ONLY public.easy_thumbnails_thumbnail ALTER COLUMN id SET DEFAULT nextval('public.easy_thumbnails_thumbnail_id_seq'::regclass);


--
-- Name: id; Type: DEFAULT; Schema: public; Owner: almet
--

ALTER TABLE ONLY public.easy_thumbnails_thumbnaildimensions ALTER COLUMN id SET DEFAULT nextval('public.easy_thumbnails_thumbnaildimensions_id_seq'::regclass);


--
-- Name: id; Type: DEFAULT; Schema: public; Owner: almet
--

ALTER TABLE ONLY public.guestbook_guestbook ALTER COLUMN id SET DEFAULT nextval('public.guestbook_guestbook_id_seq'::regclass);


--
-- Name: id; Type: DEFAULT; Schema: public; Owner: almet
--

ALTER TABLE ONLY public.main_feedback ALTER COLUMN id SET DEFAULT nextval('public.main_feedback_id_seq'::regclass);


--
-- Name: id; Type: DEFAULT; Schema: public; Owner: almet
--

ALTER TABLE ONLY public.main_likedislike ALTER COLUMN id SET DEFAULT nextval('public.main_likedislike_id_seq'::regclass);


--
-- Name: id; Type: DEFAULT; Schema: public; Owner: almet
--

ALTER TABLE ONLY public.movies2_comment ALTER COLUMN id SET DEFAULT nextval('public.movies2_comment_id_seq'::regclass);


--
-- Name: id; Type: DEFAULT; Schema: public; Owner: almet
--

ALTER TABLE ONLY public.movies2_movie ALTER COLUMN id SET DEFAULT nextval('public.movies2_movie_id_seq'::regclass);


--
-- Name: id; Type: DEFAULT; Schema: public; Owner: almet
--

ALTER TABLE ONLY public.movies_movie ALTER COLUMN id SET DEFAULT nextval('public.movies_movie_id_seq'::regclass);


--
-- Name: id; Type: DEFAULT; Schema: public; Owner: almet
--

ALTER TABLE ONLY public.news2_new ALTER COLUMN id SET DEFAULT nextval('public.news2_new_id_seq'::regclass);


--
-- Name: id; Type: DEFAULT; Schema: public; Owner: almet
--

ALTER TABLE ONLY public.news_new ALTER COLUMN id SET DEFAULT nextval('public.news_new_id_seq'::regclass);


--
-- Name: id; Type: DEFAULT; Schema: public; Owner: almet
--

ALTER TABLE ONLY public.profiles_userprofile ALTER COLUMN id SET DEFAULT nextval('public.profiles_userprofile_id_seq'::regclass);


--
-- Name: id; Type: DEFAULT; Schema: public; Owner: almet
--

ALTER TABLE ONLY public.socialaccount_socialaccount ALTER COLUMN id SET DEFAULT nextval('public.socialaccount_socialaccount_id_seq'::regclass);


--
-- Name: id; Type: DEFAULT; Schema: public; Owner: almet
--

ALTER TABLE ONLY public.socialaccount_socialapp ALTER COLUMN id SET DEFAULT nextval('public.socialaccount_socialapp_id_seq'::regclass);


--
-- Name: id; Type: DEFAULT; Schema: public; Owner: almet
--

ALTER TABLE ONLY public.socialaccount_socialapp_sites ALTER COLUMN id SET DEFAULT nextval('public.socialaccount_socialapp_sites_id_seq'::regclass);


--
-- Name: id; Type: DEFAULT; Schema: public; Owner: almet
--

ALTER TABLE ONLY public.socialaccount_socialtoken ALTER COLUMN id SET DEFAULT nextval('public.socialaccount_socialtoken_id_seq'::regclass);


--
-- Name: id; Type: DEFAULT; Schema: public; Owner: almet
--

ALTER TABLE ONLY public.taggit_tag ALTER COLUMN id SET DEFAULT nextval('public.taggit_tag_id_seq'::regclass);


--
-- Name: id; Type: DEFAULT; Schema: public; Owner: almet
--

ALTER TABLE ONLY public.taggit_taggeditem ALTER COLUMN id SET DEFAULT nextval('public.taggit_taggeditem_id_seq'::regclass);


--
-- Name: id; Type: DEFAULT; Schema: public; Owner: almet
--

ALTER TABLE ONLY public."Комментарии" ALTER COLUMN id SET DEFAULT nextval('public."Комментарии_id_seq"'::regclass);


--
-- Name: id; Type: DEFAULT; Schema: public; Owner: almet
--

ALTER TABLE ONLY public."Комментарии к новости" ALTER COLUMN id SET DEFAULT nextval('public."Комментарии к новости_id_seq"'::regclass);


--
-- Name: id; Type: DEFAULT; Schema: public; Owner: almet
--

ALTER TABLE ONLY public."Комментарии к новостям" ALTER COLUMN id SET DEFAULT nextval('public."Комментарии к новостям_id_seq"'::regclass);


--
-- Data for Name: about_report; Type: TABLE DATA; Schema: public; Owner: almet
--

COPY public.about_report (id, plus, minus, description, posted, money) FROM stdin;
3	t	f	Получен грант для реализации проекта "Здоровый выбор"	2019-08-07 15:16:12+00	1567800
4	t	f	Собрано на проект "Новое авто клубу"	2019-08-20 15:34:49+00	80000
5	f	t	Куплен автомобиль для нужд клуба	2019-08-23 15:38:55+00	765000
6	t	f	Собрано средств на доп оборудование	2019-08-28 15:39:47+00	80000
7	f	t	На доп оборудование	2019-08-28 15:43:33+00	80000
8	f	t	Ежемесячные расходы	2019-09-10 15:43:52+00	57000
9	f	t	израсходовано из средств гранта	2019-10-10 15:44:33+00	57000
11	t	f	пожертвование Фонду	2019-10-10 15:46:05+00	45000
10	f	t	закупка мягкой мебели для клуба	2019-10-10 15:45:31+00	25000
\.


--
-- Name: about_report_id_seq; Type: SEQUENCE SET; Schema: public; Owner: almet
--

SELECT pg_catalog.setval('public.about_report_id_seq', 11, true);


--
-- Data for Name: account_emailaddress; Type: TABLE DATA; Schema: public; Owner: almet
--

COPY public.account_emailaddress (id, email, verified, "primary", user_id) FROM stdin;
\.


--
-- Name: account_emailaddress_id_seq; Type: SEQUENCE SET; Schema: public; Owner: almet
--

SELECT pg_catalog.setval('public.account_emailaddress_id_seq', 1, false);


--
-- Data for Name: account_emailconfirmation; Type: TABLE DATA; Schema: public; Owner: almet
--

COPY public.account_emailconfirmation (id, created, sent, key, email_address_id) FROM stdin;
\.


--
-- Name: account_emailconfirmation_id_seq; Type: SEQUENCE SET; Schema: public; Owner: almet
--

SELECT pg_catalog.setval('public.account_emailconfirmation_id_seq', 1, false);


--
-- Data for Name: auth_group; Type: TABLE DATA; Schema: public; Owner: almet
--

COPY public.auth_group (id, name) FROM stdin;
\.


--
-- Name: auth_group_id_seq; Type: SEQUENCE SET; Schema: public; Owner: almet
--

SELECT pg_catalog.setval('public.auth_group_id_seq', 1, false);


--
-- Data for Name: auth_group_permissions; Type: TABLE DATA; Schema: public; Owner: almet
--

COPY public.auth_group_permissions (id, group_id, permission_id) FROM stdin;
\.


--
-- Name: auth_group_permissions_id_seq; Type: SEQUENCE SET; Schema: public; Owner: almet
--

SELECT pg_catalog.setval('public.auth_group_permissions_id_seq', 1, false);


--
-- Data for Name: auth_permission; Type: TABLE DATA; Schema: public; Owner: almet
--

COPY public.auth_permission (id, name, content_type_id, codename) FROM stdin;
1	Can add log entry	1	add_logentry
2	Can change log entry	1	change_logentry
3	Can delete log entry	1	delete_logentry
4	Can view log entry	1	view_logentry
5	Can add group	3	add_group
6	Can change group	3	change_group
7	Can delete group	3	delete_group
8	Can view group	3	view_group
9	Can add user	4	add_user
10	Can change user	4	change_user
11	Can delete user	4	delete_user
12	Can view user	4	view_user
13	Can add permission	2	add_permission
14	Can change permission	2	change_permission
15	Can delete permission	2	delete_permission
16	Can view permission	2	view_permission
17	Can add content type	5	add_contenttype
18	Can change content type	5	change_contenttype
19	Can delete content type	5	delete_contenttype
20	Can view content type	5	view_contenttype
21	Can add session	6	add_session
22	Can change session	6	change_session
23	Can delete session	6	delete_session
24	Can view session	6	view_session
25	Can add site	7	add_site
26	Can change site	7	change_site
27	Can delete site	7	delete_site
28	Can view site	7	view_site
29	Can add Token	8	add_token
30	Can change Token	8	change_token
31	Can delete Token	8	delete_token
32	Can view Token	8	view_token
33	Can add плейлист	9	add_category
34	Can change плейлист	9	change_category
35	Can delete плейлист	9	delete_category
36	Can view плейлист	9	view_category
37	Can add Сообщение с формы связи	11	add_feedback
38	Can change Сообщение с формы связи	11	change_feedback
39	Can delete Сообщение с формы связи	11	delete_feedback
40	Can view Сообщение с формы связи	11	view_feedback
41	Can add like dislike	10	add_likedislike
42	Can change like dislike	10	change_likedislike
43	Can delete like dislike	10	delete_likedislike
44	Can view like dislike	10	view_likedislike
45	Can add thumbnail dimensions	12	add_thumbnaildimensions
46	Can change thumbnail dimensions	12	change_thumbnaildimensions
47	Can delete thumbnail dimensions	12	delete_thumbnaildimensions
48	Can view thumbnail dimensions	12	view_thumbnaildimensions
49	Can add thumbnail	14	add_thumbnail
50	Can change thumbnail	14	change_thumbnail
51	Can delete thumbnail	14	delete_thumbnail
52	Can view thumbnail	14	view_thumbnail
53	Can add source	13	add_source
54	Can change source	13	change_source
55	Can delete source	13	delete_source
56	Can view source	13	view_source
57	Can add ролик	15	add_movie
58	Can change ролик	15	change_movie
59	Can delete ролик	15	delete_movie
60	Can view ролик	15	view_movie
61	Can add comment	16	add_comment
62	Can change comment	16	change_comment
63	Can delete comment	16	delete_comment
64	Can view comment	16	view_comment
65	Can add Tagged Item	17	add_taggeditem
66	Can change Tagged Item	17	change_taggeditem
67	Can delete Tagged Item	17	delete_taggeditem
68	Can view Tagged Item	17	view_taggeditem
69	Can add Tag	18	add_tag
70	Can change Tag	18	change_tag
71	Can delete Tag	18	delete_tag
72	Can view Tag	18	view_tag
73	Can add email confirmation	20	add_emailconfirmation
74	Can change email confirmation	20	change_emailconfirmation
75	Can delete email confirmation	20	delete_emailconfirmation
76	Can view email confirmation	20	view_emailconfirmation
77	Can add email address	19	add_emailaddress
78	Can change email address	19	change_emailaddress
79	Can delete email address	19	delete_emailaddress
80	Can view email address	19	view_emailaddress
81	Can add social application	21	add_socialapp
82	Can change social application	21	change_socialapp
83	Can delete social application	21	delete_socialapp
84	Can view social application	21	view_socialapp
85	Can add social account	23	add_socialaccount
86	Can change social account	23	change_socialaccount
87	Can delete social account	23	delete_socialaccount
88	Can view social account	23	view_socialaccount
89	Can add social application token	22	add_socialtoken
90	Can change social application token	22	change_socialtoken
91	Can delete social application token	22	delete_socialtoken
92	Can view social application token	22	view_socialtoken
93	Can add user profile	24	add_userprofile
94	Can change user profile	24	change_userprofile
95	Can delete user profile	24	delete_userprofile
96	Can view user profile	24	view_userprofile
97	Can add новость	25	add_new
98	Can change новость	25	change_new
99	Can delete новость	25	delete_new
100	Can view новость	25	view_new
101	Can add Запись гостевой книги	26	add_guestbook
102	Can change Запись гостевой книги	26	change_guestbook
103	Can delete Запись гостевой книги	26	delete_guestbook
104	Can view Запись гостевой книги	26	view_guestbook
105	Can add Категория дневников	27	add_diarycategory
106	Can change Категория дневников	27	change_diarycategory
107	Can delete Категория дневников	27	delete_diarycategory
108	Can view Категория дневников	27	view_diarycategory
109	Can add Дневник	28	add_diary
110	Can change Дневник	28	change_diary
111	Can delete Дневник	28	delete_diary
112	Can view Дневник	28	view_diary
113	Can add news comment	29	add_newscomment
114	Can change news comment	29	change_newscomment
115	Can delete news comment	29	delete_newscomment
116	Can view news comment	29	view_newscomment
117	Can add новость	30	add_new
118	Can change новость	30	change_new
119	Can delete новость	30	delete_new
120	Can view новость	30	view_new
121	Can add comment	31	add_comment
122	Can change comment	31	change_comment
123	Can delete comment	31	delete_comment
124	Can view comment	31	view_comment
125	Can add ролик	32	add_movie
126	Can change ролик	32	change_movie
127	Can delete ролик	32	delete_movie
128	Can view ролик	32	view_movie
129	Can add new comment	33	add_newcomment
130	Can change new comment	33	change_newcomment
131	Can delete new comment	33	delete_newcomment
132	Can view new comment	33	view_newcomment
133	Can add Отчет	34	add_report
134	Can change Отчет	34	change_report
135	Can delete Отчет	34	delete_report
136	Can view Отчет	34	view_report
\.


--
-- Name: auth_permission_id_seq; Type: SEQUENCE SET; Schema: public; Owner: almet
--

SELECT pg_catalog.setval('public.auth_permission_id_seq', 136, true);


--
-- Data for Name: auth_user; Type: TABLE DATA; Schema: public; Owner: almet
--

COPY public.auth_user (id, password, last_login, is_superuser, username, first_name, last_name, email, is_staff, is_active, date_joined) FROM stdin;
9	pbkdf2_sha256$150000$0C2Y00UsMIkd$MjBFq6mDdVAJEELYrKiH5t1Ge+mErTzVr+m9kfHF9ro=	2019-09-04 19:37:28.61672+00	f	trezviyserj				f	t	2019-09-04 19:37:28.386953+00
10	!O5bMO43Sncc0kUPC1nNmdlb7uvlLNa9lXEOXf67a	2019-09-04 19:39:06.497074+00	f	s.trost	Сергей	Трост		f	t	2019-09-04 19:39:06.45159+00
11	!xP1FMZY7VNc2TpnrEjh79xO4FtK3trg9bf0cCRdS	2019-09-05 14:39:05.622001+00	f	id412668622	Александр	Сан-Кардо-Яковлев		f	t	2019-09-05 14:39:05.591999+00
12	pbkdf2_sha256$150000$Rj9lrTOUNwyD$99SC6CwaOZ1HYELyrU3CgHq2OkHuVeGL8Go2EYGjmeU=	2019-09-06 10:24:31.878527+00	f	ildan81@yandex.ru				f	t	2019-09-06 08:49:10.478598+00
13	!D5cdgr56DtFEtJAU1rSNFhcn0HGpWAgCxvijWqLw	2019-09-06 18:12:32.195589+00	f	ladislove	Владислав	Бибарисов		f	t	2019-09-06 18:12:32.175205+00
14	pbkdf2_sha256$150000$MjKNNRKFlDYt$m807Uwaba/I6kgk6uGlIvMe9jxwwubVqNPS4dKhlmkU=	2019-09-13 14:29:42.536478+00	f	s				f	t	2019-09-13 14:29:42.333895+00
26	!TY12TUn7ZxizVGSb2GV56Qx4IUuRWQDCADzsZbwY	2019-12-13 19:10:28.392944+00	f	valentin_krivenkov	Валентин	Кривенков		f	t	2019-12-13 19:10:28.363919+00
15	pbkdf2_sha256$150000$MqKbRHzcatn9$D+iKp4hcnZAo1k7plK+NFJNYyIJRaDyQ/72x5XRsl1k=	2019-09-21 17:47:56.14848+00	f	Мария2019				f	t	2019-09-21 17:47:55.947393+00
16	pbkdf2_sha256$150000$KtM0LqY5XPa8$IJGNuztbCs0zUzbg2mQgHxhmf9dX8IImV6lba+Z7rlc=	2019-09-23 15:38:13.762797+00	f	79180715913				f	t	2019-09-23 15:38:13.561763+00
17	!uTRhuC1QNwdvJCQZZv3vYtSnnijOQQPlYtlopqrf	2019-09-28 12:11:31.29682+00	f	id189851225	Рита	Галеева		f	t	2019-09-28 12:11:31.267209+00
2	!PToCgc287d1HLlDgt8VDVW5z4evo2NuNbMVRQhOv	2019-09-28 12:55:41.172546+00	f	nice_web	Сергей	Зубарев		f	t	2019-08-24 12:15:45.40638+00
3	pbkdf2_sha256$150000$2fuP8rWO9lJ7$NGZyFA0yfBp77Tp6YDesaEsbw6GGkjuz5+ko0tEhNhg=	2019-08-25 09:41:08.0706+00	f	sdf				f	t	2019-08-25 09:41:07.855054+00
18	pbkdf2_sha256$150000$idmLNG4hCPP9$MegVhvlnMFi4PjNWdgHOKX3UkFmQ4jmy4nZS27Qk4EQ=	2019-09-28 12:56:01.20264+00	f	сваваавав				f	t	2019-09-28 12:56:01.002091+00
19	pbkdf2_sha256$150000$MWJPCLnLdXVl$/RHkIkRiHwkvLS04PClORh+vWt89OrvEwQR6L8+KJL4=	2019-10-08 09:07:02.606181+00	f	Аван				f	t	2019-10-08 09:07:02.203232+00
27	!Se8FMlUfi69MP1y2BopicVx6YiQWJqboMlM2WhFL	2019-12-15 13:00:48.65588+00	f	seeing	Никита	Радзюкевич		f	t	2019-12-15 13:00:48.565833+00
28	pbkdf2_sha256$150000$6NZbTvyKsvxz$njO6la6mVx94skXevmdqWje6rThZEyVIeuJR1YZlfvA=	2019-12-21 09:42:50.009558+00	f	79518946353				f	t	2019-12-21 09:42:49.809385+00
20	pbkdf2_sha256$150000$YAjUADnaooTl$WiaedVtVYYd/A1F0x/bJBHavcLmhHeW/g7/ReZsiCAU=	2019-10-16 05:32:21.605752+00	f	igor74				f	t	2019-10-09 09:17:21.778635+00
4	pbkdf2_sha256$150000$nzJA1TTwW1Cf$ywen7bkuQqT52OYl/TjYMsHnSLHhgP7bc3FMZLImFbw=	2019-08-27 14:00:27.648598+00	f	gromozeka				f	t	2019-08-27 14:00:27.481684+00
5	!NnnGnFp4F0mzlqkGdLTn7IwQG85FX1RCono8W8kW	2019-08-28 15:37:48.841902+00	f	id169833658	Сергей	Хаматов		f	t	2019-08-28 15:37:48.822739+00
6	!jNhOZe51ewUwBvnpCr1pe7EOz4kcko4eOT90tlng	2019-08-28 19:42:10.103834+00	f	asosin75	Алексей	Сосин		f	t	2019-08-28 19:42:10.088378+00
7	pbkdf2_sha256$150000$bHXRnmorJNvm$lbbsFtmktOLXpxUzjQ4xpu9KLFzVEse9HeyhoCwTSCU=	2019-08-30 06:38:26.755741+00	f	fokin607				f	t	2019-08-30 06:38:26.580502+00
21	pbkdf2_sha256$150000$UsFTy4Et9DyJ$ejDWY+AUxGTE2q8zXQSfgykkrR+M4TeeChbz/oLWG0U=	2019-11-09 17:41:13.195628+00	f	LIUDMILA				f	t	2019-11-09 17:41:12.983204+00
8	pbkdf2_sha256$150000$BlfLL35JwrCr$Zh6DVsKjSeTympvaCss3MIBYSMlA4N8PW5XDJ81XaAQ=	2019-09-03 14:20:15.669714+00	f	Viktoriya				f	t	2019-09-03 14:20:15.479469+00
35	pbkdf2_sha256$150000$oykItigoDB5u$88Mi3aPWrlZbgjC2MgShUxpvYUoyslpaOfv9dbrHatM=	2020-02-05 18:26:04+00	f	Volodin				f	t	2020-02-05 18:26:04+00
23	pbkdf2_sha256$150000$xUJJAYwn74PL$aD+EvE8s+yIB6+J+TCZSPBEQwpehQy3Sb7uu6YuM7IM=	2019-11-12 21:27:57.513981+00	f	Денис				f	t	2019-11-12 21:27:57.322911+00
24	pbkdf2_sha256$150000$rPtxvDAUR2FW$6sJfsnFKkisdSjsAFCcATP3Eg52V2BtaASbC9sqBUHs=	2019-11-26 19:43:31.893415+00	f	dmitrykraken228@gmail.com				f	t	2019-11-26 19:43:31.693247+00
25	pbkdf2_sha256$150000$0GjhvrGTsCjL$V8MFSMqqmWKnwoZ2xhmR4XPOB3zurB0g+mazYPlWEag=	2019-12-03 09:11:41.280587+00	f	Evgenii80				f	t	2019-12-03 09:11:41.085265+00
36	!LPMrrRKUIIFVV9chKVZzfXFfEBhwZTetFWJfy6QX	2020-02-19 04:58:45.886911+00	f	vek_masha	Мария	Вековищева		f	t	2020-02-19 04:58:45.859299+00
29	!d7egV5hQQESQcYdZEvH4BgA2IGq2ijMAqBqRB2TV	2019-12-21 18:18:38.483591+00	f	shifman87	Алексей	Шифман		f	t	2019-12-21 18:18:07.931404+00
30	!O10t3t3AI97GdfCyrf4RKQ4c66r8ihBxhWjJuk0y	2019-12-26 10:03:23.741523+00	f	ivan_toporkov	Иван	Топорков		f	t	2019-12-26 10:03:15.769744+00
22	pbkdf2_sha256$150000$fHw9toRta3Sa$RsDvIsnuBaT7S40XQkMePnCrU/AmgmhDmEK5gpKP7Vc=	2020-01-14 13:51:28.006607+00	f	irvin24				f	t	2019-11-11 02:28:17.825107+00
31	!O0c0GYwFi0UgxyqcrqgrA51FY0M3o9GVn5f59NDI	2020-01-17 20:12:58.101549+00	f	sspavluk	Светлана	Павлюк		f	t	2020-01-17 20:12:58.064472+00
32	pbkdf2_sha256$150000$aWyeq25tLQbh$2Ytkh/CDi0UFcHRacT6+8nGuTsZVbtFf/ps7KBg5KEM=	2020-01-21 15:59:01.196166+00	f	sergeitrost@mail.ru				f	t	2020-01-21 15:59:00.996293+00
33	pbkdf2_sha256$150000$sppMwXmRlVZm$WszS1DqaEoeLA+q3qZIsg90Dheu9xOjgxXBMRnj3QKI=	2020-01-25 19:21:42.929696+00	f	Den77750				f	t	2020-01-25 19:21:42.717609+00
34	pbkdf2_sha256$150000$UhAGNdiq8xwD$8f088D+oWxAZy4r0mzprMopAndhoAa8T4CFx4JaTE5g=	2020-01-30 09:16:11.974411+00	f	IvanKondratenko				f	t	2020-01-30 09:16:11.775838+00
42	pbkdf2_sha256$150000$5nc0k1FG4FTt$DX7sN89f0wIa+M4PwZ8YjFp/jOLY0EZa4zltDv1iO34=	2020-03-05 19:08:17.534458+00	f	Tim2186				f	t	2020-03-05 19:08:17.35274+00
37	!CLdD9LX3Q2xD4OuCcPIPQullg1gLfM14GNsj1jEk	2020-02-25 08:10:44.389918+00	f	id31847496	Алексей	Князьков		f	t	2020-02-25 08:10:44.351139+00
1	pbkdf2_sha256$150000$zDJkZ9tCgbdh$uUEQXx5K62KO3NjisVUGH8kWA6Vn5IS9QCdtgX+GyHI=	2020-03-02 14:28:31.126376+00	t	Serg			ochkarik1983@mail.ru	t	t	2019-08-20 13:24:33.846394+00
45	pbkdf2_sha256$150000$BR8U9Au4FJdS$nXKvHqjXdxtHAepQQZGY3G4X1hGGOjra0tRoHdZzkfg=	2020-03-15 05:37:09.97052+00	f	Hintaimax@yandex.ru				f	t	2020-03-15 05:37:09.773605+00
39	!jdug6SNeT21qOAIaxcK8vWNDcG0LZzZZSzA8UcnK	2020-03-04 11:12:04.829706+00	f	id143973607	Альбина	Каюмова		f	t	2020-03-04 11:12:04.767025+00
40	pbkdf2_sha256$150000$PLhJGOBIkAjW$qUwutYzPBsezS9RDyRyCu9ThDSf8eQNK9c96orw6/VQ=	2020-03-05 14:04:21.807403+00	f	isaevaludmila				f	t	2020-03-05 14:04:21.63333+00
41	pbkdf2_sha256$150000$MPTYbduJeQG3$2U1g5sSfe7ThLPkIa79GaUXh/5fNBl/prlD5mB2ZJmw=	2020-03-05 14:39:49.651108+00	f	garry1510				f	t	2020-03-05 14:39:49.465481+00
43	!3TobtvwxwXM5rG4LxRJKgqlxSsXHJ78C3l5sQWdg	2020-03-06 08:50:16.222579+00	f	id561567491	Григорий	Попандопуло		f	t	2020-03-06 08:50:16.197643+00
38	!EVyGcxh9BAV4PKxEU3hNppTO0x1Kq1aERq0D62tx	2020-03-06 13:18:41.886656+00	f	maxim_vitakov	Максим	Витаков		f	t	2020-03-04 07:15:32.755062+00
44	pbkdf2_sha256$150000$pleSvTeQEJDV$pgGtJGXgu1g15iAfFrjMHN7hUrL036ZBD9bOfc5rYwU=	2020-03-08 20:27:18.789059+00	f	Рафис				f	t	2020-03-08 20:27:18.597567+00
46	pbkdf2_sha256$150000$UunRucOorybt$wehqgjg0W8fEE0cWGmAKHAv5uPElseC04F8qGTZALY4=	2020-03-20 11:01:46.26705+00	f	+79656121422				f	t	2020-03-20 11:01:45.89869+00
47	pbkdf2_sha256$150000$S2qlDgq2Nvqr$pxht52WtI8Pid6/RxVU9Hx7wLiwi+Ibb5NGqCFHJBLk=	2020-03-25 18:37:39.427399+00	f	illusoruworlds				f	t	2020-03-25 18:37:39.246401+00
48	!tNDRFmPXI7hhdAj8P7OKgxjmaLKtEtYnNNiUt4Cf	2020-05-03 03:57:10.294567+00	f	danchopass	Даниил	Грунин		f	t	2020-04-01 18:31:45.63827+00
49	pbkdf2_sha256$150000$nDRg22VdAEuh$KXJ1wYnCYEoWvDA71LT4gqzhJFSeiwdJk6ht4KOawKI=	2020-04-02 07:47:08.53092+00	f	Irina				f	t	2020-04-02 07:47:08.347843+00
50	pbkdf2_sha256$150000$qoiRc6svGjZK$OC0zQ0tqykYBPvK1dNpgmUe/Am1658wqWPWkui6MHjw=	2020-04-05 14:32:37.809666+00	f	Aksay161k				f	t	2020-04-05 14:32:37.591606+00
51	pbkdf2_sha256$150000$9gEY4I9jZKjn$1tAza7sbM91hl957M+DLmnAYAUsgvXS+tixg9MHRkSU=	2020-04-10 19:41:05.052379+00	f	79607051000				f	t	2020-04-10 19:41:04.738613+00
52	pbkdf2_sha256$150000$NiDBTXJjt6Rs$DtyPhSN01m3or8PqLO6B8QTrwYKfIfAJGa0AmO9WT5o=	2020-05-07 05:44:37.6405+00	f	sairon				f	t	2020-05-07 05:44:37.453496+00
53	!t7vNSoycXN9IBDHr5KiAaQ62ueoTSQiiMaAGxWvs	2020-05-10 17:38:08.306199+00	f	sharandov	Андрей	Шарандов		f	t	2020-05-10 17:38:08.276513+00
54	pbkdf2_sha256$150000$fQECCgo8HB0d$iLK4fSE7EYB21hMHTxe2bRw7gDh6X4LAd7SICdLDQcQ=	2020-05-11 14:41:58.379448+00	f	Kirichenko0878				f	t	2020-05-11 14:41:58.163093+00
55	pbkdf2_sha256$150000$Vfx2EGWCZLp0$KqY3vbVW1iHCHJffMTtCnbFzyQVpdwPM7nGXz6j3I7E=	2020-05-16 15:49:36.60618+00	f	Ramil				f	t	2020-05-16 15:48:24.554981+00
\.


--
-- Data for Name: auth_user_groups; Type: TABLE DATA; Schema: public; Owner: almet
--

COPY public.auth_user_groups (id, user_id, group_id) FROM stdin;
\.


--
-- Name: auth_user_groups_id_seq; Type: SEQUENCE SET; Schema: public; Owner: almet
--

SELECT pg_catalog.setval('public.auth_user_groups_id_seq', 1, false);


--
-- Name: auth_user_id_seq; Type: SEQUENCE SET; Schema: public; Owner: almet
--

SELECT pg_catalog.setval('public.auth_user_id_seq', 55, true);


--
-- Data for Name: auth_user_user_permissions; Type: TABLE DATA; Schema: public; Owner: almet
--

COPY public.auth_user_user_permissions (id, user_id, permission_id) FROM stdin;
\.


--
-- Name: auth_user_user_permissions_id_seq; Type: SEQUENCE SET; Schema: public; Owner: almet
--

SELECT pg_catalog.setval('public.auth_user_user_permissions_id_seq', 1, false);


--
-- Data for Name: authtoken_token; Type: TABLE DATA; Schema: public; Owner: almet
--

COPY public.authtoken_token (key, created, user_id) FROM stdin;
ea5350efb18cc8373df5a6da723c95e4df0386a4	2019-08-23 19:47:13.741732+00	1
e05619f09aa2a64685ea6c410fe7f3faf64e974b	2019-08-25 09:41:08.062874+00	3
d817fb83bfaa26eac066c2ac17b3282b5181f63f	2019-08-27 14:00:27.642583+00	4
2ec61f375e192834eab68008de67699e5fd0352b	2019-08-30 06:38:26.746589+00	7
39f03e6a923624b2a79624e235595cead5a854ef	2019-09-03 14:20:15.657778+00	8
ab493d1e0d0b3cc1728410fe71a2665eec58429d	2019-09-04 19:37:28.605746+00	9
ec24b8862e7c05040ec145872f8cf9c182f7e121	2019-09-06 08:49:10.652586+00	12
758a8c43cfa5ad33d42d500d46a2980c2980078b	2019-09-13 14:29:42.526109+00	14
c3c665df181d43084a4752e530168ab185fad5b4	2019-09-21 17:47:56.133666+00	15
b755a98ca555224d5014177a2709ebb53993ac22	2019-09-23 15:38:13.749198+00	16
6bfd7c64dda7b90763e3422d47fc849c4339dc9c	2019-09-28 12:56:01.195144+00	18
079351983c0904fc5e0018abf32c5193b1acbf3f	2019-10-08 09:07:02.593228+00	19
f4ef84e73b342a8468993111e676b48068f9799d	2019-10-09 09:17:22.000371+00	20
2ce9df874121449939a417c2bf2e0e9879ec5656	2019-11-09 17:41:13.179277+00	21
78dea1db8f83e0be13c0fe9a3028ebc2790913bb	2019-11-11 02:28:17.999335+00	22
c4d84b1324a9989723bad9313576b9c6cd19a9fc	2019-11-12 21:27:57.506052+00	23
1115f76a23ef22f798cff1edf2d52968d7895a02	2019-11-26 19:43:31.879552+00	24
f4d688e1c526c70b27604caf36e25f90b969693e	2019-12-03 09:11:41.266528+00	25
c50ebfd28967e75ac59245c53931ab850adaeee4	2019-12-21 09:42:49.99621+00	28
0ec7e2cafcd80e5df911da78c69ab2acc9085dba	2020-01-21 15:59:01.183593+00	32
f88f8e228c4199acbb905a215bce0a8b7fe8124e	2020-01-25 19:21:42.911585+00	33
b5b1ed4777499c5b39a06b062950edd37fa09cdb	2020-01-30 09:16:11.962096+00	34
8376d0847117d790992cc36b3ac54aa37917779e	2020-02-05 18:26:04.771667+00	35
758a950a3524a12434c4329943375425b9f6aea8	2020-03-05 14:04:21.79813+00	40
1426fb16455ac902ac159a79e8d12ed92b4d636b	2020-03-05 14:39:49.644417+00	41
6969c4425cf05ae5d2ff37625fda9ecd3a49e90d	2020-03-05 19:08:17.526442+00	42
d86e2b4277cd7e861a8664bac23b8f3be21e044d	2020-03-08 20:27:18.778679+00	44
f5f8264de18b00cfeb665e2bfef64c3067862100	2020-03-15 05:37:09.95822+00	45
1e4a1dd48d65c5f6dd6f2fed9ecc651081bd27d3	2020-03-20 11:01:46.252721+00	46
1957898c8f9b2f12e5418e7938e121394926a110	2020-03-25 18:37:39.416508+00	47
993f03749206a78fec2cefce4c59d30d03edf2a8	2020-04-02 07:47:08.520383+00	49
1265bee27062471cb07494427e5664f7f4e45d79	2020-04-05 14:32:37.78358+00	50
4b347becf628ac764aa0713df12736b848099ffa	2020-04-10 19:41:04.956869+00	51
aba75ab4d005bfc19db8339121593873e1fb74f4	2020-05-07 05:44:37.632637+00	52
16e728297f1c8d5e4c126c90a8ad05771bffc84e	2020-05-11 14:41:58.355972+00	54
7fca386960b9f82d2b08ccc3fa1b738da659da1b	2020-05-16 15:48:24.750488+00	55
\.


--
-- Data for Name: category_category; Type: TABLE DATA; Schema: public; Owner: almet
--

COPY public.category_category (id, name, "order") FROM stdin;
2	Спецкурс	2
3	Спецкурс - вторая версия	3
1	Уроки трезвости для подрастающего поколения	1
4	Медицинский метод	4
\.


--
-- Name: category_category_id_seq; Type: SEQUENCE SET; Schema: public; Owner: almet
--

SELECT pg_catalog.setval('public.category_category_id_seq', 4, true);


--
-- Data for Name: diary_diary; Type: TABLE DATA; Schema: public; Owner: almet
--

COPY public.diary_diary (id, "order", link, category_id, order2) FROM stdin;
8	1	https://yadi.sk/i/FteTNCDgiig-fw	1	1
73	10	https://yadi.sk/i/gMivdcGpTtSF3Q	2	10
17	10	https://yadi.sk/i/-9Q1qfwZVjdrNQ	1	10
74	11	https://yadi.sk/i/GTtwwxMU63pQjA	2	11
75	12	https://yadi.sk/i/Uqlv0P4dch0hbw	2	12
76	13	https://yadi.sk/i/e69ZP4LTWojZZw	2	13
77	14	https://yadi.sk/i/oejwaEa7sDpmUg	2	14
78	15	https://yadi.sk/i/pzSW2iIlFSAfAQ	2	15
79	16	https://yadi.sk/i/lIxZNHW8oO86IA	2	16
80	17	https://yadi.sk/i/yydOVJ9FGjfUgQ	2	17
81	18	https://yadi.sk/i/EvMqSLezCn7Npw	2	18
82	19	https://yadi.sk/i/JzW78VLK_UlxYA	2	19
65	2	https://yadi.sk/i/XniqZL0deuqfZg	2	2
83	20	https://yadi.sk/i/fKZz94s3H4UX7w	2	20
85	21	https://yadi.sk/i/P3969Yb-KS9Vrg	2	21
86	22	https://yadi.sk/i/6Wzc5e64yHrSHA	2	22
87	23	https://yadi.sk/i/xphHcGrwg2zw7Q	2	23
88	24	https://yadi.sk/i/fzyJzdE5bJD-LA	2	24
89	25	https://yadi.sk/i/v7pqIoHEmgKYOQ	2	25
90	26	https://yadi.sk/i/_OQSFJnTfF2DAQ	2	26
91	27	https://yadi.sk/i/u9B0gpMmqZRo3A	2	27
92	28	https://yadi.sk/i/CHtmQbgv9_ZadA	2	28
66	3	https://yadi.sk/i/C9PqThpJ62-qDg	2	3
94	30	https://yadi.sk/i/HHzn6E6csHKX8A	2	30
95	31	https://yadi.sk/i/pT82OQZjgf-Giw	2	31
96	32	https://yadi.sk/i/TzNA9W7Ztgx5WQ	2	32
97	33	https://yadi.sk/i/CkGaIBY5M4d2Bg	2	33
98	34	https://yadi.sk/i/oUEaYshMDZCiVA	2	34
99	35	https://yadi.sk/i/AoL7uVeCOxDZvA	2	35
100	36	https://yadi.sk/i/vlI0w06a3BgC_w	2	36
101	37	https://yadi.sk/i/6gA6QqAoAHNp1g	2	37
102	38	https://yadi.sk/i/3CnEjpClDroWJw	2	38
103	39	https://yadi.sk/i/ycuj5oGlGjXvdA	2	39
67	4	https://yadi.sk/i/V_AWrUP1nio2Tw	2	4
104	40	https://yadi.sk/i/kyyfiqSGvIE6RA	2	40
105	41	https://yadi.sk/i/DqdLwqYOZR-DEQ	2	41
106	42	https://yadi.sk/i/tlyaHU8ii8pjTQ	2	42
107	43	https://yadi.sk/i/Qu6-trUjEckvgg	2	43
109	44-2	https://yadi.sk/i/Sp6EhxI59I1I0Q	2	45
110	44-3	https://yadi.sk/i/e1XC-raV8Ur-8w	2	46
113	44-6	https://yadi.sk/i/kQlWj7GAxguLKg	2	49
24	17	https://yadi.sk/i/xBUyS2vr1ECO7A	1	17
114	45	https://yadi.sk/i/lq8cdJp3pQtejA	2	50
68	5	https://yadi.sk/i/PWul__v_drPwzA	2	5
72	9	https://yadi.sk/i/INrfK13OAEtlJw	2	9
71	8	https://yadi.sk/i/55wKIKEgM-l7Xw	2	8
70	7	https://yadi.sk/i/WGbsvNn_dbEfRA	2	7
69	6	https://yadi.sk/i/jRnWYie8r2QCIg	2	6
111	44-4	https://yadi.sk/d/J_F0tHHrG-pj7w	2	47
112	44-5	https://yadi.sk/d/F_j_4_OfkTEtyA	2	48
9	2	https://yadi.sk/i/k81e16gNXk_OgA	1	2
10	3	https://yadi.sk/i/e67E2wCn9ZoJEg	1	3
11	4	https://yadi.sk/i/7t01JTaJwJPNaw	1	4
12	5	https://yadi.sk/i/KFENgJ1545fnIw	1	5
13	6	https://yadi.sk/i/kBDa0FBhJa_mJQ	1	6
14	7	https://yadi.sk/i/dEYhNwPM-x18WQ	1	7
15	8	https://yadi.sk/i/gIVMKamYHQp0OQ	1	8
16	9	https://yadi.sk/i/7IMHA_5PE_dnvA	1	9
19	12	https://yadi.sk/i/SZKjx1LqMGTePw	1	12
20	13	https://yadi.sk/i/F7ejPPQuMXB5mA	1	13
22	15	https://yadi.sk/i/zWixXSL_O4yC8w	1	15
23	16	https://yadi.sk/i/mVhqZvlPQxLgnQ	1	17
25	18	https://yadi.sk/i/F6az2yu60ErV3Q	1	18
26	19-22	https://yadi.sk/i/gf9ODyYd6Y4GPw	1	19
27	23	https://yadi.sk/i/2myqjDr4nBoT8g	1	20
28	24	https://yadi.sk/i/YUqvBnd6EuCHCQ	1	21
29	25	https://yadi.sk/i/Yc20rmZF7U7L2Q	1	22
30	26	https://yadi.sk/i/mjIpG6lbPk-Jvg	1	23
31	27	https://yadi.sk/i/jnUxwaYfAbVPDA	1	24
32	28	https://yadi.sk/i/rJBM0kh_QEDNLA	1	25
33	29	https://yadi.sk/i/pSaKay5m9VaZCg	1	26
34	30	https://yadi.sk/i/q_3APvsg09RlPA	1	27
35	31	https://yadi.sk/i/Ce8uhTjyV-oy6g	1	28
36	32	https://yadi.sk/i/TsFK3PZcTqGJqw	1	29
37	33	https://yadi.sk/i/M41hlUZFQyeMkA	1	30
38	34	https://yadi.sk/i/3I1VlYIZJUFGpQ	1	31
39	35	https://yadi.sk/i/xsGw8xmEy6JXjA	1	32
40	36	https://yadi.sk/i/sXZw4RJB2ICE8g	1	33
42	38	https://yadi.sk/i/ZBeA8yjmCCmtLw	1	35
43	39	https://yadi.sk/i/ts3TpfwT_Kkscg	1	36
44	40	https://yadi.sk/i/iPxsPDbkZqariw	1	37
45	41	https://yadi.sk/i/-nG-bWVCmATgzg	1	38
46	42	https://yadi.sk/i/n5TSHFErvxVssQ	1	39
47	43	https://yadi.sk/i/PiVyXR0iTapguA	1	40
48	44-1	https://yadi.sk/i/Zpws4oY6uqs63Q	1	41
49	44-2	https://yadi.sk/i/Qs1MsKjZWk0Ncg	1	42
50	44-3	https://yadi.sk/i/x1tkqvZ1AKOWLA	1	43
51	44-4	https://yadi.sk/i/BEVeWGnIen_ehA	1	44
52	44-5	https://yadi.sk/i/fg9zGObOEgrihw	1	45
53	45	https://yadi.sk/i/d1nYotyHO-dIQA	1	46
54	46	https://yadi.sk/i/wbDSD_TxbBJIMA	1	47
55	47	https://yadi.sk/i/Mlem6R0pw1EBAw	1	48
56	48	https://yadi.sk/i/2eqLaTOD5B59Ng	1	49
57	49	https://yadi.sk/i/O48FAY56xxkyCQ	1	50
58	50	https://yadi.sk/i/2nrLrLgOq7C_9g	1	51
59	51	https://yadi.sk/i/WhI4teFcPEv9jQ	1	52
61	53	https://yadi.sk/i/IGLlBBxcAFQ8DQ	1	54
62	54	https://yadi.sk/i/e9v4YPpKgQgRJg	1	55
63	55	https://yadi.sk/i/jP8y_qEFN-pSDg	1	56
64	1	https://yadi.sk/i/Wy6FjKoQLMlI3A	2	1
18	11	https://yadi.sk/i/CaSU9GLE2zf4Cg	1	11
93	29	https://yadi.sk/i/heYSJkiGfyazhA	2	29
108	44-1	https://yadi.sk/i/7SBODXV3uvrJ5w	2	44
115	46	https://yadi.sk/d/5P2NlZEe9vnCzQ	2	51
116	47	https://yadi.sk/i/1OTv73jLxQZ9mg	2	52
117	48	https://yadi.sk/i/IJvlgz-9yVZslw	2	53
118	49	https://yadi.sk/d/NWajAaYme80SQA	2	54
119	50	https://yadi.sk/i/iH49VvbKZoH4lw	2	55
21	14	https://yadi.sk/i/NjD7BBA4GIzSog	1	14
41	37	https://yadi.sk/i/zqJl9H0WQWnrZw	1	34
60	52	https://yadi.sk/i/57JqXuUeKznLBw	1	53
120	1	https://yadi.sk/i/SviAh38knWkLuQ	4	1
121	2	https://yadi.sk/i/DhkawMSwre6X3g	4	2
\.


--
-- Name: diary_diary_id_seq; Type: SEQUENCE SET; Schema: public; Owner: almet
--

SELECT pg_catalog.setval('public.diary_diary_id_seq', 121, true);


--
-- Data for Name: diary_diarycategory; Type: TABLE DATA; Schema: public; Owner: almet
--

COPY public.diary_diarycategory (id, name, "order") FROM stdin;
2	Дневники - От наркомании	2
4	Дневники - От лишнего веса	4
1	Дневники - От пьянства и курения	1
\.


--
-- Name: diary_diarycategory_id_seq; Type: SEQUENCE SET; Schema: public; Owner: almet
--

SELECT pg_catalog.setval('public.diary_diarycategory_id_seq', 4, true);


--
-- Data for Name: django_admin_log; Type: TABLE DATA; Schema: public; Owner: almet
--

COPY public.django_admin_log (id, action_time, object_id, object_repr, action_flag, change_message, content_type_id, user_id) FROM stdin;
1	2019-08-20 13:25:23.863163+00	1	Уроки трезвости	1	[{"added": {}}]	9	1
2	2019-08-20 13:25:31.534065+00	2	Спецкурс	1	[{"added": {}}]	9	1
3	2019-08-20 13:26:00.709266+00	3	Трезвый образ жизни	1	[{"added": {}}]	9	1
4	2019-08-21 10:09:59.187086+00	1	Дневники - От пьянсвта и курения	1	[{"added": {}}]	27	1
5	2019-08-21 10:10:07.258015+00	2	Дневники - От наркомании	1	[{"added": {}}]	27	1
6	2019-08-21 10:10:21.426483+00	3	Дневники - От игровой зависимости	1	[{"added": {}}]	27	1
7	2019-08-21 10:10:29.984542+00	4	Дневники - От лишнего веса	1	[{"added": {}}]	27	1
8	2019-08-21 10:15:12.874438+00	1	Дневники - От пьянства и курения	2	[{"changed": {"fields": ["name"]}}]	27	1
9	2019-08-21 11:37:05.942498+00	1	Фахреев В А Урок Трезвости 1	1	[{"added": {}}]	15	1
10	2019-08-21 11:38:37.501193+00	2	Фахреев В А Урок Трезвости 2	1	[{"added": {}}]	15	1
11	2019-08-21 11:40:02.480724+00	3	Фахреев В А Урок Трезвости 3	1	[{"added": {}}]	15	1
12	2019-08-21 11:41:12.284787+00	4	Фахреев В А Урок Трезвости 4	1	[{"added": {}}]	15	1
13	2019-08-21 11:42:11.441292+00	5	Фахреев В А Урок Трезвости 5	1	[{"added": {}}]	15	1
14	2019-08-21 11:43:59.331925+00	6	Фахреев В А Урок Трезвости 6	1	[{"added": {}}]	15	1
15	2019-08-21 13:10:11.687504+00	2	Фахреев В А Урок Трезвости 2	2	[{"changed": {"fields": ["link"]}}]	15	1
16	2019-08-21 13:10:20.550263+00	3	Фахреев В А Урок Трезвости 3	2	[{"changed": {"fields": ["link"]}}]	15	1
17	2019-08-21 13:10:29.5775+00	4	Фахреев В А Урок Трезвости 4	2	[{"changed": {"fields": ["link"]}}]	15	1
18	2019-08-21 13:10:37.798085+00	5	Фахреев В А Урок Трезвости 5	2	[{"changed": {"fields": ["link"]}}]	15	1
19	2019-08-21 13:10:46.096737+00	6	Фахреев В А Урок Трезвости 6	2	[{"changed": {"fields": ["link"]}}]	15	1
20	2019-08-21 14:07:52.712287+00	6	Фахреев В А Урок Трезвости 6	2	[{"changed": {"fields": ["link"]}}]	15	1
21	2019-08-21 14:07:59.172833+00	5	Фахреев В А Урок Трезвости 5	2	[{"changed": {"fields": ["link"]}}]	15	1
22	2019-08-21 14:08:05.941445+00	4	Фахреев В А Урок Трезвости 4	2	[{"changed": {"fields": ["link"]}}]	15	1
23	2019-08-21 14:08:13.129321+00	3	Фахреев В А Урок Трезвости 3	2	[{"changed": {"fields": ["link"]}}]	15	1
24	2019-08-21 14:08:23.55972+00	2	Фахреев В А Урок Трезвости 2	2	[{"changed": {"fields": ["link"]}}]	15	1
25	2019-08-21 14:08:30.491541+00	1	Фахреев В А Урок Трезвости 1	2	[{"changed": {"fields": ["link"]}}]	15	1
26	2019-08-21 18:13:01.096128+00	8	https://docviewer.yandex.ru/view/503494780/?*=vn%2F4zGHMY6Fd%2FqBBd2%2BLsoZq4E17InVybCI6InlhLWJyb3dz	1	[{"added": {}}]	28	1
27	2019-08-21 18:29:10.150243+00	8	HXpHRBqIcR973MV6fO8hhIaA1sp7InVybCI6InlhLWJyb3dzZXI6Ly80RFQxdVhFUFJySlJYbFVGb2V3cnVPSVRjc1J4Uk0tSWVW	2	[{"changed": {"fields": ["order", "link"]}}]	28	1
28	2019-08-21 18:31:46.212763+00	8	https://docviewer.yandex.ru/view/503494780/?page=1&*=HXpHRBqIcR973MV6fO8hhIaA1sp7InVybCI6InlhLWJyb3dzZXI6Ly80RFQxdVhFUFJySlJYbFVGb2V3cnVPSVRjc1J4Uk0tSWVWVE1zSHdMTV9ZaXJwSEtCN19LeVNndW5MOU1TUmp3VUZFaUZ	2	[{"changed": {"fields": ["link"]}}]	28	1
29	2019-08-21 18:32:43.992991+00	8	https://docviewer.yandex.ru/view/503494780/?page=1&*=HXpHRBqIcR973MV6fO8hhIaA1sp7InVybCI6InlhLWJyb3dzZXI6Ly80RFQxdVhFUFJySlJYbFVGb2V3cnVPSVRjc1J4Uk0tSWVWVE1zSHdMTV9ZaXJwSEtCN19LeVNndW5MOU1TUmp3VUZFaUZ	2	[]	28	1
30	2019-08-21 18:37:00.589826+00	8	https://docviewer.yandex.ru/view/503494780/?*=tSpsRGfaveqsZp%2FczQt9HyXo56p7InVybCI6InlhLWRpc2s6Ly8vZGlzay%2FQlNC90LXQstC90LjQutC4L9Cw0LvQutC%2B0YLQsNCx0LDQui0xLmRvY3giLCJ0aXRsZSI6ItCw0LvQutC%2B0YLQsN	2	[{"changed": {"fields": ["link"]}}]	28	1
31	2019-08-21 18:41:32.933446+00	8	https://yadi.sk/i/FteTNCDgiig-fw	2	[{"changed": {"fields": ["link"]}}]	28	1
32	2019-08-21 19:12:38.619436+00	9	https://yadi.sk/i/k81e16gNXk_OgA	1	[{"added": {}}]	28	1
33	2019-08-21 19:12:53.619574+00	10	https://yadi.sk/i/e67E2wCn9ZoJEg	1	[{"added": {}}]	28	1
34	2019-08-21 19:13:06.919294+00	11	https://yadi.sk/i/KFENgJ1545fnIw	1	[{"added": {}}]	28	1
35	2019-08-21 19:15:00.866306+00	11	https://yadi.sk/i/7t01JTaJwJPNaw	2	[{"changed": {"fields": ["link"]}}]	28	1
36	2019-08-21 19:15:15.039096+00	12	https://yadi.sk/i/KFENgJ1545fnIw	1	[{"added": {}}]	28	1
37	2019-08-21 19:15:45.487376+00	13	https://yadi.sk/i/kBDa0FBhJa_mJQ	1	[{"added": {}}]	28	1
38	2019-08-21 19:16:01.547942+00	14	https://yadi.sk/i/dEYhNwPM-x18WQ	1	[{"added": {}}]	28	1
39	2019-08-21 19:16:13.507085+00	15	https://yadi.sk/i/gIVMKamYHQp0OQ	1	[{"added": {}}]	28	1
40	2019-08-21 19:16:25.331313+00	16	https://yadi.sk/i/7IMHA_5PE_dnvA	1	[{"added": {}}]	28	1
41	2019-08-21 19:16:53.623853+00	17	https://yadi.sk/i/-9Q1qfwZVjdrNQ	1	[{"added": {}}]	28	1
42	2019-08-21 19:17:05.745391+00	18	https://yadi.sk/i/CaSU9GLE2zf4Cg	1	[{"added": {}}]	28	1
43	2019-08-21 19:17:23.257772+00	19	https://yadi.sk/i/SZKjx1LqMGTePw	1	[{"added": {}}]	28	1
44	2019-08-21 19:17:35.919473+00	20	https://yadi.sk/i/F7ejPPQuMXB5mA	1	[{"added": {}}]	28	1
45	2019-08-21 19:17:46.731657+00	21	https://yadi.sk/i/NjD7BBA4GIzSog	1	[{"added": {}}]	28	1
46	2019-08-21 19:18:02.940964+00	22	https://yadi.sk/i/zWixXSL_O4yC8w	1	[{"added": {}}]	28	1
47	2019-08-21 19:18:15.343791+00	23	https://yadi.sk/i/mVhqZvlPQxLgnQ	1	[{"added": {}}]	28	1
48	2019-08-21 19:18:27.046223+00	24	https://yadi.sk/i/xBUyS2vr1ECO7A	1	[{"added": {}}]	28	1
49	2019-08-21 19:18:41.733431+00	25	https://yadi.sk/i/F6az2yu60ErV3Q	1	[{"added": {}}]	28	1
50	2019-08-21 19:18:58.850848+00	26	https://yadi.sk/i/gf9ODyYd6Y4GPw	1	[{"added": {}}]	28	1
51	2019-08-21 19:50:32.452157+00	27	https://yadi.sk/i/2myqjDr4nBoT8g	1	[{"added": {}}]	28	1
52	2019-08-21 19:51:06.873332+00	28	https://yadi.sk/i/YUqvBnd6EuCHCQ	1	[{"added": {}}]	28	1
53	2019-08-21 19:51:28.095999+00	29	https://yadi.sk/i/Yc20rmZF7U7L2Q	1	[{"added": {}}]	28	1
54	2019-08-21 19:51:40.209598+00	30	https://yadi.sk/i/mjIpG6lbPk-Jvg	1	[{"added": {}}]	28	1
55	2019-08-21 19:51:49.510058+00	31	https://yadi.sk/i/jnUxwaYfAbVPDA	1	[{"added": {}}]	28	1
56	2019-08-21 19:52:11.27575+00	32	https://yadi.sk/i/rJBM0kh_QEDNLA	1	[{"added": {}}]	28	1
57	2019-08-21 19:52:23.393101+00	33	https://yadi.sk/i/pSaKay5m9VaZCg	1	[{"added": {}}]	28	1
58	2019-08-21 19:52:36.368406+00	34	https://yadi.sk/i/q_3APvsg09RlPA	1	[{"added": {}}]	28	1
59	2019-08-21 19:52:47.768282+00	35	https://yadi.sk/i/Ce8uhTjyV-oy6g	1	[{"added": {}}]	28	1
60	2019-08-21 19:52:59.412901+00	36	https://yadi.sk/i/TsFK3PZcTqGJqw	1	[{"added": {}}]	28	1
61	2019-08-21 19:53:10.926928+00	37	https://yadi.sk/i/M41hlUZFQyeMkA	1	[{"added": {}}]	28	1
62	2019-08-21 19:53:24.6827+00	38	https://yadi.sk/i/3I1VlYIZJUFGpQ	1	[{"added": {}}]	28	1
63	2019-08-21 19:53:43.120196+00	39	https://yadi.sk/i/xsGw8xmEy6JXjA	1	[{"added": {}}]	28	1
64	2019-08-21 19:53:53.974162+00	40	https://yadi.sk/i/sXZw4RJB2ICE8g	1	[{"added": {}}]	28	1
65	2019-08-21 19:54:07.321617+00	41	https://yadi.sk/i/zqJl9H0WQWnrZw	1	[{"added": {}}]	28	1
66	2019-08-21 19:54:21.93018+00	42	https://yadi.sk/i/ZBeA8yjmCCmtLw	1	[{"added": {}}]	28	1
67	2019-08-21 19:54:36.480239+00	43	https://yadi.sk/i/ts3TpfwT_Kkscg	1	[{"added": {}}]	28	1
68	2019-08-21 19:54:53.373468+00	44	https://yadi.sk/i/iPxsPDbkZqariw	1	[{"added": {}}]	28	1
69	2019-08-21 19:55:05.061882+00	45	https://yadi.sk/i/-nG-bWVCmATgzg	1	[{"added": {}}]	28	1
70	2019-08-21 19:55:16.79149+00	46	https://yadi.sk/i/n5TSHFErvxVssQ	1	[{"added": {}}]	28	1
71	2019-08-21 19:55:28.181152+00	47	https://yadi.sk/i/PiVyXR0iTapguA	1	[{"added": {}}]	28	1
72	2019-08-21 20:02:26.396971+00	48	https://yadi.sk/i/Zpws4oY6uqs63Q	1	[{"added": {}}]	28	1
73	2019-08-21 20:02:38.95508+00	49	https://yadi.sk/i/Qs1MsKjZWk0Ncg	1	[{"added": {}}]	28	1
74	2019-08-21 20:03:02.924323+00	50	https://yadi.sk/i/x1tkqvZ1AKOWLA	1	[{"added": {}}]	28	1
75	2019-08-21 20:03:16.810447+00	51	https://yadi.sk/i/BEVeWGnIen_ehA	1	[{"added": {}}]	28	1
76	2019-08-21 20:03:31.319164+00	52	https://yadi.sk/i/fg9zGObOEgrihw	1	[{"added": {}}]	28	1
77	2019-08-21 20:08:53.803237+00	53	https://yadi.sk/i/d1nYotyHO-dIQA	1	[{"added": {}}]	28	1
78	2019-08-21 20:09:04.522474+00	54	https://yadi.sk/i/wbDSD_TxbBJIMA	1	[{"added": {}}]	28	1
79	2019-08-21 20:09:15.618365+00	55	https://yadi.sk/i/Mlem6R0pw1EBAw	1	[{"added": {}}]	28	1
80	2019-08-21 20:09:26.220419+00	56	https://yadi.sk/i/2eqLaTOD5B59Ng	1	[{"added": {}}]	28	1
81	2019-08-21 20:09:37.057167+00	57	https://yadi.sk/i/O48FAY56xxkyCQ	1	[{"added": {}}]	28	1
82	2019-08-21 20:09:47.841304+00	58	https://yadi.sk/i/2nrLrLgOq7C_9g	1	[{"added": {}}]	28	1
83	2019-08-21 20:09:58.809515+00	59	https://yadi.sk/i/WhI4teFcPEv9jQ	1	[{"added": {}}]	28	1
84	2019-08-21 20:10:10.194218+00	60	https://yadi.sk/i/57JqXuUeKznLBw	1	[{"added": {}}]	28	1
85	2019-08-21 20:10:20.333647+00	61	https://yadi.sk/i/IGLlBBxcAFQ8DQ	1	[{"added": {}}]	28	1
86	2019-08-21 20:10:35.019292+00	62	https://yadi.sk/i/e9v4YPpKgQgRJg	1	[{"added": {}}]	28	1
87	2019-08-21 20:10:44.752711+00	63	https://yadi.sk/i/jP8y_qEFN-pSDg	1	[{"added": {}}]	28	1
88	2019-08-21 20:28:06.64339+00	64	https://yadi.sk/i/Wy6FjKoQLMlI3A	1	[{"added": {}}]	28	1
89	2019-08-21 20:28:22.28111+00	65	https://yadi.sk/i/XniqZL0deuqfZg	1	[{"added": {}}]	28	1
90	2019-08-21 20:28:40.386927+00	66	https://yadi.sk/i/C9PqThpJ62-qDg	1	[{"added": {}}]	28	1
91	2019-08-21 20:28:50.670308+00	67	https://yadi.sk/i/V_AWrUP1nio2Tw	1	[{"added": {}}]	28	1
92	2019-08-21 20:29:02.463306+00	68	https://yadi.sk/i/PWul__v_drPwzA	1	[{"added": {}}]	28	1
93	2019-08-21 20:29:13.738301+00	69	https://yadi.sk/i/jRnWYie8r2QCIg	1	[{"added": {}}]	28	1
94	2019-08-21 20:29:23.978526+00	70	https://yadi.sk/i/WGbsvNn_dbEfRA	1	[{"added": {}}]	28	1
95	2019-08-21 20:29:33.652364+00	71	https://yadi.sk/i/55wKIKEgM-l7Xw	1	[{"added": {}}]	28	1
96	2019-08-21 20:29:44.006943+00	72	https://yadi.sk/i/INrfK13OAEtlJw	1	[{"added": {}}]	28	1
97	2019-08-21 20:29:53.41109+00	73	https://yadi.sk/i/gMivdcGpTtSF3Q	1	[{"added": {}}]	28	1
98	2019-08-21 20:30:05.627614+00	74	https://yadi.sk/i/GTtwwxMU63pQjA	1	[{"added": {}}]	28	1
99	2019-08-21 20:30:16.613254+00	75	https://yadi.sk/i/Uqlv0P4dch0hbw	1	[{"added": {}}]	28	1
100	2019-08-21 20:30:26.537497+00	76	https://yadi.sk/i/e69ZP4LTWojZZw	1	[{"added": {}}]	28	1
101	2019-08-21 20:30:35.786627+00	77	https://yadi.sk/i/oejwaEa7sDpmUg	1	[{"added": {}}]	28	1
102	2019-08-21 20:30:46.161555+00	78	https://yadi.sk/i/lIxZNHW8oO86IA	1	[{"added": {}}]	28	1
103	2019-08-21 20:31:04.321632+00	79	https://yadi.sk/i/lIxZNHW8oO86IA	1	[{"added": {}}]	28	1
104	2019-08-21 20:31:15.457825+00	80	https://yadi.sk/i/yydOVJ9FGjfUgQ	1	[{"added": {}}]	28	1
105	2019-08-21 20:31:25.896814+00	81	https://yadi.sk/i/EvMqSLezCn7Npw	1	[{"added": {}}]	28	1
106	2019-08-21 20:31:36.893453+00	82	https://yadi.sk/i/JzW78VLK_UlxYA	1	[{"added": {}}]	28	1
107	2019-08-21 20:31:49.205443+00	83	https://yadi.sk/i/fKZz94s3H4UX7w	1	[{"added": {}}]	28	1
108	2019-08-21 20:39:59.804888+00	84	https://yadi.sk/i/P3969Yb-KS9Vrg	1	[{"added": {}}]	28	1
109	2019-08-21 20:40:16.785669+00	85	https://yadi.sk/i/P3969Yb-KS9Vrg	1	[{"added": {}}]	28	1
110	2019-08-21 20:41:23.101242+00	85	https://yadi.sk/i/P3969Yb-KS9Vrg	2	[]	28	1
111	2019-08-21 20:41:39.762869+00	86	https://yadi.sk/i/xphHcGrwg2zw7Q	1	[{"added": {}}]	28	1
112	2019-08-21 20:41:52.089257+00	87	https://yadi.sk/i/xphHcGrwg2zw7Q	1	[{"added": {}}]	28	1
113	2019-08-21 20:42:03.298649+00	88	https://yadi.sk/i/fzyJzdE5bJD-LA	1	[{"added": {}}]	28	1
114	2019-08-21 20:42:14.892204+00	89	https://yadi.sk/i/v7pqIoHEmgKYOQ	1	[{"added": {}}]	28	1
115	2019-08-21 20:42:28.639687+00	90	https://yadi.sk/i/_OQSFJnTfF2DAQ	1	[{"added": {}}]	28	1
116	2019-08-21 20:42:38.969366+00	91	https://yadi.sk/i/u9B0gpMmqZRo3A	1	[{"added": {}}]	28	1
117	2019-08-21 20:42:48.677882+00	92	https://yadi.sk/i/CHtmQbgv9_ZadA	1	[{"added": {}}]	28	1
118	2019-08-21 20:43:00.18014+00	93	https://yadi.sk/i/heYSJkiGfyazhA	1	[{"added": {}}]	28	1
119	2019-08-21 20:43:10.948366+00	94	https://yadi.sk/i/HHzn6E6csHKX8A	1	[{"added": {}}]	28	1
120	2019-08-21 20:43:21.225486+00	95	https://yadi.sk/i/pT82OQZjgf-Giw	1	[{"added": {}}]	28	1
121	2019-08-21 20:43:32.613304+00	96	https://yadi.sk/i/TzNA9W7Ztgx5WQ	1	[{"added": {}}]	28	1
122	2019-08-21 20:43:41.551263+00	97	https://yadi.sk/i/CkGaIBY5M4d2Bg	1	[{"added": {}}]	28	1
123	2019-08-21 20:43:51.373717+00	98	https://yadi.sk/i/oUEaYshMDZCiVA	1	[{"added": {}}]	28	1
124	2019-08-21 20:44:01.275434+00	99	https://yadi.sk/i/AoL7uVeCOxDZvA	1	[{"added": {}}]	28	1
125	2019-08-21 20:44:11.564362+00	100	https://yadi.sk/i/vlI0w06a3BgC_w	1	[{"added": {}}]	28	1
126	2019-08-21 20:44:21.316644+00	101	https://yadi.sk/i/6gA6QqAoAHNp1g	1	[{"added": {}}]	28	1
127	2019-08-21 20:44:30.717063+00	102	https://yadi.sk/i/3CnEjpClDroWJw	1	[{"added": {}}]	28	1
128	2019-08-21 20:44:40.062757+00	103	https://yadi.sk/i/ycuj5oGlGjXvdA	1	[{"added": {}}]	28	1
129	2019-08-21 20:44:49.070569+00	104	https://yadi.sk/i/kyyfiqSGvIE6RA	1	[{"added": {}}]	28	1
130	2019-08-21 20:45:00.03729+00	105	https://yadi.sk/i/DqdLwqYOZR-DEQ	1	[{"added": {}}]	28	1
131	2019-08-21 20:45:11.040466+00	106	https://yadi.sk/i/tlyaHU8ii8pjTQ	1	[{"added": {}}]	28	1
132	2019-08-21 20:45:22.226167+00	107	https://yadi.sk/i/Qu6-trUjEckvgg	1	[{"added": {}}]	28	1
133	2019-08-21 20:52:08.555043+00	108	https://yadi.sk/i/7SBODXV3uvrJ5w	1	[{"added": {}}]	28	1
134	2019-08-21 20:52:19.55368+00	109	https://yadi.sk/i/Sp6EhxI59I1I0Q	1	[{"added": {}}]	28	1
135	2019-08-21 20:52:30.916034+00	110	https://yadi.sk/i/e1XC-raV8Ur-8w	1	[{"added": {}}]	28	1
136	2019-08-21 20:52:40.619442+00	111	https://yadi.sk/d/J_F0tHHrG-pj7w	1	[{"added": {}}]	28	1
137	2019-08-21 20:52:55.532904+00	112	https://yadi.sk/d/F_j_4_OfkTEtyA	1	[{"added": {}}]	28	1
138	2019-08-21 20:53:07.112089+00	113	https://yadi.sk/i/kQlWj7GAxguLKg	1	[{"added": {}}]	28	1
139	2019-08-21 20:57:08.099037+00	114	https://yadi.sk/i/lq8cdJp3pQtejA	1	[{"added": {}}]	28	1
140	2019-08-21 20:57:19.623445+00	115	https://yadi.sk/d/5P2NlZEe9vnCzQ	1	[{"added": {}}]	28	1
141	2019-08-21 20:58:09.411838+00	116	https://yadi.sk/i/1OTv73jLxQZ9mg	1	[{"added": {}}]	28	1
142	2019-08-21 20:58:20.646468+00	117	https://yadi.sk/i/IJvlgz-9yVZslw	1	[{"added": {}}]	28	1
143	2019-08-21 20:58:31.213988+00	118	https://yadi.sk/d/NWajAaYme80SQA	1	[{"added": {}}]	28	1
144	2019-08-21 20:58:41.465505+00	119	https://yadi.sk/i/iH49VvbKZoH4lw	1	[{"added": {}}]	28	1
145	2019-08-21 21:01:47.252055+00	84	https://yadi.sk/i/P3969Yb-KS9Vrg	3		28	1
146	2019-08-22 09:51:59.37793+00	86	https://yadi.sk/i/6Wzc5e64yHrSHA	2	[{"changed": {"fields": ["link"]}}]	28	1
147	2019-08-22 09:54:20.873549+00	78	https://yadi.sk/i/pzSW2iIlFSAfAQ	2	[{"changed": {"fields": ["link"]}}]	28	1
148	2019-08-22 10:05:00.455886+00	119	https://yadi.sk/i/iH49VvbKZoH4lw	2	[{"changed": {"fields": ["order2"]}}]	28	1
149	2019-08-22 10:05:09.953832+00	64	https://yadi.sk/i/Wy6FjKoQLMlI3A	2	[{"changed": {"fields": ["order2"]}}]	28	1
150	2019-08-22 10:05:20.102282+00	8	https://yadi.sk/i/FteTNCDgiig-fw	2	[{"changed": {"fields": ["order2"]}}]	28	1
151	2019-08-22 10:05:24.684913+00	73	https://yadi.sk/i/gMivdcGpTtSF3Q	2	[{"changed": {"fields": ["order2"]}}]	28	1
152	2019-08-22 10:05:29.402604+00	17	https://yadi.sk/i/-9Q1qfwZVjdrNQ	2	[{"changed": {"fields": ["order2"]}}]	28	1
153	2019-08-22 10:05:34.756404+00	74	https://yadi.sk/i/GTtwwxMU63pQjA	2	[{"changed": {"fields": ["order2"]}}]	28	1
154	2019-08-22 10:05:39.188264+00	18	https://yadi.sk/i/CaSU9GLE2zf4Cg	2	[{"changed": {"fields": ["order2"]}}]	28	1
155	2019-08-22 10:05:45.053272+00	75	https://yadi.sk/i/Uqlv0P4dch0hbw	2	[{"changed": {"fields": ["order2"]}}]	28	1
156	2019-08-22 10:06:51.795736+00	76	https://yadi.sk/i/e69ZP4LTWojZZw	2	[{"changed": {"fields": ["order2"]}}]	28	1
157	2019-08-22 10:07:01.909431+00	77	https://yadi.sk/i/oejwaEa7sDpmUg	2	[{"changed": {"fields": ["order2"]}}]	28	1
158	2019-08-22 10:07:08.411403+00	78	https://yadi.sk/i/pzSW2iIlFSAfAQ	2	[{"changed": {"fields": ["order2"]}}]	28	1
159	2019-08-22 10:07:13.883327+00	79	https://yadi.sk/i/lIxZNHW8oO86IA	2	[{"changed": {"fields": ["order2"]}}]	28	1
160	2019-08-22 10:07:18.645205+00	80	https://yadi.sk/i/yydOVJ9FGjfUgQ	2	[{"changed": {"fields": ["order2"]}}]	28	1
161	2019-08-22 10:07:24.627115+00	81	https://yadi.sk/i/EvMqSLezCn7Npw	2	[{"changed": {"fields": ["order2"]}}]	28	1
162	2019-08-22 10:07:29.964556+00	82	https://yadi.sk/i/JzW78VLK_UlxYA	2	[{"changed": {"fields": ["order2"]}}]	28	1
163	2019-08-22 10:07:35.647151+00	65	https://yadi.sk/i/XniqZL0deuqfZg	2	[{"changed": {"fields": ["order2"]}}]	28	1
164	2019-08-22 10:07:43.338158+00	83	https://yadi.sk/i/fKZz94s3H4UX7w	2	[{"changed": {"fields": ["order2"]}}]	28	1
165	2019-08-22 10:07:48.949603+00	85	https://yadi.sk/i/P3969Yb-KS9Vrg	2	[{"changed": {"fields": ["order2"]}}]	28	1
166	2019-08-22 10:07:55.006045+00	86	https://yadi.sk/i/6Wzc5e64yHrSHA	2	[{"changed": {"fields": ["order2"]}}]	28	1
167	2019-08-22 10:08:00.682356+00	87	https://yadi.sk/i/xphHcGrwg2zw7Q	2	[{"changed": {"fields": ["order2"]}}]	28	1
168	2019-08-22 10:08:06.111431+00	88	https://yadi.sk/i/fzyJzdE5bJD-LA	2	[{"changed": {"fields": ["order2"]}}]	28	1
169	2019-08-22 10:08:10.565159+00	89	https://yadi.sk/i/v7pqIoHEmgKYOQ	2	[{"changed": {"fields": ["order2"]}}]	28	1
170	2019-08-22 10:08:16.343051+00	90	https://yadi.sk/i/_OQSFJnTfF2DAQ	2	[{"changed": {"fields": ["order2"]}}]	28	1
171	2019-08-22 10:08:21.37515+00	91	https://yadi.sk/i/u9B0gpMmqZRo3A	2	[{"changed": {"fields": ["order2"]}}]	28	1
172	2019-08-22 10:08:27.186692+00	92	https://yadi.sk/i/CHtmQbgv9_ZadA	2	[{"changed": {"fields": ["order2"]}}]	28	1
173	2019-08-22 10:08:32.096327+00	93	https://yadi.sk/i/heYSJkiGfyazhA	2	[{"changed": {"fields": ["order2"]}}]	28	1
174	2019-08-22 10:08:38.532939+00	66	https://yadi.sk/i/C9PqThpJ62-qDg	2	[{"changed": {"fields": ["order2"]}}]	28	1
175	2019-08-22 10:08:46.27274+00	94	https://yadi.sk/i/HHzn6E6csHKX8A	2	[{"changed": {"fields": ["order2"]}}]	28	1
176	2019-08-22 10:08:51.093436+00	95	https://yadi.sk/i/pT82OQZjgf-Giw	2	[{"changed": {"fields": ["order2"]}}]	28	1
177	2019-08-22 10:08:57.022326+00	96	https://yadi.sk/i/TzNA9W7Ztgx5WQ	2	[{"changed": {"fields": ["order2"]}}]	28	1
178	2019-08-22 10:09:04.67624+00	97	https://yadi.sk/i/CkGaIBY5M4d2Bg	2	[{"changed": {"fields": ["order2"]}}]	28	1
179	2019-08-22 10:09:11.013024+00	98	https://yadi.sk/i/oUEaYshMDZCiVA	2	[{"changed": {"fields": ["order2"]}}]	28	1
180	2019-08-22 10:09:16.168328+00	99	https://yadi.sk/i/AoL7uVeCOxDZvA	2	[{"changed": {"fields": ["order2"]}}]	28	1
181	2019-08-22 10:09:20.719396+00	100	https://yadi.sk/i/vlI0w06a3BgC_w	2	[{"changed": {"fields": ["order2"]}}]	28	1
182	2019-08-22 10:09:25.881968+00	101	https://yadi.sk/i/6gA6QqAoAHNp1g	2	[{"changed": {"fields": ["order2"]}}]	28	1
183	2019-08-22 10:09:31.773438+00	102	https://yadi.sk/i/3CnEjpClDroWJw	2	[{"changed": {"fields": ["order2"]}}]	28	1
184	2019-08-22 10:09:37.708746+00	103	https://yadi.sk/i/ycuj5oGlGjXvdA	2	[{"changed": {"fields": ["order2"]}}]	28	1
185	2019-08-22 10:09:45.884479+00	67	https://yadi.sk/i/V_AWrUP1nio2Tw	2	[{"changed": {"fields": ["order2"]}}]	28	1
186	2019-08-22 10:09:53.308161+00	104	https://yadi.sk/i/kyyfiqSGvIE6RA	2	[{"changed": {"fields": ["order2"]}}]	28	1
187	2019-08-22 10:09:59.512782+00	105	https://yadi.sk/i/DqdLwqYOZR-DEQ	2	[{"changed": {"fields": ["order2"]}}]	28	1
188	2019-08-22 10:10:05.893749+00	106	https://yadi.sk/i/tlyaHU8ii8pjTQ	2	[{"changed": {"fields": ["order2"]}}]	28	1
189	2019-08-22 10:10:11.246718+00	107	https://yadi.sk/i/Qu6-trUjEckvgg	2	[{"changed": {"fields": ["order2"]}}]	28	1
190	2019-08-22 10:10:17.410256+00	108	https://yadi.sk/i/7SBODXV3uvrJ5w	2	[{"changed": {"fields": ["order2"]}}]	28	1
191	2019-08-22 10:10:26.124591+00	109	https://yadi.sk/i/Sp6EhxI59I1I0Q	2	[{"changed": {"fields": ["order2"]}}]	28	1
192	2019-08-22 10:10:33.068075+00	110	https://yadi.sk/i/e1XC-raV8Ur-8w	2	[{"changed": {"fields": ["order2"]}}]	28	1
193	2019-08-22 10:10:46.305504+00	112	https://yadi.sk/d/F_j_4_OfkTEtyA	2	[{"changed": {"fields": ["order2"]}}]	28	1
194	2019-08-22 10:10:52.426818+00	113	https://yadi.sk/i/kQlWj7GAxguLKg	2	[{"changed": {"fields": ["order2"]}}]	28	1
195	2019-08-22 10:10:59.704245+00	114	https://yadi.sk/i/lq8cdJp3pQtejA	2	[{"changed": {"fields": ["order"]}}]	28	1
196	2019-08-22 10:11:06.788719+00	115	https://yadi.sk/d/5P2NlZEe9vnCzQ	2	[{"changed": {"fields": ["order2"]}}]	28	1
197	2019-08-22 10:11:20.574806+00	116	https://yadi.sk/i/1OTv73jLxQZ9mg	2	[{"changed": {"fields": ["order2"]}}]	28	1
198	2019-08-22 10:11:26.265502+00	117	https://yadi.sk/i/IJvlgz-9yVZslw	2	[{"changed": {"fields": ["order2"]}}]	28	1
199	2019-08-22 10:11:32.367939+00	118	https://yadi.sk/d/NWajAaYme80SQA	2	[{"changed": {"fields": ["order2"]}}]	28	1
200	2019-08-22 10:11:45.040809+00	119	https://yadi.sk/i/iH49VvbKZoH4lw	2	[{"changed": {"fields": ["order2"]}}]	28	1
201	2019-08-22 10:11:50.98465+00	68	https://yadi.sk/i/PWul__v_drPwzA	2	[{"changed": {"fields": ["order2"]}}]	28	1
202	2019-08-22 10:13:08.05314+00	72	https://yadi.sk/i/INrfK13OAEtlJw	2	[{"changed": {"fields": ["order2"]}}]	28	1
203	2019-08-22 10:13:13.199198+00	71	https://yadi.sk/i/55wKIKEgM-l7Xw	2	[{"changed": {"fields": ["order2"]}}]	28	1
204	2019-08-22 10:13:19.922319+00	70	https://yadi.sk/i/WGbsvNn_dbEfRA	2	[{"changed": {"fields": ["order2"]}}]	28	1
205	2019-08-22 10:13:24.300453+00	69	https://yadi.sk/i/jRnWYie8r2QCIg	2	[{"changed": {"fields": ["order2"]}}]	28	1
206	2019-08-22 10:13:30.379969+00	119	https://yadi.sk/i/iH49VvbKZoH4lw	2	[{"changed": {"fields": ["order2"]}}]	28	1
207	2019-08-22 10:18:38.521526+00	111	https://yadi.sk/d/J_F0tHHrG-pj7w	2	[{"changed": {"fields": ["order2"]}}]	28	1
208	2019-08-22 10:18:52.088995+00	112	https://yadi.sk/d/F_j_4_OfkTEtyA	2	[{"changed": {"fields": ["order2"]}}]	28	1
209	2019-08-22 10:19:01.006478+00	113	https://yadi.sk/i/kQlWj7GAxguLKg	2	[{"changed": {"fields": ["order2"]}}]	28	1
210	2019-08-22 10:19:37.335601+00	114	https://yadi.sk/i/lq8cdJp3pQtejA	2	[{"changed": {"fields": ["order", "order2"]}}]	28	1
211	2019-08-22 10:19:49.007045+00	114	https://yadi.sk/i/lq8cdJp3pQtejA	2	[{"changed": {"fields": ["order2"]}}]	28	1
212	2019-08-22 10:19:55.247382+00	115	https://yadi.sk/d/5P2NlZEe9vnCzQ	2	[{"changed": {"fields": ["order2"]}}]	28	1
213	2019-08-22 10:20:06.813086+00	116	https://yadi.sk/i/1OTv73jLxQZ9mg	2	[{"changed": {"fields": ["order2"]}}]	28	1
214	2019-08-22 10:20:15.321558+00	117	https://yadi.sk/i/IJvlgz-9yVZslw	2	[{"changed": {"fields": ["order2"]}}]	28	1
215	2019-08-22 10:20:26.475943+00	118	https://yadi.sk/d/NWajAaYme80SQA	2	[{"changed": {"fields": ["order2"]}}]	28	1
216	2019-08-22 10:20:46.149622+00	119	https://yadi.sk/i/iH49VvbKZoH4lw	2	[{"changed": {"fields": ["order2"]}}]	28	1
217	2019-08-22 10:20:52.04638+00	119	https://yadi.sk/i/iH49VvbKZoH4lw	2	[{"changed": {"fields": ["order2"]}}]	28	1
218	2019-08-22 10:26:25.483422+00	24	https://yadi.sk/i/xBUyS2vr1ECO7A	2	[{"changed": {"fields": ["order2"]}}]	28	1
219	2019-08-22 10:26:43.478212+00	9	https://yadi.sk/i/k81e16gNXk_OgA	2	[{"changed": {"fields": ["order2"]}}]	28	1
220	2019-08-22 10:26:49.291823+00	10	https://yadi.sk/i/e67E2wCn9ZoJEg	2	[{"changed": {"fields": ["order2"]}}]	28	1
221	2019-08-22 10:26:55.196301+00	11	https://yadi.sk/i/7t01JTaJwJPNaw	2	[{"changed": {"fields": ["order2"]}}]	28	1
222	2019-08-22 10:27:01.702611+00	12	https://yadi.sk/i/KFENgJ1545fnIw	2	[{"changed": {"fields": ["order2"]}}]	28	1
223	2019-08-22 10:27:05.904339+00	13	https://yadi.sk/i/kBDa0FBhJa_mJQ	2	[{"changed": {"fields": ["order2"]}}]	28	1
224	2019-08-22 10:27:13.64252+00	14	https://yadi.sk/i/dEYhNwPM-x18WQ	2	[{"changed": {"fields": ["order2"]}}]	28	1
225	2019-08-22 10:27:18.83352+00	15	https://yadi.sk/i/gIVMKamYHQp0OQ	2	[{"changed": {"fields": ["order2"]}}]	28	1
226	2019-08-22 10:27:31.323978+00	16	https://yadi.sk/i/7IMHA_5PE_dnvA	2	[{"changed": {"fields": ["order2"]}}]	28	1
227	2019-08-22 10:27:39.400776+00	19	https://yadi.sk/i/SZKjx1LqMGTePw	2	[{"changed": {"fields": ["order2"]}}]	28	1
228	2019-08-22 10:27:45.854827+00	20	https://yadi.sk/i/F7ejPPQuMXB5mA	2	[{"changed": {"fields": ["order2"]}}]	28	1
229	2019-08-22 10:27:52.142846+00	21	https://yadi.sk/i/NjD7BBA4GIzSog	2	[{"changed": {"fields": ["order2"]}}]	28	1
230	2019-08-22 10:27:57.200013+00	22	https://yadi.sk/i/zWixXSL_O4yC8w	2	[{"changed": {"fields": ["order2"]}}]	28	1
231	2019-08-22 10:28:02.503854+00	23	https://yadi.sk/i/mVhqZvlPQxLgnQ	2	[{"changed": {"fields": ["order2"]}}]	28	1
232	2019-08-22 10:28:09.183355+00	25	https://yadi.sk/i/F6az2yu60ErV3Q	2	[{"changed": {"fields": ["order2"]}}]	28	1
233	2019-08-22 10:28:14.999167+00	26	https://yadi.sk/i/gf9ODyYd6Y4GPw	2	[{"changed": {"fields": ["order2"]}}]	28	1
234	2019-08-22 10:28:20.202482+00	27	https://yadi.sk/i/2myqjDr4nBoT8g	2	[{"changed": {"fields": ["order2"]}}]	28	1
235	2019-08-22 10:28:38.47076+00	28	https://yadi.sk/i/YUqvBnd6EuCHCQ	2	[{"changed": {"fields": ["order2"]}}]	28	1
236	2019-08-22 10:28:43.918606+00	29	https://yadi.sk/i/Yc20rmZF7U7L2Q	2	[{"changed": {"fields": ["order2"]}}]	28	1
237	2019-08-22 10:28:49.037758+00	30	https://yadi.sk/i/mjIpG6lbPk-Jvg	2	[{"changed": {"fields": ["order2"]}}]	28	1
238	2019-08-22 10:28:55.223458+00	31	https://yadi.sk/i/jnUxwaYfAbVPDA	2	[{"changed": {"fields": ["order2"]}}]	28	1
239	2019-08-22 10:29:00.783718+00	32	https://yadi.sk/i/rJBM0kh_QEDNLA	2	[{"changed": {"fields": ["order2"]}}]	28	1
240	2019-08-22 10:29:05.150632+00	33	https://yadi.sk/i/pSaKay5m9VaZCg	2	[{"changed": {"fields": ["order2"]}}]	28	1
241	2019-08-22 10:29:09.941668+00	34	https://yadi.sk/i/q_3APvsg09RlPA	2	[{"changed": {"fields": ["order2"]}}]	28	1
242	2019-08-22 10:29:14.053119+00	35	https://yadi.sk/i/Ce8uhTjyV-oy6g	2	[{"changed": {"fields": ["order2"]}}]	28	1
243	2019-08-22 10:29:18.213409+00	36	https://yadi.sk/i/TsFK3PZcTqGJqw	2	[{"changed": {"fields": ["order2"]}}]	28	1
244	2019-08-22 10:29:22.444788+00	37	https://yadi.sk/i/M41hlUZFQyeMkA	2	[{"changed": {"fields": ["order2"]}}]	28	1
245	2019-08-22 10:29:28.633625+00	38	https://yadi.sk/i/3I1VlYIZJUFGpQ	2	[{"changed": {"fields": ["order2"]}}]	28	1
246	2019-08-22 10:29:36.15993+00	39	https://yadi.sk/i/xsGw8xmEy6JXjA	2	[{"changed": {"fields": ["order2"]}}]	28	1
247	2019-08-22 10:29:39.973695+00	40	https://yadi.sk/i/sXZw4RJB2ICE8g	2	[{"changed": {"fields": ["order2"]}}]	28	1
248	2019-08-22 10:29:43.949814+00	41	https://yadi.sk/i/zqJl9H0WQWnrZw	2	[{"changed": {"fields": ["order2"]}}]	28	1
249	2019-08-22 10:29:48.115188+00	42	https://yadi.sk/i/ZBeA8yjmCCmtLw	2	[{"changed": {"fields": ["order2"]}}]	28	1
250	2019-08-22 10:29:52.582876+00	43	https://yadi.sk/i/ts3TpfwT_Kkscg	2	[{"changed": {"fields": ["order2"]}}]	28	1
251	2019-08-22 10:29:57.308624+00	44	https://yadi.sk/i/iPxsPDbkZqariw	2	[{"changed": {"fields": ["order2"]}}]	28	1
252	2019-08-22 10:30:01.094532+00	45	https://yadi.sk/i/-nG-bWVCmATgzg	2	[{"changed": {"fields": ["order2"]}}]	28	1
253	2019-08-22 10:30:04.791372+00	46	https://yadi.sk/i/n5TSHFErvxVssQ	2	[{"changed": {"fields": ["order2"]}}]	28	1
254	2019-08-22 10:30:09.004357+00	47	https://yadi.sk/i/PiVyXR0iTapguA	2	[{"changed": {"fields": ["order2"]}}]	28	1
255	2019-08-22 10:30:20.820919+00	48	https://yadi.sk/i/Zpws4oY6uqs63Q	2	[{"changed": {"fields": ["order2"]}}]	28	1
256	2019-08-22 10:30:26.643449+00	49	https://yadi.sk/i/Qs1MsKjZWk0Ncg	2	[{"changed": {"fields": ["order2"]}}]	28	1
257	2019-08-22 10:30:30.835807+00	50	https://yadi.sk/i/x1tkqvZ1AKOWLA	2	[{"changed": {"fields": ["order2"]}}]	28	1
258	2019-08-22 10:30:35.480196+00	51	https://yadi.sk/i/BEVeWGnIen_ehA	2	[{"changed": {"fields": ["order2"]}}]	28	1
259	2019-08-22 10:30:49.804537+00	52	https://yadi.sk/i/fg9zGObOEgrihw	2	[{"changed": {"fields": ["order2"]}}]	28	1
260	2019-08-22 10:30:56.099422+00	53	https://yadi.sk/i/d1nYotyHO-dIQA	2	[{"changed": {"fields": ["order2"]}}]	28	1
261	2019-08-22 10:31:00.194693+00	54	https://yadi.sk/i/wbDSD_TxbBJIMA	2	[{"changed": {"fields": ["order2"]}}]	28	1
262	2019-08-22 10:31:04.073829+00	55	https://yadi.sk/i/Mlem6R0pw1EBAw	2	[{"changed": {"fields": ["order2"]}}]	28	1
263	2019-08-22 10:31:07.990415+00	56	https://yadi.sk/i/2eqLaTOD5B59Ng	2	[{"changed": {"fields": ["order2"]}}]	28	1
264	2019-08-22 10:31:11.587064+00	57	https://yadi.sk/i/O48FAY56xxkyCQ	2	[{"changed": {"fields": ["order2"]}}]	28	1
265	2019-08-22 10:31:14.821681+00	58	https://yadi.sk/i/2nrLrLgOq7C_9g	2	[{"changed": {"fields": ["order2"]}}]	28	1
266	2019-08-22 10:31:18.253541+00	59	https://yadi.sk/i/WhI4teFcPEv9jQ	2	[{"changed": {"fields": ["order2"]}}]	28	1
267	2019-08-22 10:31:21.517691+00	60	https://yadi.sk/i/57JqXuUeKznLBw	2	[{"changed": {"fields": ["order2"]}}]	28	1
268	2019-08-22 10:31:24.989134+00	61	https://yadi.sk/i/IGLlBBxcAFQ8DQ	2	[{"changed": {"fields": ["order2"]}}]	28	1
269	2019-08-22 10:31:28.233617+00	62	https://yadi.sk/i/e9v4YPpKgQgRJg	2	[{"changed": {"fields": ["order2"]}}]	28	1
270	2019-08-22 10:31:31.299605+00	63	https://yadi.sk/i/jP8y_qEFN-pSDg	2	[{"changed": {"fields": ["order2"]}}]	28	1
271	2019-08-22 10:54:02.985722+00	3	Дневники - От игровой зависимости	3		27	1
272	2019-08-22 10:54:37.593819+00	120	https://yadi.sk/i/SviAh38knWkLuQ	1	[{"added": {}}]	28	1
273	2019-08-22 10:54:51.944212+00	121	https://yadi.sk/i/DhkawMSwre6X3g	1	[{"added": {}}]	28	1
274	2019-08-22 17:15:14.492907+00	1	Фахреев В А Урок Трезвости 1	3		15	1
275	2019-08-22 17:15:14.494927+00	2	Фахреев В А Урок Трезвости 2	3		15	1
276	2019-08-22 17:15:14.496281+00	3	Фахреев В А Урок Трезвости 3	3		15	1
277	2019-08-22 17:15:14.497465+00	4	Фахреев В А Урок Трезвости 4	3		15	1
278	2019-08-22 17:15:14.498622+00	5	Фахреев В А Урок Трезвости 5	3		15	1
279	2019-08-22 17:15:14.499738+00	6	Фахреев В А Урок Трезвости 6	3		15	1
280	2019-08-22 18:21:40.141124+00	1	Краснодарский проект	1	[{"added": {}}]	30	1
281	2019-08-22 18:21:54.077027+00	1	Тестовая новость	2	[{"changed": {"fields": ["title"]}}]	30	1
282	2019-08-22 18:56:41.355309+00	1	Фахреев В А Урок Трезвости 1	1	[{"added": {}}]	32	1
283	2019-08-23 08:44:04.933895+00	2	Тестовая новость 2	1	[{"added": {}}]	30	1
284	2019-08-23 09:04:15.816099+00	2	Тестовая новость 2	2	[{"changed": {"fields": ["image"]}}]	30	1
285	2019-08-23 17:42:19.587472+00	4	Разное	1	[{"added": {}}]	9	1
286	2019-08-24 08:59:15.098822+00	1	vfggffge	3		31	1
287	2019-08-24 10:43:56.674546+00	1	VK	1	[{"added": {}}]	21	1
288	2019-08-24 10:44:13.633541+00	1	трезвый-альметьевск.рф	2	[{"changed": {"fields": ["domain", "name"]}}]	7	1
289	2019-08-24 10:44:24.152704+00	1	VK	2	[{"changed": {"fields": ["sites"]}}]	21	1
290	2019-08-24 14:07:14.611737+00	2	ghbthrg y y45y 5y45y45y 4e5y 5y 45y 45y46y ey6y6er 4ur6shrhs65u 6u 6 6uy r6u s5js 66 u4u46y a46  6y4 46y 4	3		31	1
291	2019-08-24 15:46:54.14452+00	15	Serg, 56u 7u8 67	3		31	1
292	2019-08-24 15:46:54.146401+00	14	Serg, thrt6yr6tyh6r	3		31	1
293	2019-08-24 15:46:54.147533+00	13	Serg, yjytui7i7t6	3		31	1
294	2019-08-24 15:46:54.148709+00	12	Serg, tyu6	3		31	1
295	2019-08-24 15:46:54.149818+00	11	Serg, vbfnfntyuj	3		31	1
296	2019-08-24 15:46:54.150966+00	10	Serg, ответ на коммент	3		31	1
297	2019-08-24 15:46:54.152086+00	9	Serg, аааааааааааааа	3		31	1
298	2019-08-24 15:46:54.153122+00	8	nice_web, ghgff	3		31	1
299	2019-08-24 15:46:54.156509+00	7	vfghb	3		31	1
300	2019-08-24 15:46:54.158215+00	6	Serg, vfbfgs	3		31	1
301	2019-08-24 15:46:54.159427+00	5	Serg, g ggg	3		31	1
302	2019-08-24 15:46:54.160443+00	4	tyu u u 56	3		31	1
303	2019-08-24 15:46:54.161452+00	3	g rttr	3		31	1
304	2019-08-25 13:25:25.170448+00	1	54 4y 456 e6u	1	[{"added": {}}]	33	1
305	2019-08-25 14:29:32.121983+00	2	Фахреев В А Урок Трезвости 2	1	[{"added": {}}]	32	1
306	2019-08-25 14:30:45.537438+00	3	Фахреев В А Урок Трезвости 3	1	[{"added": {}}]	32	1
307	2019-08-25 14:31:35.630419+00	4	Фахреев В А Урок Трезвости 4	1	[{"added": {}}]	32	1
308	2019-08-25 14:32:25.640061+00	5	Фахреев В А Урок Трезвости 5	1	[{"added": {}}]	32	1
309	2019-08-25 14:33:08.508933+00	6	Фахреев В А Урок Трезвости 6	1	[{"added": {}}]	32	1
310	2019-08-25 14:36:23.204099+00	7	Фахреев В.А. - спецкурс - 1 занятие	1	[{"added": {}}]	32	1
311	2019-08-25 14:37:06.293105+00	8	Фахреев В.А. - спецкурс - 2 занятие (1 часть)	1	[{"added": {}}]	32	1
312	2019-08-25 14:37:54.658923+00	9	Фахреев В.А. - спецкурс - 2 занятие (2 часть)	1	[{"added": {}}]	32	1
313	2019-08-25 14:38:42.725412+00	10	Фахреев В.А. - спецкурс - 3 занятие	1	[{"added": {}}]	32	1
314	2019-08-25 14:39:25.497198+00	11	Фахреев В.А. - спецкурс - 4 занятие	1	[{"added": {}}]	32	1
315	2019-08-25 14:40:19.426769+00	12	Фахреев В.А. - спецкурс - 5 занятие	1	[{"added": {}}]	32	1
316	2019-08-25 14:41:00.322468+00	13	Фахреев В.А. - спецкурс - 6 занятие	1	[{"added": {}}]	32	1
317	2019-08-25 14:41:44.94825+00	14	Фахреев В.А. - спецкурс - 7 занятие	1	[{"added": {}}]	32	1
318	2019-08-25 14:42:23.519773+00	15	Фахреев В.А. - спецкурс - 8 занятие	1	[{"added": {}}]	32	1
319	2019-08-25 14:43:03.220562+00	16	Фахреев В.А. - спецкурс - 9 занятие	1	[{"added": {}}]	32	1
320	2019-08-25 14:45:07.702325+00	3	Спецкурс - вторая версия	2	[{"changed": {"fields": ["name"]}}]	9	1
321	2019-08-25 14:45:52.985842+00	17	Фахреев В А Уроки трезвости ч 1	1	[{"added": {}}]	32	1
322	2019-08-25 14:46:36.572672+00	18	Фахреев В А Уроки трезвости ч 2	1	[{"added": {}}]	32	1
323	2019-08-25 14:47:14.751558+00	19	Фахреев В А Уроки трезвости ч 3	1	[{"added": {}}]	32	1
324	2019-08-25 14:47:50.010475+00	20	Фахреев В А Уроки трезвости ч 4	1	[{"added": {}}]	32	1
325	2019-08-25 14:49:10.774784+00	1	Фахреев В А Урок Трезвости 1	2	[{"changed": {"fields": ["posted"]}}]	32	1
326	2019-08-25 14:50:00.876951+00	8	Фахреев В.А. - спецкурс - 2/1	2	[{"changed": {"fields": ["title"]}}]	32	1
327	2019-08-25 14:50:13.14384+00	9	Фахреев В.А. - спецкурс - 2/2	2	[{"changed": {"fields": ["title"]}}]	32	1
328	2019-08-25 16:21:26.90943+00	2	Тестовая новость 2	3		30	1
329	2019-08-25 20:43:59.181404+00	1	Уроки трезвости для подрастающего поколения	2	[{"changed": {"fields": ["name"]}}]	9	1
330	2019-08-26 07:10:05.250463+00	1	Открытие сайта и другие новости	2	[{"changed": {"fields": ["title", "content", "posted", "image"]}}]	30	1
331	2019-08-26 10:20:44.272597+00	2	Привет))))))))))))))))))))))))))))))))))))))))))))))))	3		26	1
332	2019-08-26 10:20:44.274522+00	1	Привет))))))	3		26	1
333	2019-08-26 10:20:58.12769+00	19	ghtr y6u65	3		31	1
334	2019-08-26 10:20:58.129313+00	18	nice_web, ььаьпьаьдчч	3		31	1
335	2019-08-26 10:20:58.130448+00	17	Serg, отеноенг	3		31	1
336	2019-08-26 10:20:58.131829+00	16	кнр6нг	3		31	1
337	2019-08-26 10:21:07.781496+00	1	54 4y 456 e6u	3		33	1
338	2019-08-26 11:20:53.426745+00	1	Открытие сайта и другие новости	2	[{"changed": {"fields": ["content", "posted"]}}]	30	1
339	2019-09-02 18:10:18.086836+00	3	Спецкурс 16 сентября в г.Альметьевск	1	[{"added": {}}]	30	1
340	2019-09-05 19:42:10.957914+00	5	Всем здравствуйте! \r\nМеня зовут Игорь, я зависимый. Мне 45 лет. \r\nНаркотики, как социальные, так и запрещенные, являлись для меня способом существования. \r\nПотери (институт, семья, здоровье, свобода) 	2	[{"changed": {"fields": ["content2"]}}]	26	1
341	2019-09-05 19:42:46.202337+00	4	Меня зовут Виктория. \r\nПочти год назад я посмотрела "Уроки трезвости" В.А. Фахреева и уже после первой лекции я выбросила все сигареты из дома (курила 12 лет). За одно бросила распитие спиртного "по п	2	[{"changed": {"fields": ["content2"]}}]	26	1
342	2019-09-05 19:42:56.775252+00	3	Меня зовут Алексей, мне 44 года. В  трезвости 9 лет. Женат, двое детей.  В каком возрасте начал баловаться вином и сигаретами точно сказать не могу, но в 16 уже курил по-взрослому и выпивал по поводу.	2	[{"changed": {"fields": ["content2"]}}]	26	1
343	2019-09-06 07:07:33.906242+00	8	Serg	1	[{"added": {}}]	26	1
344	2019-09-06 07:07:42.269529+00	8	Serg	3		26	1
345	2019-09-06 07:15:31.572993+00	14	Serg	3		26	1
346	2019-09-06 07:15:31.575593+00	13	Serg	3		26	1
347	2019-09-06 07:15:31.576927+00	12	Serg	3		26	1
348	2019-09-06 07:15:31.578113+00	11	Serg	3		26	1
349	2019-09-06 07:15:31.579449+00	10	Serg	3		26	1
350	2019-09-06 07:15:31.580738+00	9	Serg	3		26	1
351	2019-09-06 07:16:44.767659+00	15	Serg	3		26	1
352	2019-09-06 07:28:29.17329+00	18	Serg	3		26	1
353	2019-09-06 07:28:29.175149+00	17	Serg	3		26	1
354	2019-09-06 07:28:29.176178+00	16	Serg	3		26	1
355	2019-09-06 08:22:19.888032+00	20	Serg	3		26	1
356	2019-09-06 08:22:19.890282+00	19	Serg	3		26	1
357	2019-09-06 19:49:57.344787+00	21	ildan81@yandex.ru	2	[]	26	1
358	2019-09-18 19:31:22.721888+00	4	Медицинский метод	2	[{"changed": {"fields": ["name"]}}]	9	1
359	2019-09-18 19:32:45.630188+00	21	Что такое алкоголизм? Зайцев С.Н.	1	[{"added": {}}]	32	1
360	2019-09-18 19:34:16.095366+00	22	Причины алкоголизма	1	[{"added": {}}]	32	1
361	2019-09-28 13:28:06.077898+00	24	id189851225	3		26	1
362	2019-11-20 15:18:35.970912+00	3	Получен грант для реализации проекта "Здоровый выбор"	1	[{"added": {}}]	34	1
363	2019-11-20 15:35:48.001469+00	4	Собрано на проект "Новое авто клубу"	1	[{"added": {}}]	34	1
364	2019-11-20 15:39:46.977883+00	5	Куплен автомобиль для нужд клуба	1	[{"added": {}}]	34	1
365	2019-11-20 15:42:29.769559+00	6	Собрано средств на доп оборудование	1	[{"added": {}}]	34	1
366	2019-11-20 15:43:37.605875+00	7	На доп оборудование	1	[{"added": {}}]	34	1
367	2019-11-20 15:44:33.609038+00	8	Ежемесячные расходы	1	[{"added": {}}]	34	1
368	2019-11-20 15:45:31.793798+00	9	израсходовано из средств гранта	1	[{"added": {}}]	34	1
369	2019-11-20 15:46:03.287635+00	10	пожертвование Фонду	1	[{"added": {}}]	34	1
370	2019-11-20 15:46:13.761475+00	11	пожертвование Фонду	1	[{"added": {}}]	34	1
371	2019-11-20 15:46:37.601085+00	11	пожертвование Фонду	2	[{"changed": {"fields": ["money"]}}]	34	1
372	2019-11-20 15:47:22.635948+00	10	закупка мягкой мебели для клуба	2	[{"changed": {"fields": ["plus", "minus", "money", "description", "posted"]}}]	34	1
373	2019-11-20 16:29:34.441249+00	4	Юбилей!	1	[{"added": {}}]	30	1
374	2019-12-03 17:28:43.138586+00	5	Предновогодний курс	1	[{"added": {}}]	30	1
375	2020-02-05 18:58:45.405478+00	35	Volodin	2	[{"changed": {"fields": ["username"]}}]	4	1
376	2020-02-05 18:58:57.952171+00	39	Volodin	3		26	1
377	2020-02-05 18:58:57.955192+00	38	Volodin	3		26	1
378	2020-02-05 18:58:57.956849+00	37	Volodin	3		26	1
379	2020-03-02 14:28:44.001806+00	42	id31847496	3		26	1
\.


--
-- Name: django_admin_log_id_seq; Type: SEQUENCE SET; Schema: public; Owner: almet
--

SELECT pg_catalog.setval('public.django_admin_log_id_seq', 379, true);


--
-- Data for Name: django_content_type; Type: TABLE DATA; Schema: public; Owner: almet
--

COPY public.django_content_type (id, app_label, model) FROM stdin;
1	admin	logentry
2	auth	permission
3	auth	group
4	auth	user
5	contenttypes	contenttype
6	sessions	session
7	sites	site
8	authtoken	token
9	category	category
10	main	likedislike
11	main	feedback
12	easy_thumbnails	thumbnaildimensions
13	easy_thumbnails	source
14	easy_thumbnails	thumbnail
15	movies	movie
16	movies	comment
17	taggit	taggeditem
18	taggit	tag
19	account	emailaddress
20	account	emailconfirmation
21	socialaccount	socialapp
22	socialaccount	socialtoken
23	socialaccount	socialaccount
24	profiles	userprofile
25	news	new
26	guestbook	guestbook
27	diary	diarycategory
28	diary	diary
29	news	newscomment
30	news2	new
31	movies2	comment
32	movies2	movie
33	news2	newcomment
34	about	report
\.


--
-- Name: django_content_type_id_seq; Type: SEQUENCE SET; Schema: public; Owner: almet
--

SELECT pg_catalog.setval('public.django_content_type_id_seq', 34, true);


--
-- Data for Name: django_migrations; Type: TABLE DATA; Schema: public; Owner: almet
--

COPY public.django_migrations (id, app, name, applied) FROM stdin;
1	contenttypes	0001_initial	2019-08-19 13:43:51.554348+00
2	auth	0001_initial	2019-08-19 13:43:51.591922+00
3	account	0001_initial	2019-08-19 13:43:51.64492+00
4	account	0002_email_max_length	2019-08-19 13:43:51.664058+00
5	admin	0001_initial	2019-08-19 13:43:51.681132+00
6	admin	0002_logentry_remove_auto_add	2019-08-19 13:43:51.697816+00
7	admin	0003_logentry_add_action_flag_choices	2019-08-19 13:43:51.709822+00
8	contenttypes	0002_remove_content_type_name	2019-08-19 13:43:51.747587+00
9	auth	0002_alter_permission_name_max_length	2019-08-19 13:43:51.755107+00
10	auth	0003_alter_user_email_max_length	2019-08-19 13:43:51.76743+00
11	auth	0004_alter_user_username_opts	2019-08-19 13:43:51.779818+00
12	auth	0005_alter_user_last_login_null	2019-08-19 13:43:51.792155+00
13	auth	0006_require_contenttypes_0002	2019-08-19 13:43:51.793983+00
14	auth	0007_alter_validators_add_error_messages	2019-08-19 13:43:51.808618+00
15	auth	0008_alter_user_username_max_length	2019-08-19 13:43:51.82327+00
16	auth	0009_alter_user_last_name_max_length	2019-08-19 13:43:51.835213+00
17	auth	0010_alter_group_name_max_length	2019-08-19 13:43:51.846613+00
18	auth	0011_update_proxy_permissions	2019-08-19 13:43:51.864667+00
19	authtoken	0001_initial	2019-08-19 13:43:51.879123+00
20	authtoken	0002_auto_20160226_1747	2019-08-19 13:43:51.964166+00
21	easy_thumbnails	0001_initial	2019-08-19 13:43:51.989006+00
22	easy_thumbnails	0002_thumbnaildimensions	2019-08-19 13:43:52.00896+00
23	sessions	0001_initial	2019-08-19 13:43:52.017775+00
24	sites	0001_initial	2019-08-19 13:43:52.02786+00
25	sites	0002_alter_domain_unique	2019-08-19 13:43:52.035711+00
26	socialaccount	0001_initial	2019-08-19 13:43:52.103702+00
27	socialaccount	0002_token_max_lengths	2019-08-19 13:43:52.150106+00
28	socialaccount	0003_extra_data_default_dict	2019-08-19 13:43:52.164726+00
29	taggit	0001_initial	2019-08-19 13:43:52.191122+00
30	taggit	0002_auto_20150616_2121	2019-08-19 13:43:52.207312+00
31	taggit	0003_taggeditem_add_unique_index	2019-08-19 13:43:52.21671+00
32	category	0001_initial	2019-08-19 13:45:09.637927+00
33	main	0001_initial	2019-08-19 13:45:09.67492+00
34	movies	0001_initial	2019-08-19 13:45:09.740927+00
35	profiles	0001_initial	2019-08-19 13:45:09.783646+00
36	news	0001_initial	2019-08-19 13:48:04.194249+00
37	guestbook	0001_initial	2019-08-20 16:36:16.530552+00
38	diary	0001_initial	2019-08-21 10:07:58.668117+00
39	category	0002_auto_20190821_2110	2019-08-21 18:10:38.753748+00
40	movies	0002_auto_20190821_2110	2019-08-21 18:10:38.789529+00
41	diary	0002_auto_20190821_2123	2019-08-21 18:23:18.901412+00
42	diary	0003_auto_20190821_2128	2019-08-21 18:28:57.511554+00
43	diary	0004_auto_20190821_2132	2019-08-21 18:32:22.547916+00
44	diary	0005_auto_20190821_2221	2019-08-21 19:21:38.253079+00
45	movies	0003_auto_20190822_1247	2019-08-22 09:47:16.799468+00
46	diary	0006_auto_20190822_1303	2019-08-22 10:03:46.51305+00
47	diary	0007_auto_20190822_1953	2019-08-22 16:57:11.357791+00
48	news	0002_newscomment	2019-08-22 17:36:49.113433+00
49	news	0003_new_user	2019-08-22 17:39:55.572162+00
50	news2	0001_initial	2019-08-22 18:20:56.657134+00
51	movies2	0001_initial	2019-08-22 18:48:55.776977+00
52	news2	0002_auto_20190825_1434	2019-08-25 11:34:55.089541+00
53	guestbook	0002_auto_20190905_2240	2019-09-05 19:41:24.834676+00
54	guestbook	0003_auto_20190906_0952	2019-09-06 06:52:12.778879+00
55	guestbook	0004_auto_20190906_1003	2019-09-06 07:03:16.401216+00
56	guestbook	0005_auto_20190906_1005	2019-09-06 07:05:39.097272+00
57	guestbook	0006_auto_20190906_1011	2019-09-06 07:11:32.927317+00
58	guestbook	0007_remove_guestbook_content	2019-09-06 08:19:40.833831+00
59	about	0001_initial	2019-11-20 14:12:58.149568+00
60	about	0002_auto_20191120_1749	2019-11-20 14:50:01.382694+00
61	about	0003_report_money	2019-11-20 15:16:05.788042+00
\.


--
-- Name: django_migrations_id_seq; Type: SEQUENCE SET; Schema: public; Owner: almet
--

SELECT pg_catalog.setval('public.django_migrations_id_seq', 61, true);


--
-- Data for Name: django_session; Type: TABLE DATA; Schema: public; Owner: almet
--

COPY public.django_session (session_key, session_data, expire_date) FROM stdin;
swfqw0tm23mea89e2f71j1ja72vajmzo	ODU1ZTk2YWVmODY1YjU4NTc5NmJlZmI2YmMzYWE4YjAwZDZkODU3ODqABJVcAAAAAAAAAH2UjBNzb2NpYWxhY2NvdW50X3N0YXRllH2UKIwLYXV0aF9wYXJhbXOUjACUjAVzY29wZZRoBIwHcHJvY2Vzc5SMBWxvZ2lulHWMDG04RTRqTXNpTEo3YpSGlHMu	2019-09-22 20:14:34.086091+00
n93to0kxb0zo75y87cx5ibkpzzb5ma5k	ZDc1ZTFhZmNiMDMyMTQxNmNmNjY1ZmQyZTY5NTY4NTliYjgzZTAxOTqABJVcAAAAAAAAAH2UjBNzb2NpYWxhY2NvdW50X3N0YXRllH2UKIwFc2NvcGWUjACUjAdwcm9jZXNzlIwFbG9naW6UjAthdXRoX3BhcmFtc5RoBHWMDHk0N0RlYnJyNjROU5SGlHMu	2019-09-07 22:00:31.580112+00
mk9yiy4g0hgr83tgrh9x65dw7wytfza0	MmRmNWNlYWI0MTRjMjg5MmU0MzhlNDc2ODQ0ODU0NzNhYzBhN2U0YjqABJWXAAAAAAAAAH2UKIwNX2F1dGhfdXNlcl9pZJSMATGUjA9fYXV0aF91c2VyX2hhc2iUjCg3YTNjMmMyZjc2NmNkMWJjZTBiMTdiMmNkNzU4NDg4ZmViNTgyOTc0lIwSX2F1dGhfdXNlcl9iYWNrZW5klIwpZGphbmdvLmNvbnRyaWIuYXV0aC5iYWNrZW5kcy5Nb2RlbEJhY2tlbmSUdS4=	2019-09-07 10:57:58.850569+00
8y5cpqti5rei4vlrdga3s1ww1mnddhaw	ZDA3NTQ4YWRmZDkxMGI0YmM0MTNhNTRjMDMwMjJjZTQ3YjIzYzJjMTqABJXvAAAAAAAAAH2UKIwNX2F1dGhfdXNlcl9pZJSMATGUjA9fYXV0aF91c2VyX2hhc2iUjCg3YTNjMmMyZjc2NmNkMWJjZTBiMTdiMmNkNzU4NDg4ZmViNTgyOTc0lIwSX2F1dGhfdXNlcl9iYWNrZW5klIwpZGphbmdvLmNvbnRyaWIuYXV0aC5iYWNrZW5kcy5Nb2RlbEJhY2tlbmSUjBNzb2NpYWxhY2NvdW50X3N0YXRllH2UKIwFc2NvcGWUjACUjAdwcm9jZXNzlIwFbG9naW6UjAthdXRoX3BhcmFtc5RoCnWMDEI5eHlTVTc3MDFYMJSGlHUu	2019-09-07 11:06:35.346862+00
tttcoet9x35lo9eb5sh6rd7t9m27yl8r	ZjdkY2FlZjU4YWJhYTdhZjYzNzIxNDk3NmNiMDZjNDBkMmFlOWQ1NjqABJWXAAAAAAAAAH2UKIwPX2F1dGhfdXNlcl9oYXNolIwoN2EzYzJjMmY3NjZjZDFiY2UwYjE3YjJjZDc1ODQ4OGZlYjU4Mjk3NJSMEl9hdXRoX3VzZXJfYmFja2VuZJSMKWRqYW5nby5jb250cmliLmF1dGguYmFja2VuZHMuTW9kZWxCYWNrZW5klIwNX2F1dGhfdXNlcl9pZJSMATGUdS4=	2019-09-08 09:45:15.401125+00
djkeuxyk117482xlzt8jncs5r6wgbffr	ZjdkY2FlZjU4YWJhYTdhZjYzNzIxNDk3NmNiMDZjNDBkMmFlOWQ1NjqABJWXAAAAAAAAAH2UKIwPX2F1dGhfdXNlcl9oYXNolIwoN2EzYzJjMmY3NjZjZDFiY2UwYjE3YjJjZDc1ODQ4OGZlYjU4Mjk3NJSMEl9hdXRoX3VzZXJfYmFja2VuZJSMKWRqYW5nby5jb250cmliLmF1dGguYmFja2VuZHMuTW9kZWxCYWNrZW5klIwNX2F1dGhfdXNlcl9pZJSMATGUdS4=	2019-09-08 09:45:15.466789+00
ehfgsrgjppcpf279lq2afzaj6fb7ea58	MWE5Y2NjMWI0MzgwM2NiYTNkMjljMjM0NTA4YTM5MjEyYzUxZjk1YjqABJWXAAAAAAAAAH2UKIwSX2F1dGhfdXNlcl9iYWNrZW5klIwpZGphbmdvLmNvbnRyaWIuYXV0aC5iYWNrZW5kcy5Nb2RlbEJhY2tlbmSUjA1fYXV0aF91c2VyX2lklIwBMZSMD19hdXRoX3VzZXJfaGFzaJSMKDdhM2MyYzJmNzY2Y2QxYmNlMGIxN2IyY2Q3NTg0ODhmZWI1ODI5NzSUdS4=	2019-09-08 13:31:10.900147+00
d40oa4g8bqzmdt48ej3w5t8wetwk9qco	ZjdkY2FlZjU4YWJhYTdhZjYzNzIxNDk3NmNiMDZjNDBkMmFlOWQ1NjqABJWXAAAAAAAAAH2UKIwPX2F1dGhfdXNlcl9oYXNolIwoN2EzYzJjMmY3NjZjZDFiY2UwYjE3YjJjZDc1ODQ4OGZlYjU4Mjk3NJSMEl9hdXRoX3VzZXJfYmFja2VuZJSMKWRqYW5nby5jb250cmliLmF1dGguYmFja2VuZHMuTW9kZWxCYWNrZW5klIwNX2F1dGhfdXNlcl9pZJSMATGUdS4=	2019-09-09 11:23:55.931275+00
ozhc1os9kv9fv1y95c8i0aksk5j810zr	OGI0OWYwM2Q1M2Q0YmQ2MDgzNTI1MGVmNGU2OTMzMGRiNDgwZGVlNzqABJVcAAAAAAAAAH2UjBNzb2NpYWxhY2NvdW50X3N0YXRllH2UKIwFc2NvcGWUjACUjAdwcm9jZXNzlIwFbG9naW6UjAthdXRoX3BhcmFtc5RoBHWMDGpROUNVeTJ3TW1OWZSGlHMu	2019-09-09 19:21:52.837781+00
4cv1o9eyrwka5yecddykojpoeufm7xid	Nzg4OTJlY2M1YWVhZWFjYzc4YzI3NzViODAyZmI4Y2E5ZDYzZWNiNTqABJXOAAAAAAAAAH2UKIwSX2F1dGhfdXNlcl9iYWNrZW5klIwzYWxsYXV0aC5hY2NvdW50LmF1dGhfYmFja2VuZHMuQXV0aGVudGljYXRpb25CYWNrZW5klIwPX2F1dGhfdXNlcl9oYXNolIwoNTJlZDYyZmQyM2JkZGQyOGVkOTU5NzBiMDk3MjVkOTFiZTZjY2FiY5SMDV9hdXRoX3VzZXJfaWSUjAE0lIwWYWNjb3VudF92ZXJpZmllZF9lbWFpbJROjAxhY2NvdW50X3VzZXKUjAE0lHUu	2019-09-10 14:00:27.661217+00
yzotb7576qh701pbzcvzk8zhovmccyw5	M2VhYjU2NTg5MGRjZmIyYjJmOTEwN2MxMzBjMDhhYzJhYmViOTQ0NTqABJVcAAAAAAAAAH2UjBNzb2NpYWxhY2NvdW50X3N0YXRllH2UKIwFc2NvcGWUjACUjAdwcm9jZXNzlIwFbG9naW6UjAthdXRoX3BhcmFtc5RoBHWMDGZMcTVBbEFwU2hNVZSGlHMu	2019-09-10 18:53:53.410483+00
g8zhqlz32i1xdcbo14puk22moo76ak2q	MTgyMTU2YWJlMzVjYzI1YjY2YTAwZWU3MWEwYjRlYTczNDU3MTk0YzqABJXOAAAAAAAAAH2UKIwNX2F1dGhfdXNlcl9pZJSMATWUjBJfYXV0aF91c2VyX2JhY2tlbmSUjDNhbGxhdXRoLmFjY291bnQuYXV0aF9iYWNrZW5kcy5BdXRoZW50aWNhdGlvbkJhY2tlbmSUjA9fYXV0aF91c2VyX2hhc2iUjChlNDNhZWEzZTUwN2RiMjJlODI3NzZiMjM2ZGYxYmU3MjgyMTg3MWMylIwWYWNjb3VudF92ZXJpZmllZF9lbWFpbJROjAxhY2NvdW50X3VzZXKUjAE1lHUu	2019-09-11 15:37:48.845705+00
jlek9oxffmr5899y6pi41wa9g42ama6m	MDNkZGQwNWVhOTNiZjM5MTU4NDFhZjVhNjQ2ZDNkOThmZGM0NjBmZjqABJXOAAAAAAAAAH2UKIwNX2F1dGhfdXNlcl9pZJSMATaUjBJfYXV0aF91c2VyX2JhY2tlbmSUjDNhbGxhdXRoLmFjY291bnQuYXV0aF9iYWNrZW5kcy5BdXRoZW50aWNhdGlvbkJhY2tlbmSUjA9fYXV0aF91c2VyX2hhc2iUjCg4NTMzZWYyOGJjNzYwNmIwZWM2MDdkY2NlMzNjYTcyMmIwNTFkNzZllIwWYWNjb3VudF92ZXJpZmllZF9lbWFpbJROjAxhY2NvdW50X3VzZXKUjAE2lHUu	2019-09-11 19:42:10.106554+00
uppgs5gy1qbujif94zcv6veb1vz008gt	ZmFmNDQxNThmMmUyYzJlNDFiOWJjOGNmODNhZmIxOWEwNzJmMzNkYzqABJVcAAAAAAAAAH2UjBNzb2NpYWxhY2NvdW50X3N0YXRllH2UKIwFc2NvcGWUjACUjAdwcm9jZXNzlIwFbG9naW6UjAthdXRoX3BhcmFtc5RoBHWMDGVXbU9LeXpGZUJqTpSGlHMu	2019-09-12 03:23:53.298147+00
3mm2pg2geb6tbfhh06g0jza4qhrv0dcr	ZjdkY2FlZjU4YWJhYTdhZjYzNzIxNDk3NmNiMDZjNDBkMmFlOWQ1NjqABJWXAAAAAAAAAH2UKIwPX2F1dGhfdXNlcl9oYXNolIwoN2EzYzJjMmY3NjZjZDFiY2UwYjE3YjJjZDc1ODQ4OGZlYjU4Mjk3NJSMEl9hdXRoX3VzZXJfYmFja2VuZJSMKWRqYW5nby5jb250cmliLmF1dGguYmFja2VuZHMuTW9kZWxCYWNrZW5klIwNX2F1dGhfdXNlcl9pZJSMATGUdS4=	2019-09-07 14:07:40.046116+00
uuh08e0zhtd8f4ypjk9b82weyhubjyi4	YWQ5YzFjMDBhYTdjOGFhNzg0MTRlNDlhNGYzMDcyMzhiOTI4YzZiYTqABJXOAAAAAAAAAH2UKIwSX2F1dGhfdXNlcl9iYWNrZW5klIwzYWxsYXV0aC5hY2NvdW50LmF1dGhfYmFja2VuZHMuQXV0aGVudGljYXRpb25CYWNrZW5klIwPX2F1dGhfdXNlcl9oYXNolIwoZDc3MDRmYmNmNWM0NTZmMDQ2MWVjOTVmNmZlZmMxOTg5ODBiODIzY5SMDV9hdXRoX3VzZXJfaWSUjAE3lIwWYWNjb3VudF92ZXJpZmllZF9lbWFpbJROjAxhY2NvdW50X3VzZXKUjAE3lHUu	2019-09-13 06:38:26.788584+00
brv4rrh5ew7h8eew8lclh5v6pqrzif3x	OTk2YzJlNzkzODIzM2NlOWU4OTMzZTczOWIzMTE1ZjhmODg0ZmU5ZjqABJVcAAAAAAAAAH2UjBNzb2NpYWxhY2NvdW50X3N0YXRllH2UKIwHcHJvY2Vzc5SMBWxvZ2lulIwLYXV0aF9wYXJhbXOUjACUjAVzY29wZZRoBnWMDGtOVGRNZ2dLUFhCM5SGlHMu	2019-09-16 02:11:12.207947+00
risbh0ayx00aveisdhl6frcsjcungecl	MWYxYWE2NjgzOTZlMzA5OGM3ZTdhZGQ3NmYzZWYzNjMzZWY4NDdhNTqABJVcAAAAAAAAAH2UjBNzb2NpYWxhY2NvdW50X3N0YXRllH2UKIwLYXV0aF9wYXJhbXOUjACUjAVzY29wZZRoBIwHcHJvY2Vzc5SMBWxvZ2lulHWMDE94dFl2VjBFSHdpY5SGlHMu	2019-09-16 14:13:30.573644+00
wtt1ryo804eii0gu2gu9z7wr7r8e8284	MmQ1NzNiMGU0NDAwNTZkZWZiODczZDg5YTJiNDhiZGEyY2I3ZWRiMDqABJXvAAAAAAAAAH2UKIwPX2F1dGhfdXNlcl9oYXNolIwoN2EzYzJjMmY3NjZjZDFiY2UwYjE3YjJjZDc1ODQ4OGZlYjU4Mjk3NJSME3NvY2lhbGFjY291bnRfc3RhdGWUfZQojAthdXRoX3BhcmFtc5SMAJSMBXNjb3BllGgGjAdwcm9jZXNzlIwFbG9naW6UdYwMSGlUVWh4TnlnTHczlIaUjBJfYXV0aF91c2VyX2JhY2tlbmSUjClkamFuZ28uY29udHJpYi5hdXRoLmJhY2tlbmRzLk1vZGVsQmFja2VuZJSMDV9hdXRoX3VzZXJfaWSUjAExlHUu	2019-09-07 14:37:53.5083+00
y18l9loattwst17vkgncz3jlm4gd993v	ZjdkY2FlZjU4YWJhYTdhZjYzNzIxNDk3NmNiMDZjNDBkMmFlOWQ1NjqABJWXAAAAAAAAAH2UKIwPX2F1dGhfdXNlcl9oYXNolIwoN2EzYzJjMmY3NjZjZDFiY2UwYjE3YjJjZDc1ODQ4OGZlYjU4Mjk3NJSMEl9hdXRoX3VzZXJfYmFja2VuZJSMKWRqYW5nby5jb250cmliLmF1dGguYmFja2VuZHMuTW9kZWxCYWNrZW5klIwNX2F1dGhfdXNlcl9pZJSMATGUdS4=	2019-09-07 14:37:53.873838+00
1zcvopv3sog22hc350m80ulsc0fjdejs	NDRlOTM0YjFhMDVmOTkyZDU4NDg2Mzg0OGM4ZDA1ZGQzZGM0ZjVmMzqABJWXAAAAAAAAAH2UKIwPX2F1dGhfdXNlcl9oYXNolIwoN2EzYzJjMmY3NjZjZDFiY2UwYjE3YjJjZDc1ODQ4OGZlYjU4Mjk3NJSMDV9hdXRoX3VzZXJfaWSUjAExlIwSX2F1dGhfdXNlcl9iYWNrZW5klIwpZGphbmdvLmNvbnRyaWIuYXV0aC5iYWNrZW5kcy5Nb2RlbEJhY2tlbmSUdS4=	2019-09-16 21:09:40.163837+00
6z32vl5rg1irj8ed64airh2vag3st5ir	ZmNkMWUxODA0YjhkYmNjZTQ1NTk0MDY5MzJkOGMyMzRmZjVlZWFiZDqABJVcAAAAAAAAAH2UjBNzb2NpYWxhY2NvdW50X3N0YXRllH2UKIwHcHJvY2Vzc5SMBWxvZ2lulIwLYXV0aF9wYXJhbXOUjACUjAVzY29wZZRoBnWMDEo2N280MXVrODBCdJSGlHMu	2019-09-17 06:52:35.915643+00
t2435nm1d0uptiq29rdwg0piozzvp8jr	NTkyNTZjZTJiMGJhMWZlZTBkNTg1NjA3YzBiMDRhNDgyOWNlZTNjYzqABJXOAAAAAAAAAH2UKIwWYWNjb3VudF92ZXJpZmllZF9lbWFpbJROjA1fYXV0aF91c2VyX2lklIwBOJSMEl9hdXRoX3VzZXJfYmFja2VuZJSMM2FsbGF1dGguYWNjb3VudC5hdXRoX2JhY2tlbmRzLkF1dGhlbnRpY2F0aW9uQmFja2VuZJSMD19hdXRoX3VzZXJfaGFzaJSMKDM0OGZkYTJjZjkyM2FmNGQwYzM0N2M5ZjE0YjUyOWI3N2U3ZWMyMWSUjAxhY2NvdW50X3VzZXKUjAE4lHUu	2019-09-17 14:20:15.680855+00
7v1e8u2sgnkwaxobdbqsg9zzlwyegliq	OTEzNzY4YWRkN2ZiNWE1YTc0ZTFhOGUwMjFjZGZlN2MyZjdmMjNjOTqABJVcAAAAAAAAAH2UjBNzb2NpYWxhY2NvdW50X3N0YXRllH2UKIwFc2NvcGWUjACUjAthdXRoX3BhcmFtc5RoBIwHcHJvY2Vzc5SMBWxvZ2lulHWMDDdBWmlEd0pWdW5NeZSGlHMu	2020-04-04 20:20:55.823929+00
wgrmpuai79huddtek6qheft84z9o2yrs	Y2M4NjRiODJjNWZmMTU5ZWM3YzFhMTAyOWY1OGY2N2QxMjk0YjYyMzqABJXPAAAAAAAAAH2UKIwNX2F1dGhfdXNlcl9pZJSMAjEzlIwSX2F1dGhfdXNlcl9iYWNrZW5klIwzYWxsYXV0aC5hY2NvdW50LmF1dGhfYmFja2VuZHMuQXV0aGVudGljYXRpb25CYWNrZW5klIwPX2F1dGhfdXNlcl9oYXNolIwoMmY3MGNiYjNhYTkxZDIxN2JkOTQwMTRhYzc1YmI0MTgwZmU3NDM5NZSMFmFjY291bnRfdmVyaWZpZWRfZW1haWyUTowMYWNjb3VudF91c2VylIwBZJR1Lg==	2019-09-20 18:12:32.19939+00
fivrgac5vt1wdwn0169bdt74b5gmz1b4	ZGRjZDA5ZDRhYWYzYTc4ZWQ0YzBmNDQ0ZWZiNzBjNTcwYzhiNTA1NTqABJVcAAAAAAAAAH2UjBNzb2NpYWxhY2NvdW50X3N0YXRllH2UKIwLYXV0aF9wYXJhbXOUjACUjAVzY29wZZRoBIwHcHJvY2Vzc5SMBWxvZ2lulHWMDGc3ek9YamZaWGdnNZSGlHMu	2019-09-23 20:17:14.901084+00
k59o7q6b75xfwn01p8ynhw4ldrwwrkip	ZjdkY2FlZjU4YWJhYTdhZjYzNzIxNDk3NmNiMDZjNDBkMmFlOWQ1NjqABJWXAAAAAAAAAH2UKIwPX2F1dGhfdXNlcl9oYXNolIwoN2EzYzJjMmY3NjZjZDFiY2UwYjE3YjJjZDc1ODQ4OGZlYjU4Mjk3NJSMEl9hdXRoX3VzZXJfYmFja2VuZJSMKWRqYW5nby5jb250cmliLmF1dGguYmFja2VuZHMuTW9kZWxCYWNrZW5klIwNX2F1dGhfdXNlcl9pZJSMATGUdS4=	2019-09-27 15:48:49.77888+00
mnjpp9gqu40agsn0ubwg0bfotwfp9hv0	MTMwZjkyZTcxMDM3Y2M1NjI1OGRkMDNmNzQyNzUyNzJjNWI5OWI0NTqABJVcAAAAAAAAAH2UjBNzb2NpYWxhY2NvdW50X3N0YXRllH2UKIwLYXV0aF9wYXJhbXOUjACUjAVzY29wZZRoBIwHcHJvY2Vzc5SMBWxvZ2lulHWMDGhRS2hkdUtlSHk1cZSGlHMu	2019-10-04 23:48:28.635242+00
v4hxsenin8veu6gnpgo7ha44ktoeivl7	ZGExNTNjZWVhYzMzNTFkNjUwMmNkODE5M2QzZjY0Mjk0OGQ2YTQzZjqABJXPAAAAAAAAAH2UKIwWYWNjb3VudF92ZXJpZmllZF9lbWFpbJROjA1fYXV0aF91c2VyX2lklIwCMTCUjBJfYXV0aF91c2VyX2JhY2tlbmSUjDNhbGxhdXRoLmFjY291bnQuYXV0aF9iYWNrZW5kcy5BdXRoZW50aWNhdGlvbkJhY2tlbmSUjA9fYXV0aF91c2VyX2hhc2iUjChkNTE0Y2VjM2FkZjE2MTY3NWQ4YmRmMWU3NzhlYTk5ZGFlM2FjYTQ1lIwMYWNjb3VudF91c2VylIwBYZR1Lg==	2019-09-18 19:39:06.505932+00
dhsqvzlxas15vcxyj9tl9tmvjl4mo6i0	Mzg2ZWJmMTE3ZjE4YmRmOTBkNzJhZjZmNmY0MmViM2FmOGVkOTA2ZjqABJVcAAAAAAAAAH2UjBNzb2NpYWxhY2NvdW50X3N0YXRllH2UKIwFc2NvcGWUjACUjAdwcm9jZXNzlIwFbG9naW6UjAthdXRoX3BhcmFtc5RoBHWMDHJvZ3p1aDVTbkdIWJSGlHMu	2019-10-10 22:19:46.431122+00
h4eztflnmw8f8thyvgouwuacvp6hu4zx	YWNjNjk1NjY3MzJmY2UwNzkxZWNkYTIwNTc3ZjY0ZTAwYjc2ODVmNjqABJXPAAAAAAAAAH2UKIwNX2F1dGhfdXNlcl9pZJSMAjExlIwWYWNjb3VudF92ZXJpZmllZF9lbWFpbJROjAxhY2NvdW50X3VzZXKUjAFilIwSX2F1dGhfdXNlcl9iYWNrZW5klIwzYWxsYXV0aC5hY2NvdW50LmF1dGhfYmFja2VuZHMuQXV0aGVudGljYXRpb25CYWNrZW5klIwPX2F1dGhfdXNlcl9oYXNolIwoMzA5NWU4NjJiODI5NGVkOGM3MDJlOThmZDg3OTVmNDAzZDA2Y2M4MpR1Lg==	2019-09-19 14:39:05.627791+00
zeob42h5hmjypq4x2uebis1teiaxu1ky	OTFkYzdhOWE0NDlkNjU2Njg4YWQ3NzFjN2NkMTFkODNlNDQxMTdkZjqABJXPAAAAAAAAAH2UKIwWYWNjb3VudF92ZXJpZmllZF9lbWFpbJROjA9fYXV0aF91c2VyX2hhc2iUjCg4ZTQyM2I3ODM5ZDk4YmY1OWM4MmQyNDY5YmE1MDNiYTJmYmU4OWUylIwMYWNjb3VudF91c2VylIwBaJSMEl9hdXRoX3VzZXJfYmFja2VuZJSMM2FsbGF1dGguYWNjb3VudC5hdXRoX2JhY2tlbmRzLkF1dGhlbnRpY2F0aW9uQmFja2VuZJSMDV9hdXRoX3VzZXJfaWSUjAIxN5R1Lg==	2019-10-12 12:11:31.304195+00
3k0paugabryhjg7qz5rwf7cvck2zgmq1	MWE5Y2NjMWI0MzgwM2NiYTNkMjljMjM0NTA4YTM5MjEyYzUxZjk1YjqABJWXAAAAAAAAAH2UKIwSX2F1dGhfdXNlcl9iYWNrZW5klIwpZGphbmdvLmNvbnRyaWIuYXV0aC5iYWNrZW5kcy5Nb2RlbEJhY2tlbmSUjA1fYXV0aF91c2VyX2lklIwBMZSMD19hdXRoX3VzZXJfaGFzaJSMKDdhM2MyYzJmNzY2Y2QxYmNlMGIxN2IyY2Q3NTg0ODhmZWI1ODI5NzSUdS4=	2019-10-12 13:27:50.553423+00
mu6r0qqoe11b81ig8562oe6cc6r34yu7	OWJmYjEwODFiZWUzYjllOWM5ODU5YmIwZWIwOWQ1MGQzNzkxOGI5NTqABJXPAAAAAAAAAH2UKIwMYWNjb3VudF91c2VylIwBapSMFmFjY291bnRfdmVyaWZpZWRfZW1haWyUTowSX2F1dGhfdXNlcl9iYWNrZW5klIwzYWxsYXV0aC5hY2NvdW50LmF1dGhfYmFja2VuZHMuQXV0aGVudGljYXRpb25CYWNrZW5klIwNX2F1dGhfdXNlcl9pZJSMAjE5lIwPX2F1dGhfdXNlcl9oYXNolIwoZGQ1OTdkODMwYjc4NTFhODdmODc0YjQzODEyOGNjNjI2MzhkZTM2NZR1Lg==	2019-10-22 09:07:02.617356+00
n5b44yhm9s0g1tqxlafkr2dc5a7k9l8i	ZWQ2YzQ0NDRlYjlmYmIzODVjY2NiZTM4YzcwMjI1NjgwYzI4MjRhMTqABJVcAAAAAAAAAH2UjBNzb2NpYWxhY2NvdW50X3N0YXRllH2UKIwFc2NvcGWUjACUjAdwcm9jZXNzlIwFbG9naW6UjAthdXRoX3BhcmFtc5RoBHWMDFR5dmNocWZIQVBuR5SGlHMu	2019-10-26 17:10:59.024719+00
j4vk4y0xw3nu9z96xxlp7q6miy9a48rq	NDA0OGM4MmIzOWU3NjBjYzcwZmQyNDhjOWQzZGY0N2FiYjlkNGVlNTqABJVcAAAAAAAAAH2UjBNzb2NpYWxhY2NvdW50X3N0YXRllH2UKIwHcHJvY2Vzc5SMBWxvZ2lulIwLYXV0aF9wYXJhbXOUjACUjAVzY29wZZRoBnWMDHVVQjR3Y0IyeGNva5SGlHMu	2019-09-20 09:30:51.048987+00
4gtfhf29fy2i5xfo2o1ucqxhnwt36fdb	MGFjNjcyMTNlNWUwMzBlYjJjNWQwZmVmYzFmN2QwNTJjOWM2MDM2NTqABJVcAAAAAAAAAH2UjBNzb2NpYWxhY2NvdW50X3N0YXRllH2UKIwFc2NvcGWUjACUjAdwcm9jZXNzlIwFbG9naW6UjAthdXRoX3BhcmFtc5RoBHWMDHVFRGsyZ21GU3FSb5SGlHMu	2019-10-28 23:05:53.056603+00
n5soaxoyb3z6zhae2yr26jrl7awyh6m4	NzQ5ZGQyOGJjYjVlNDhlZWM0ZjZhNDQxYWU5ZWNmZjk3NGJjZjA2MjqABJVcAAAAAAAAAH2UjBNzb2NpYWxhY2NvdW50X3N0YXRllH2UKIwFc2NvcGWUjACUjAdwcm9jZXNzlIwFbG9naW6UjAthdXRoX3BhcmFtc5RoBHWMDDNmSk1NSXVIYWFUN5SGlHMu	2019-10-31 23:33:35.049438+00
azl7ofi93alxoek8nri8n6asm6dvrnuk	ODNkNGFlNGJkMjBkNTM5MDBmMWExMjdkMTdlNTQxNzI3MGVmNDBkMjqABJVcAAAAAAAAAH2UjBNzb2NpYWxhY2NvdW50X3N0YXRllH2UKIwFc2NvcGWUjACUjAdwcm9jZXNzlIwFbG9naW6UjAthdXRoX3BhcmFtc5RoBHWMDFhGcHk2RmhadU5NbZSGlHMu	2019-11-18 08:43:07.955342+00
z9739lpo0kn80cstzawed2ikf3q8cn39	NTFjNWUyY2IxNzVkMTYxMmM0OTcxMWNmNGExYjc3YjYxYTJhNzEyMzqABJVcAAAAAAAAAH2UjBNzb2NpYWxhY2NvdW50X3N0YXRllH2UKIwFc2NvcGWUjACUjAdwcm9jZXNzlIwFbG9naW6UjAthdXRoX3BhcmFtc5RoBHWMDGtQTkJRY2FVTXljb5SGlHMu	2019-11-22 08:29:22.223116+00
s76duxko5ivt5vp79lw0a079czinj6wt	MmY1NTk2NzFlZjljZTFiMGQ4OTk2Mjc2ZDMzMThmMGE2NmY0MzNmODqABJXPAAAAAAAAAH2UKIwMYWNjb3VudF91c2VylIwBbpSMFmFjY291bnRfdmVyaWZpZWRfZW1haWyUTowSX2F1dGhfdXNlcl9iYWNrZW5klIwzYWxsYXV0aC5hY2NvdW50LmF1dGhfYmFja2VuZHMuQXV0aGVudGljYXRpb25CYWNrZW5klIwNX2F1dGhfdXNlcl9pZJSMAjIzlIwPX2F1dGhfdXNlcl9oYXNolIwoYTdmYjQwYTE2ZjA5OWJhMjI5YmIyMTkwOTJkZjgwYjk0MWNlNTA3NZR1Lg==	2019-11-26 21:27:57.523407+00
ltfxwaa7sks8x3chgjecyrixg83svbjf	YThlMTgyOWIwMDU4YTdmODMzY2MxYTM4ZGMzYTI1MjI1NWRiOTAyOTqABJVcAAAAAAAAAH2UjBNzb2NpYWxhY2NvdW50X3N0YXRllH2UKIwFc2NvcGWUjACUjAthdXRoX3BhcmFtc5RoBIwHcHJvY2Vzc5SMBWxvZ2lulHWMDGswVEo1b1g3ZmI1WZSGlHMu	2019-12-06 14:11:21.010071+00
qo55s8pf5garbzz5h65p4tdhhs9xst4z	YmE2YWNiYWM5Y2ZmYjJjNTViN2IyZjc1NDMyNmZlODA0YWRlZmZlMjqABJVcAAAAAAAAAH2UjBNzb2NpYWxhY2NvdW50X3N0YXRllH2UKIwFc2NvcGWUjACUjAthdXRoX3BhcmFtc5RoBIwHcHJvY2Vzc5SMBWxvZ2lulHWMDEdvVFdHUmxzTzJ4dpSGlHMu	2019-12-10 07:28:06.458428+00
aevkso6bzb1zt419fmywmttnv9nfj77o	N2ZlYzlmNTZmNDU1YTM3MmJjNTU2NGI5MGFlN2IxMGVmYmZhNGRiNDqABJVcAAAAAAAAAH2UjBNzb2NpYWxhY2NvdW50X3N0YXRllH2UKIwFc2NvcGWUjACUjAthdXRoX3BhcmFtc5RoBIwHcHJvY2Vzc5SMBWxvZ2lulHWMDHlpWTBlTWtrRTNCb5SGlHMu	2019-12-10 22:24:44.480851+00
clsw27hzsi6s2b1zv7y7xehkbqhezdte	ZWQ5MjQyZmFhYjZiYjgwNzQ3MmIyNjhmMzdlOTAzMDBhOGNhNzdjMTqABJXPAAAAAAAAAH2UKIwSX2F1dGhfdXNlcl9iYWNrZW5klIwzYWxsYXV0aC5hY2NvdW50LmF1dGhfYmFja2VuZHMuQXV0aGVudGljYXRpb25CYWNrZW5klIwNX2F1dGhfdXNlcl9pZJSMAjI1lIwWYWNjb3VudF92ZXJpZmllZF9lbWFpbJROjA9fYXV0aF91c2VyX2hhc2iUjCg1OGFhYjU1MDllZDVlYzYyMDNjZDAyMjQ3ZmM1OTIyZTQ1YTY1MjVhlIwMYWNjb3VudF91c2VylIwBcJR1Lg==	2019-12-17 09:11:41.289992+00
3zryq7l4941npnabazbeqxwxylyshnai	MzEyODJjMTZlODRmN2EyNWI4N2IxMzc0MTRmNTc3NTBlMTNiZTA3ZTqABJXPAAAAAAAAAH2UKIwSX2F1dGhfdXNlcl9iYWNrZW5klIwzYWxsYXV0aC5hY2NvdW50LmF1dGhfYmFja2VuZHMuQXV0aGVudGljYXRpb25CYWNrZW5klIwNX2F1dGhfdXNlcl9pZJSMAjI2lIwWYWNjb3VudF92ZXJpZmllZF9lbWFpbJROjA9fYXV0aF91c2VyX2hhc2iUjCg1OGRlMmNiZDdjZjgzOWU0NDBmYjRjOTAxMmJjMmM4MjE4YTlhNmFhlIwMYWNjb3VudF91c2VylIwBcZR1Lg==	2019-12-27 19:10:28.40035+00
q0ozy9ew98xw5uhtwxifkl84dhw502jv	NGFmYWIyZmQxYzExZWMzZjg4OWY3YjMxNzA5NmM2ZGU5MWEzNGExODqABJXPAAAAAAAAAH2UKIwSX2F1dGhfdXNlcl9iYWNrZW5klIwzYWxsYXV0aC5hY2NvdW50LmF1dGhfYmFja2VuZHMuQXV0aGVudGljYXRpb25CYWNrZW5klIwNX2F1dGhfdXNlcl9pZJSMAjI3lIwWYWNjb3VudF92ZXJpZmllZF9lbWFpbJROjA9fYXV0aF91c2VyX2hhc2iUjCg3NTM0ODU0MGE2NzRmMTQyZjZjZjUzNmY4NmIwM2Q3OTk4ZjliZDZllIwMYWNjb3VudF91c2VylIwBcpR1Lg==	2019-12-29 13:00:48.662352+00
zldyl9uirukmxme7vn2f9vtag0ncl13d	MDViN2JhMjhhOWVjNmMxNTg5YjlhZDlkYjllNjQ2NDBjZjUzNDM1NzqABJWYAAAAAAAAAH2UKIwNX2F1dGhfdXNlcl9pZJSMAjEylIwPX2F1dGhfdXNlcl9oYXNolIwoNmI4MDkwNWIzZTJiNzY5ZWJmM2RlZDIyYmZkODVjYzQ2YWU2NTBmYZSMEl9hdXRoX3VzZXJfYmFja2VuZJSMKWRqYW5nby5jb250cmliLmF1dGguYmFja2VuZHMuTW9kZWxCYWNrZW5klHUu	2019-09-20 10:24:31.889106+00
rsf16zhanr6q5xuwuby8s5i9zcw955l7	NDI4MGNlNTRkZGE4NzMyYTEwYmU4YmM5ODI4MWM5NTA0NzExZjk4ZjqABJVcAAAAAAAAAH2UjBNzb2NpYWxhY2NvdW50X3N0YXRllH2UKIwLYXV0aF9wYXJhbXOUjACUjAVzY29wZZRoBIwHcHJvY2Vzc5SMBWxvZ2lulHWMDHA1QmJRWkdncjY3R5SGlHMu	2019-09-20 20:20:15.584441+00
x540lmvd92fttqq17y7irql4831lu8il	ZjdlYjE5N2U1MTM5NWY2MDUyMzllNjVmN2E2YjFlNDljMDU5OGIyODqABJVcAAAAAAAAAH2UjBNzb2NpYWxhY2NvdW50X3N0YXRllH2UKIwLYXV0aF9wYXJhbXOUjACUjAVzY29wZZRoBIwHcHJvY2Vzc5SMBWxvZ2lulHWMDEdiN3ZMSW9EOG5MNZSGlHMu	2019-09-28 14:00:24.1595+00
017biw04phyawth2ahhs77qdcup4mm2g	NTlkZTFjNTE0ZTczNjY3NDU5MThlNmQwNDQ2N2MwMTVmY2I0YWU2NzqABJXPAAAAAAAAAH2UKIwPX2F1dGhfdXNlcl9oYXNolIwoYjBkMmQzMDViMzg3ODFhOTE5YzAxNDk4MzZkMjVmOWIwNjJjOTlmZZSMDGFjY291bnRfdXNlcpSMAWaUjBZhY2NvdW50X3ZlcmlmaWVkX2VtYWlslE6MEl9hdXRoX3VzZXJfYmFja2VuZJSMM2FsbGF1dGguYWNjb3VudC5hdXRoX2JhY2tlbmRzLkF1dGhlbnRpY2F0aW9uQmFja2VuZJSMDV9hdXRoX3VzZXJfaWSUjAIxNZR1Lg==	2019-10-05 17:47:56.162031+00
zzcotzng9hbmf9oax4t81w2zjcq9jxrh	YzcxOWVjMjZjNzMxYzIyMTc5NjVmMDVhNDE0NTE3YTg4ZjE2ODg4MTqABJXPAAAAAAAAAH2UKIwMYWNjb3VudF91c2VylIwBZ5SMFmFjY291bnRfdmVyaWZpZWRfZW1haWyUTowSX2F1dGhfdXNlcl9iYWNrZW5klIwzYWxsYXV0aC5hY2NvdW50LmF1dGhfYmFja2VuZHMuQXV0aGVudGljYXRpb25CYWNrZW5klIwNX2F1dGhfdXNlcl9pZJSMAjE2lIwPX2F1dGhfdXNlcl9oYXNolIwoNTI4NjI1ZWVlYzI1YmZhMzFjZWMwYTRlN2NlZWQxZjA2OWJkOWQwYpR1Lg==	2019-10-07 15:38:13.777356+00
btioyrx9kylm9qoseo7y8wt9tom3w23k	Njc0ZWE5NmE3NDQwZDNkOGUyMjYzZTIwNTFmYjE1Y2NhNTdlMDg5ZTqABJVcAAAAAAAAAH2UjBNzb2NpYWxhY2NvdW50X3N0YXRllH2UKIwFc2NvcGWUjACUjAdwcm9jZXNzlIwFbG9naW6UjAthdXRoX3BhcmFtc5RoBHWMDFViYWNWd0NpMmNLWpSGlHMu	2019-10-15 16:05:28.782913+00
ihar37jh4x7wdwyf07gi16vqyjsfvra9	MmY4ZGVmNTllZmQ0NzI3YzU0OTY4MzcwMzRiNjBkZmMzZmYzNzdmMTqABJWYAAAAAAAAAH2UKIwSX2F1dGhfdXNlcl9iYWNrZW5klIwpZGphbmdvLmNvbnRyaWIuYXV0aC5iYWNrZW5kcy5Nb2RlbEJhY2tlbmSUjA1fYXV0aF91c2VyX2lklIwCMjCUjA9fYXV0aF91c2VyX2hhc2iUjChiNDBjYjM1ZWU0MmFlMmZhZGViZDdhZmJmMTczNDM3OWM5OTE0ZjRjlHUu	2019-10-27 17:44:41.296391+00
m2m4pmgvvxtqicguqz2hjo3lrrv8oxsm	MmY4ZGVmNTllZmQ0NzI3YzU0OTY4MzcwMzRiNjBkZmMzZmYzNzdmMTqABJWYAAAAAAAAAH2UKIwSX2F1dGhfdXNlcl9iYWNrZW5klIwpZGphbmdvLmNvbnRyaWIuYXV0aC5iYWNrZW5kcy5Nb2RlbEJhY2tlbmSUjA1fYXV0aF91c2VyX2lklIwCMjCUjA9fYXV0aF91c2VyX2hhc2iUjChiNDBjYjM1ZWU0MmFlMmZhZGViZDdhZmJmMTczNDM3OWM5OTE0ZjRjlHUu	2019-10-30 05:32:21.619735+00
tldc8ej17dpiovcivbhpi1zvrtnsq5k3	ZGQ5ZmVhOGQ4NjczY2NjY2NhZWZjNzk1OWQ3YmJiN2Q0ZmIzNmI4YjqABJVcAAAAAAAAAH2UjBNzb2NpYWxhY2NvdW50X3N0YXRllH2UKIwFc2NvcGWUjACUjAdwcm9jZXNzlIwFbG9naW6UjAthdXRoX3BhcmFtc5RoBHWMDFYzQVdENjd5YXpvS5SGlHMu	2019-11-11 17:16:46.33652+00
vwr250yyc81x050e9iwmehxvac9xhy6l	YmE4NjQ5YTBhZDdmYjJjZTZlZjFmNjA0YjRlZTIzNmI1MDlhN2U0NDqABJVcAAAAAAAAAH2UjBNzb2NpYWxhY2NvdW50X3N0YXRllH2UKIwFc2NvcGWUjACUjAdwcm9jZXNzlIwFbG9naW6UjAthdXRoX3BhcmFtc5RoBHWMDGtaSDJsb2FObW8wdpSGlHMu	2019-11-18 20:22:34.657243+00
vczbs8i7lh7cbx3mzaykznjvbvv7tfb8	NDU4MzFiMWJmODk4MjQ2YTVjZjM3MGU2ZjM0ZDQxMmYzZDhhNDUxMTqABJXPAAAAAAAAAH2UKIwMYWNjb3VudF91c2VylIwBbJSMFmFjY291bnRfdmVyaWZpZWRfZW1haWyUTowSX2F1dGhfdXNlcl9iYWNrZW5klIwzYWxsYXV0aC5hY2NvdW50LmF1dGhfYmFja2VuZHMuQXV0aGVudGljYXRpb25CYWNrZW5klIwNX2F1dGhfdXNlcl9pZJSMAjIxlIwPX2F1dGhfdXNlcl9oYXNolIwoZmM0NzlhM2I4Yjg0NDg5YzY3MzU4OTMwYjQ2NjAzMzQ1MmY0YzUzZJR1Lg==	2019-11-23 17:41:13.205716+00
x9uys9i1kshu9iaga8z1mq7a7nzp7oy7	ZGRiODVmZmNmMDRmMmI1YTNhZTg3NjkzYTk1ODM0ZGNiOTlhNjkxMzqABJUnAQAAAAAAAH2UKIwWYWNjb3VudF92ZXJpZmllZF9lbWFpbJROjBNzb2NpYWxhY2NvdW50X3N0YXRllH2UKIwFc2NvcGWUjACUjAdwcm9jZXNzlIwFbG9naW6UjAthdXRoX3BhcmFtc5RoBXWMDFZjYUxoMERjSWNxR5SGlIwPX2F1dGhfdXNlcl9oYXNolIwoM2Y5NDhmNzNmN2EzMDExMzhkZTkyNGI0YjRmYjAzNWJmOTY0NDIxNpSMDGFjY291bnRfdXNlcpSMAW2UjBJfYXV0aF91c2VyX2JhY2tlbmSUjDNhbGxhdXRoLmFjY291bnQuYXV0aF9iYWNrZW5kcy5BdXRoZW50aWNhdGlvbkJhY2tlbmSUjA1fYXV0aF91c2VyX2lklIwCMjKUdS4=	2019-11-25 02:28:18.027393+00
di4amtv13yeoecqf9zwhl7gn12jd71wn	MWE5Y2NjMWI0MzgwM2NiYTNkMjljMjM0NTA4YTM5MjEyYzUxZjk1YjqABJWXAAAAAAAAAH2UKIwSX2F1dGhfdXNlcl9iYWNrZW5klIwpZGphbmdvLmNvbnRyaWIuYXV0aC5iYWNrZW5kcy5Nb2RlbEJhY2tlbmSUjA1fYXV0aF91c2VyX2lklIwBMZSMD19hdXRoX3VzZXJfaGFzaJSMKDdhM2MyYzJmNzY2Y2QxYmNlMGIxN2IyY2Q3NTg0ODhmZWI1ODI5NzSUdS4=	2019-12-04 13:56:11.22074+00
q2175104f02daehouieawpqm2ib9o19s	YTU4MmFlMzJkYjM3YzkxZTY4OTAxY2RlMGExMDc2YWM2OWE0MmQ4YjqABJVcAAAAAAAAAH2UjBNzb2NpYWxhY2NvdW50X3N0YXRllH2UKIwFc2NvcGWUjACUjAthdXRoX3BhcmFtc5RoBIwHcHJvY2Vzc5SMBWxvZ2lulHWMDHdxZElsTVVLVjg5OZSGlHMu	2019-12-09 18:45:48.312711+00
xrwn885uh1p3sahpj3lw2acne1dmjoik	NGFjZjhiOWNhMTZmMzdiYzE2YWE4NTk0MzdkZThiMjA0MDhmNTlmYzqABJXPAAAAAAAAAH2UKIwSX2F1dGhfdXNlcl9iYWNrZW5klIwzYWxsYXV0aC5hY2NvdW50LmF1dGhfYmFja2VuZHMuQXV0aGVudGljYXRpb25CYWNrZW5klIwNX2F1dGhfdXNlcl9pZJSMAjI0lIwWYWNjb3VudF92ZXJpZmllZF9lbWFpbJROjA9fYXV0aF91c2VyX2hhc2iUjCg1M2RkM2NkOGQ3ZWM3Yjg4ODYwNWIyODU1ZWEyYmY4NmE2YjVhNDI5lIwMYWNjb3VudF91c2VylIwBb5R1Lg==	2019-12-10 19:43:31.907987+00
6tr33ovevlqk2nyf35jyq1r57ggxa1ou	ZjBiNTA3Y2JkZjZjM2Y4YTY2NDQzMmExMmY5ODc2YzBiZjExYjFhODqABJVcAAAAAAAAAH2UjBNzb2NpYWxhY2NvdW50X3N0YXRllH2UKIwFc2NvcGWUjACUjAthdXRoX3BhcmFtc5RoBIwHcHJvY2Vzc5SMBWxvZ2lulHWMDHg0a0ZvRWR6UUx2d5SGlHMu	2019-12-11 14:02:17.318211+00
fakwt620j5wg1rxnriwuw83u4ivjs09g	ZDM1ZjAzNmYyMDQ3ZmJlMTA3MWVmNDQwMTVhNWJiMzk0NTQ1Yjc1MDqABJVcAAAAAAAAAH2UjBNzb2NpYWxhY2NvdW50X3N0YXRllH2UKIwFc2NvcGWUjACUjAthdXRoX3BhcmFtc5RoBIwHcHJvY2Vzc5SMBWxvZ2lulHWMDFA3aUN1V3ViZlR0a5SGlHMu	2020-01-03 21:31:02.407949+00
sy86yyci4btrk9oew8vkmbeparr0iinf	OWUwNTIzY2YwOGJkN2M1ZjYyZjRjNWQzNWU2ZTlhMGMyYTQzM2M0NTqABJXPAAAAAAAAAH2UKIwSX2F1dGhfdXNlcl9iYWNrZW5klIwzYWxsYXV0aC5hY2NvdW50LmF1dGhfYmFja2VuZHMuQXV0aGVudGljYXRpb25CYWNrZW5klIwNX2F1dGhfdXNlcl9pZJSMAjI4lIwWYWNjb3VudF92ZXJpZmllZF9lbWFpbJROjA9fYXV0aF91c2VyX2hhc2iUjCgzZWNmZmMwYjMyMTZlYmRmMTBmYmUxOWQ1MDM2NTFhZDQ2NjZhNGFmlIwMYWNjb3VudF91c2VylIwBc5R1Lg==	2020-01-04 09:42:50.023366+00
a8gfu8npweksq19klir6yo2s4gbqmoym	NTBiMWNiOTY5MzUyYzBiMTRmOGIyNzAzMmYxNGRhMjg2ODQ1MmI3NTqABJVcAAAAAAAAAH2UjBNzb2NpYWxhY2NvdW50X3N0YXRllH2UKIwFc2NvcGWUjACUjAthdXRoX3BhcmFtc5RoBIwHcHJvY2Vzc5SMBWxvZ2lulHWMDEFjeFRnZ0RDOU0yZpSGlHMu	2020-01-04 12:36:44.862791+00
j0bkaq4t2s4gd5tg2h0y4bcb8ymzpslv	NDU3ZDA4OTgwZjc0MDFlOTJiNTkxOTU1Mzk1MTViODk5OWFhMmRiMzqABJWiAAAAAAAAAH2UKIwSX2F1dGhfdXNlcl9iYWNrZW5klIwzYWxsYXV0aC5hY2NvdW50LmF1dGhfYmFja2VuZHMuQXV0aGVudGljYXRpb25CYWNrZW5klIwNX2F1dGhfdXNlcl9pZJSMAjI5lIwPX2F1dGhfdXNlcl9oYXNolIwoYzVlNTA4ZDVmMTI3YjIyNzliMjNlOWFhMzY2ZThlMDQzMTUzNGYyY5R1Lg==	2020-01-04 18:18:38.487237+00
zmcu1ab68hm96i1zu6mh9aa22lt4irw5	Yjc1OGY5MWU5YTE2ZWFlMWE5ZDQ2YmI3ZjhhZTE0OGYxNWY1ZGYzYTqABJWiAAAAAAAAAH2UKIwSX2F1dGhfdXNlcl9iYWNrZW5klIwzYWxsYXV0aC5hY2NvdW50LmF1dGhfYmFja2VuZHMuQXV0aGVudGljYXRpb25CYWNrZW5klIwNX2F1dGhfdXNlcl9pZJSMAjMwlIwPX2F1dGhfdXNlcl9oYXNolIwoMzFkNGQwMjQyZGYxZDdjNDg0NGYzMGIxMzE0ZDdmODQxNGYxYTlmZpR1Lg==	2020-01-09 10:03:23.745218+00
8g5kvrwwijwrfyp61iiip2hklbs77bsw	NzVkNzJiOWRmMzA1MTBiMTkwMTExMGRjZmE0MjE3OTE2YjY2MzZhMDqABJVcAAAAAAAAAH2UjBNzb2NpYWxhY2NvdW50X3N0YXRllH2UKIwFc2NvcGWUjACUjAthdXRoX3BhcmFtc5RoBIwHcHJvY2Vzc5SMBWxvZ2lulHWMDEU4WU5aT2txTHl2ZpSGlHMu	2020-01-16 05:17:52.026616+00
spdkly34zzvu7aakhwaq5phqycgi31yc	OGFlOWRiMjQ0N2RjZTU1N2NmM2Q5NDkxMGNlN2IyYmY0ZTNkMGE2ODqABJVcAAAAAAAAAH2UjBNzb2NpYWxhY2NvdW50X3N0YXRllH2UKIwFc2NvcGWUjACUjAthdXRoX3BhcmFtc5RoBIwHcHJvY2Vzc5SMBWxvZ2lulHWMDHgzeGpWUUU1TmEydZSGlHMu	2020-01-16 22:38:51.099775+00
6594gguwqedjfkf3ov8q84ojd9kbklpl	NDhmYzliZmExMzFmMWQ4MWIwNWNlYzA3MDc3ZDcyZWU4YjM1NjdlMzqABJVcAAAAAAAAAH2UjBNzb2NpYWxhY2NvdW50X3N0YXRllH2UKIwFc2NvcGWUjACUjAthdXRoX3BhcmFtc5RoBIwHcHJvY2Vzc5SMBWxvZ2lulHWMDDZWUEhNelFQRW5ZMZSGlHMu	2020-01-18 02:06:50.518033+00
506sjf5qfwruma9d371altd1ux2lgj3x	MTI1OTNkNGUxNDU5MTY5NzRjZmNhODg2OGE1ZjBlNmJjZTZiYzNjZTqABJVcAAAAAAAAAH2UjBNzb2NpYWxhY2NvdW50X3N0YXRllH2UKIwFc2NvcGWUjACUjAthdXRoX3BhcmFtc5RoBIwHcHJvY2Vzc5SMBWxvZ2lulHWMDGVZUXExTEQxTWY4WZSGlHMu	2020-01-21 13:33:20.78807+00
e28c1dt5kzjh0in4ouaxgiu30k4m8gon	NGZmMzFiMjUwZGU4MDU2YjcyYTVhZGQ5YjY4NTVhMjI1MzEyZDY4ZTqABJVcAAAAAAAAAH2UjBNzb2NpYWxhY2NvdW50X3N0YXRllH2UKIwFc2NvcGWUjACUjAthdXRoX3BhcmFtc5RoBIwHcHJvY2Vzc5SMBWxvZ2lulHWMDG1hcTA5R05WTnNIRpSGlHMu	2020-01-21 21:25:50.734955+00
fl8fek49v0sswi2ldyvyj0ctuczdzka1	ZjFiMmEzMmExODY2ODQzNWZlODczODYwZTYyMGY3Y2VlYzBlMzAxNTqABJVcAAAAAAAAAH2UjBNzb2NpYWxhY2NvdW50X3N0YXRllH2UKIwFc2NvcGWUjACUjAthdXRoX3BhcmFtc5RoBIwHcHJvY2Vzc5SMBWxvZ2lulHWMDGlxUUp1cXBQT1BCQZSGlHMu	2020-01-22 08:46:19.483113+00
90l11u5o1vrvl9mrs4kk0n1s2qswx5ww	M2RjZTJhYTM3YjM5YzllNDcyZGEzZDUyMDU2NWI1N2Q5MTI4ZTVjNDqABJWYAAAAAAAAAH2UKIwSX2F1dGhfdXNlcl9iYWNrZW5klIwpZGphbmdvLmNvbnRyaWIuYXV0aC5iYWNrZW5kcy5Nb2RlbEJhY2tlbmSUjA1fYXV0aF91c2VyX2lklIwCMjKUjA9fYXV0aF91c2VyX2hhc2iUjCgzZjk0OGY3M2Y3YTMwMTEzOGRlOTI0YjRiNGZiMDM1YmY5NjQ0MjE2lHUu	2020-01-28 13:51:28.013807+00
65vg8orjru5ctph28a6cxulmrxqkiq4b	NzUyNTZhM2ExYmY3ZGUwNGVkNDMzNTM2YTM5MjVhMWUzMzFkYzNmNTqABJXPAAAAAAAAAH2UKIwSX2F1dGhfdXNlcl9iYWNrZW5klIwzYWxsYXV0aC5hY2NvdW50LmF1dGhfYmFja2VuZHMuQXV0aGVudGljYXRpb25CYWNrZW5klIwNX2F1dGhfdXNlcl9pZJSMAjMxlIwWYWNjb3VudF92ZXJpZmllZF9lbWFpbJROjA9fYXV0aF91c2VyX2hhc2iUjCgxMTNiMDdiMTBlODBkZjUzMDMxNTMyNTU3NDVjNDlhMmQ4MDZjZTEzlIwMYWNjb3VudF91c2VylIwBdpR1Lg==	2020-01-31 20:12:58.111051+00
41i7gwkvtmf3ysmme0kpupa6bgaimnwc	NGMxOTU5NzA0NTEyYjJlMDk5YzdiY2NiY2MzYzczNzdjZGUwNDAxYjqABJVcAAAAAAAAAH2UjBNzb2NpYWxhY2NvdW50X3N0YXRllH2UKIwFc2NvcGWUjACUjAthdXRoX3BhcmFtc5RoBIwHcHJvY2Vzc5SMBWxvZ2lulHWMDFQ1VVE0UEtEUGY2UZSGlHMu	2020-02-02 05:20:29.05458+00
r7dvvdiai9tjsj8ymb7u889h0fdr5xh9	NmZkZWE5MDJhMmEyNTU2NzIzNGExYjcxMWU2OWE1YzdmYmRiMmY5YjqABJXPAAAAAAAAAH2UKIwSX2F1dGhfdXNlcl9iYWNrZW5klIwzYWxsYXV0aC5hY2NvdW50LmF1dGhfYmFja2VuZHMuQXV0aGVudGljYXRpb25CYWNrZW5klIwNX2F1dGhfdXNlcl9pZJSMAjMylIwWYWNjb3VudF92ZXJpZmllZF9lbWFpbJROjA9fYXV0aF91c2VyX2hhc2iUjCg2ZTA1Y2RjMGZlMmRjZjk3NGUzZmQxZmYyOGUxNGU0NTViZDUxMWJjlIwMYWNjb3VudF91c2VylIwBd5R1Lg==	2020-02-04 15:59:01.2075+00
j7uzvmbiqpv7g1r8jpfsevyrr9jq96qk	Mjg2Yzg4ODNhNDA4Njg4NzQ2NGVlODg1YWEzM2ZmNzFiMjg5OTIzMjqABJVcAAAAAAAAAH2UjBNzb2NpYWxhY2NvdW50X3N0YXRllH2UKIwFc2NvcGWUjACUjAthdXRoX3BhcmFtc5RoBIwHcHJvY2Vzc5SMBWxvZ2lulHWMDGZGT2tsbHBSWncybJSGlHMu	2020-02-08 02:42:22.751373+00
vksdtiq2yk7m8mbeaxoiac8fe8e2y80q	NWEyZTFmY2QzOTYxNmZkMzJhNzc5NjgyOWNhOTM2MGIxMzI1YmFkOTqABJXPAAAAAAAAAH2UKIwSX2F1dGhfdXNlcl9iYWNrZW5klIwzYWxsYXV0aC5hY2NvdW50LmF1dGhfYmFja2VuZHMuQXV0aGVudGljYXRpb25CYWNrZW5klIwNX2F1dGhfdXNlcl9pZJSMAjMzlIwWYWNjb3VudF92ZXJpZmllZF9lbWFpbJROjA9fYXV0aF91c2VyX2hhc2iUjChlN2FkN2E3OTYwYjUzZjc0YzkxOTAwNjgxNjdmMWYyMjY3Njc5YjkylIwMYWNjb3VudF91c2VylIwBeJR1Lg==	2020-02-08 19:21:42.946412+00
on21qx7dmgw8nardsubr1a8cokic2or8	YzczNjA0M2QzNmQ4OGE4Mjk0YjMwYmJiZDJmN2E0YThhMTE5ZjkxZDqABJVcAAAAAAAAAH2UjBNzb2NpYWxhY2NvdW50X3N0YXRllH2UKIwFc2NvcGWUjACUjAthdXRoX3BhcmFtc5RoBIwHcHJvY2Vzc5SMBWxvZ2lulHWMDDJOVThBZ1NRYU1URpSGlHMu	2020-02-12 11:53:22.137602+00
dyjwju794zou5necltigxmavo0odbixr	OTIzMTY2OTcwZGU2MDAzZDU0YjU4NDIwZjE5OTQ2NTNiMzkwMmQ2MTqABJXPAAAAAAAAAH2UKIwSX2F1dGhfdXNlcl9iYWNrZW5klIwzYWxsYXV0aC5hY2NvdW50LmF1dGhfYmFja2VuZHMuQXV0aGVudGljYXRpb25CYWNrZW5klIwNX2F1dGhfdXNlcl9pZJSMAjM0lIwWYWNjb3VudF92ZXJpZmllZF9lbWFpbJROjA9fYXV0aF91c2VyX2hhc2iUjCgzNDFlM2Q2ODlhZWEzMWViYzJiOTIyNjJiNjhlZjdhYjQ4OTdiZjMylIwMYWNjb3VudF91c2VylIwBeZR1Lg==	2020-02-13 09:16:11.987171+00
ag23izifu5113277fxghjlop91z693lf	OTAzNGEzOGMzMWFmMzRjYWFlNWJkYTU5YjllNzZhMWRiZTY2NTFiNTqABJXPAAAAAAAAAH2UKIwSX2F1dGhfdXNlcl9iYWNrZW5klIwzYWxsYXV0aC5hY2NvdW50LmF1dGhfYmFja2VuZHMuQXV0aGVudGljYXRpb25CYWNrZW5klIwNX2F1dGhfdXNlcl9pZJSMAjM1lIwWYWNjb3VudF92ZXJpZmllZF9lbWFpbJROjA9fYXV0aF91c2VyX2hhc2iUjCg1MmRhNDFjNmE3MzkxMjE5NmJjNzg2ZjFhZmJkOWVmN2VjNjgzZTc4lIwMYWNjb3VudF91c2VylIwBepR1Lg==	2020-02-19 18:26:04.791531+00
r4zfrxylxn8ye6trerjrrb05sopigpj5	MWE5Y2NjMWI0MzgwM2NiYTNkMjljMjM0NTA4YTM5MjEyYzUxZjk1YjqABJWXAAAAAAAAAH2UKIwSX2F1dGhfdXNlcl9iYWNrZW5klIwpZGphbmdvLmNvbnRyaWIuYXV0aC5iYWNrZW5kcy5Nb2RlbEJhY2tlbmSUjA1fYXV0aF91c2VyX2lklIwBMZSMD19hdXRoX3VzZXJfaGFzaJSMKDdhM2MyYzJmNzY2Y2QxYmNlMGIxN2IyY2Q3NTg0ODhmZWI1ODI5NzSUdS4=	2020-02-19 18:55:44.306129+00
3f9eef97vwmxyw6hqg0m6dkxtxtejmun	Y2ZkMDBhNDAyNjNkNTA0Y2E0ZmY5NjUzYWI1ZjcyMGI2MDk2ZDc4YTqABJVcAAAAAAAAAH2UjBNzb2NpYWxhY2NvdW50X3N0YXRllH2UKIwFc2NvcGWUjACUjAthdXRoX3BhcmFtc5RoBIwHcHJvY2Vzc5SMBWxvZ2lulHWMDEtVNnV2M2NuemR4SZSGlHMu	2020-02-29 07:53:19.092983+00
cvoykabktk56ld8u3z8q9axif51jnzb9	Y2U5YzE1ODcyOGEyZGM0OTlmYmZjODhmYjlkNjQ2MzcwMzk5YjdkMjqABJVcAAAAAAAAAH2UjBNzb2NpYWxhY2NvdW50X3N0YXRllH2UKIwFc2NvcGWUjACUjAthdXRoX3BhcmFtc5RoBIwHcHJvY2Vzc5SMBWxvZ2lulHWMDEZoUW1oakZ0eFlGOZSGlHMu	2020-03-01 04:18:30.56345+00
x54lbvel5804iyw15bfrmqvnxl38boex	YjFkMzExY2Q5ZjA1NzMxN2IwZWVhZjc5MTUwNTFlZjM0ZDE5MjRlYTqABJXQAAAAAAAAAH2UKIwSX2F1dGhfdXNlcl9iYWNrZW5klIwzYWxsYXV0aC5hY2NvdW50LmF1dGhfYmFja2VuZHMuQXV0aGVudGljYXRpb25CYWNrZW5klIwNX2F1dGhfdXNlcl9pZJSMAjM2lIwWYWNjb3VudF92ZXJpZmllZF9lbWFpbJROjA9fYXV0aF91c2VyX2hhc2iUjCg3YzdiODQ1NDA0ZjczNWQxYjYwMmVhOTk5M2VkYzVmM2ViM2E2ZTBmlIwMYWNjb3VudF91c2VylIwCMTCUdS4=	2020-03-04 04:58:45.892814+00
pbajvppmvgmmnwwt8ck4jb7zmhi74n3d	NGQxYjYzYjc1MmNiMDdmZjhhYzFkOWVkOWIwMmZhNjM0ZGNhZDQ1ODqABJVcAAAAAAAAAH2UjBNzb2NpYWxhY2NvdW50X3N0YXRllH2UKIwFc2NvcGWUjACUjAthdXRoX3BhcmFtc5RoBIwHcHJvY2Vzc5SMBWxvZ2lulHWMDFZCOUN2dDNmUXFyNpSGlHMu	2020-03-06 09:01:35.898124+00
aalttnlqww9xnss72fc0gc8twf4sa1g2	YmEzMWMwOTk1OThhMzI0ZTQ4MGM3ZjdmNzY5ZWY3YjFiNjc4MzJmMTqABJVcAAAAAAAAAH2UjBNzb2NpYWxhY2NvdW50X3N0YXRllH2UKIwFc2NvcGWUjACUjAthdXRoX3BhcmFtc5RoBIwHcHJvY2Vzc5SMBWxvZ2lulHWMDHFFbzhPUklLZGZhc5SGlHMu	2020-03-07 01:26:08.341131+00
bta2lg9aih6zbko92jwwwy7xsge6o5ee	OWY0YzAzN2U1MTI0NGI5ODlhOGE5MmZhZDhmYTA3MzYwNTg3NDkzYTqABJVcAAAAAAAAAH2UjBNzb2NpYWxhY2NvdW50X3N0YXRllH2UKIwFc2NvcGWUjACUjAthdXRoX3BhcmFtc5RoBIwHcHJvY2Vzc5SMBWxvZ2lulHWMDGtjdk9pMTJOTHhYZZSGlHMu	2020-03-08 03:47:07.715222+00
lao60ohibrec9sizz976oiztu17xm9qy	NzhmNjY1YmFiM2VmZjkxNDFjOTAzMGMxMTNhYTFmMDJiYjY5NDEzNjqABJVcAAAAAAAAAH2UjBNzb2NpYWxhY2NvdW50X3N0YXRllH2UKIwFc2NvcGWUjACUjAthdXRoX3BhcmFtc5RoBIwHcHJvY2Vzc5SMBWxvZ2lulHWMDEVWWGVDTHNxd3A1SJSGlHMu	2020-03-10 01:41:47.521454+00
4hyvyg7tz0amzwav8vckuoq5wobktnuo	NWZlMDQwZDI2MTM5OWQ2MGMyMmM0NTBhZjY3MWRmNjBhMTc1NzgwODqABJXQAAAAAAAAAH2UKIwSX2F1dGhfdXNlcl9iYWNrZW5klIwzYWxsYXV0aC5hY2NvdW50LmF1dGhfYmFja2VuZHMuQXV0aGVudGljYXRpb25CYWNrZW5klIwNX2F1dGhfdXNlcl9pZJSMAjM3lIwWYWNjb3VudF92ZXJpZmllZF9lbWFpbJROjA9fYXV0aF91c2VyX2hhc2iUjCg4ZGI5ODgyZmUxZGM1MmViYTc4ZDZlNDc2ZmFiMGRhYWY2NTMzMzUylIwMYWNjb3VudF91c2VylIwCMTGUdS4=	2020-03-10 08:10:44.399447+00
wko5ot4320gn237nocyxao0y8l5ia5yk	NDI2YzQyMTFhMWVlODM3MzliYmJmZDQxZGJmYmY0ZjJhNDg4NTA5MDqABJVcAAAAAAAAAH2UjBNzb2NpYWxhY2NvdW50X3N0YXRllH2UKIwFc2NvcGWUjACUjAthdXRoX3BhcmFtc5RoBIwHcHJvY2Vzc5SMBWxvZ2lulHWMDFNxM1VjS0J1OXk4d5SGlHMu	2020-03-10 15:41:16.886835+00
9ygn8xhndv5sk2w8ytmvxxa541ghs4pj	NGU3ZDc2MzczNWQ5NGMyMzg2ODZlNzI3ODFiNjdiNGE1MjBhNjVmNDqABJVcAAAAAAAAAH2UjBNzb2NpYWxhY2NvdW50X3N0YXRllH2UKIwFc2NvcGWUjACUjAthdXRoX3BhcmFtc5RoBIwHcHJvY2Vzc5SMBWxvZ2lulHWMDEQzanM5dVgyUFFtZpSGlHMu	2020-03-11 03:24:47.835722+00
rs5oo960su569vrcrd90mwyax7fza0b2	MWFhYWM3OWEzMjgyMmE4ZDlkYThkYTlmNDBmNDZmM2Q0MDk0ZDEwYzqABJVcAAAAAAAAAH2UjBNzb2NpYWxhY2NvdW50X3N0YXRllH2UKIwFc2NvcGWUjACUjAthdXRoX3BhcmFtc5RoBIwHcHJvY2Vzc5SMBWxvZ2lulHWMDExybDIzNk15b0NHV5SGlHMu	2020-03-12 11:08:01.125292+00
73w8myngtbxn7knq7fn3p7dxke1antig	OGViNWJmOTI3NjdkMzU4NzBkZTFhMGFlZTY5ODkyNDc4NDE5MzIyZTqABJVcAAAAAAAAAH2UjBNzb2NpYWxhY2NvdW50X3N0YXRllH2UKIwFc2NvcGWUjACUjAthdXRoX3BhcmFtc5RoBIwHcHJvY2Vzc5SMBWxvZ2lulHWMDHpRVXdxOUxDRWNoepSGlHMu	2020-03-15 15:52:40.505019+00
zrmye420jz6ueaem0yvtskiktjiqw42o	MWE5Y2NjMWI0MzgwM2NiYTNkMjljMjM0NTA4YTM5MjEyYzUxZjk1YjqABJWXAAAAAAAAAH2UKIwSX2F1dGhfdXNlcl9iYWNrZW5klIwpZGphbmdvLmNvbnRyaWIuYXV0aC5iYWNrZW5kcy5Nb2RlbEJhY2tlbmSUjA1fYXV0aF91c2VyX2lklIwBMZSMD19hdXRoX3VzZXJfaGFzaJSMKDdhM2MyYzJmNzY2Y2QxYmNlMGIxN2IyY2Q3NTg0ODhmZWI1ODI5NzSUdS4=	2020-03-16 14:28:31.129833+00
wmx8n4w1dzo5l1n5jyi6b9zc105etswa	ZjM0YWQ4NDAxNjhlMWE2ZjVhMTRhMGIwYTdiYzI5M2Q5OWIyZWVkMDqABJXQAAAAAAAAAH2UKIwSX2F1dGhfdXNlcl9iYWNrZW5klIwzYWxsYXV0aC5hY2NvdW50LmF1dGhfYmFja2VuZHMuQXV0aGVudGljYXRpb25CYWNrZW5klIwNX2F1dGhfdXNlcl9pZJSMAjQ3lIwWYWNjb3VudF92ZXJpZmllZF9lbWFpbJROjA9fYXV0aF91c2VyX2hhc2iUjChjNzg0ZWU4MzAyZDdmMDFjMWI0ZDNmYjRiNzgzNzE4NGUzY2NhYjhjlIwMYWNjb3VudF91c2VylIwCMWKUdS4=	2020-04-08 18:37:39.437594+00
7c90bvs2719cih8z7emtqq19lx34tevd	N2QxYTQyMWQxMWZiNGFjNTRkYmIwMWQyNmY0MDIyNDU2MTM0ZjhlZTqABJVcAAAAAAAAAH2UjBNzb2NpYWxhY2NvdW50X3N0YXRllH2UKIwFc2NvcGWUjACUjAthdXRoX3BhcmFtc5RoBIwHcHJvY2Vzc5SMBWxvZ2lulHWMDDdLMHh0eGNuTmJ5apSGlHMu	2020-04-14 04:46:31.436005+00
w84o4irtg8yhr7ala379zj7ongy9oshr	OTg5Mzc5MjAyY2E1NTI1ZDVkMGEyYTE4NWYzYThkNzRmMTQ5YWJlMDqABJXQAAAAAAAAAH2UKIwSX2F1dGhfdXNlcl9iYWNrZW5klIwzYWxsYXV0aC5hY2NvdW50LmF1dGhfYmFja2VuZHMuQXV0aGVudGljYXRpb25CYWNrZW5klIwNX2F1dGhfdXNlcl9pZJSMAjM4lIwWYWNjb3VudF92ZXJpZmllZF9lbWFpbJROjA9fYXV0aF91c2VyX2hhc2iUjCg5OGFjM2I0ZTljOWM3Yjc3ZjA2M2UzYzVhMmE2ZjE2OWI2NmJhNDM3lIwMYWNjb3VudF91c2VylIwCMTKUdS4=	2020-03-18 07:15:32.78989+00
5ejrfj6ee1rw6m9uigjsjzvkglihpqf5	ZjkzN2ZkOGFmYmQxOWNmN2NhMjkyN2FhN2FlZjFhNzBlMGQ4MTQyYTqABJXQAAAAAAAAAH2UKIwSX2F1dGhfdXNlcl9iYWNrZW5klIwzYWxsYXV0aC5hY2NvdW50LmF1dGhfYmFja2VuZHMuQXV0aGVudGljYXRpb25CYWNrZW5klIwNX2F1dGhfdXNlcl9pZJSMAjM5lIwWYWNjb3VudF92ZXJpZmllZF9lbWFpbJROjA9fYXV0aF91c2VyX2hhc2iUjChhYjI5MGFiMzc2OTA5YWI3ZTU3NjRhZDBjMWZlZDJlMmVlNmMyNGQylIwMYWNjb3VudF91c2VylIwCMTOUdS4=	2020-03-18 11:12:04.895629+00
tubb0ya7gf24nhegq8kglc8i977fj1bb	ZDUxMTVmMjY5ZjUyNGFlNDg5YzIwMjE5MDg5ZDVhZjYzYzZkODI1NjqABJXQAAAAAAAAAH2UKIwSX2F1dGhfdXNlcl9iYWNrZW5klIwzYWxsYXV0aC5hY2NvdW50LmF1dGhfYmFja2VuZHMuQXV0aGVudGljYXRpb25CYWNrZW5klIwNX2F1dGhfdXNlcl9pZJSMAjQ4lIwWYWNjb3VudF92ZXJpZmllZF9lbWFpbJROjA9fYXV0aF91c2VyX2hhc2iUjCgxZmQ1MzQxM2VhOWEzZDExOTk4ZmExZDhkNjUwZWQzNGU1ZDUxOTdhlIwMYWNjb3VudF91c2VylIwCMWOUdS4=	2020-04-15 18:31:45.680231+00
pipobalibzp1wl84kjaynrl8nnznqn85	YzRjNzZlMTk1NzVmYjRhNzU3MDczYzYxYzUzM2JlZjY4NzJiMjE4NTqABJXQAAAAAAAAAH2UKIwSX2F1dGhfdXNlcl9iYWNrZW5klIwzYWxsYXV0aC5hY2NvdW50LmF1dGhfYmFja2VuZHMuQXV0aGVudGljYXRpb25CYWNrZW5klIwNX2F1dGhfdXNlcl9pZJSMAjQwlIwWYWNjb3VudF92ZXJpZmllZF9lbWFpbJROjA9fYXV0aF91c2VyX2hhc2iUjChiMDU0OTgxMDJmNDRmMDQwNjljMTMwODM5ODI2MTYyODU5MmRjODdhlIwMYWNjb3VudF91c2VylIwCMTSUdS4=	2020-03-19 14:04:21.813444+00
l49gnwza8poc77zo2ra26ludxv5zby08	OTE0YTNlNmJkOTI2N2I3MmExMjRmNDBiYmJhMzc4N2JiNWFlMzI0ZjqABJXQAAAAAAAAAH2UKIwSX2F1dGhfdXNlcl9iYWNrZW5klIwzYWxsYXV0aC5hY2NvdW50LmF1dGhfYmFja2VuZHMuQXV0aGVudGljYXRpb25CYWNrZW5klIwNX2F1dGhfdXNlcl9pZJSMAjQxlIwWYWNjb3VudF92ZXJpZmllZF9lbWFpbJROjA9fYXV0aF91c2VyX2hhc2iUjChmZDI1YjljNTM0Nzg3ODM3MmM2MjE2ZmIyOWNmNmMxOGViOWMxNGFhlIwMYWNjb3VudF91c2VylIwCMTWUdS4=	2020-03-19 14:39:49.658245+00
0ez7rnybpc6679i6sn6hsggbopd0hz6n	OTBkMmY3MjM1NTQ1OGZmYmVlMzhmMjM2ZjkxMWJmYzUyNjI2ZTBhYzqABJXQAAAAAAAAAH2UKIwSX2F1dGhfdXNlcl9iYWNrZW5klIwzYWxsYXV0aC5hY2NvdW50LmF1dGhfYmFja2VuZHMuQXV0aGVudGljYXRpb25CYWNrZW5klIwNX2F1dGhfdXNlcl9pZJSMAjQ5lIwWYWNjb3VudF92ZXJpZmllZF9lbWFpbJROjA9fYXV0aF91c2VyX2hhc2iUjCg1MDZmODI3NjA3M2NjNWYzNTUwYmFjZDU4YjE3MGYzYzE0YTgxZWQ5lIwMYWNjb3VudF91c2VylIwCMWSUdS4=	2020-04-16 07:47:08.540247+00
gnm7d29gq7xf5ja0rgw00qlbu7izs8ej	YzM4MTFmODZkNmI3ZDk1YjA2ZTg0NjExNThjMjAwOTMwOWE4MzNmYTqABJXQAAAAAAAAAH2UKIwSX2F1dGhfdXNlcl9iYWNrZW5klIwzYWxsYXV0aC5hY2NvdW50LmF1dGhfYmFja2VuZHMuQXV0aGVudGljYXRpb25CYWNrZW5klIwNX2F1dGhfdXNlcl9pZJSMAjQylIwWYWNjb3VudF92ZXJpZmllZF9lbWFpbJROjA9fYXV0aF91c2VyX2hhc2iUjCg3NzRmYTUzNDUwZTE0ZDc1ZmMyZWIxYTViZDE1ZDUwZGEwNzFiMGM5lIwMYWNjb3VudF91c2VylIwCMTaUdS4=	2020-03-19 19:08:17.540866+00
xreur2355z9h6o7512d76kssvszfxjc9	ZmYyMDQ5NWQxZjgyNjFmYmFhMzIzMGJkMWI0NWQ1MTQzNjZlMmYxMjqABJXQAAAAAAAAAH2UKIwSX2F1dGhfdXNlcl9iYWNrZW5klIwzYWxsYXV0aC5hY2NvdW50LmF1dGhfYmFja2VuZHMuQXV0aGVudGljYXRpb25CYWNrZW5klIwNX2F1dGhfdXNlcl9pZJSMAjUwlIwWYWNjb3VudF92ZXJpZmllZF9lbWFpbJROjA9fYXV0aF91c2VyX2hhc2iUjCg4YmVlMjg5YTVlYzEzMmFiY2YyODk4MjY4ZTQzYjQ0MDk1OTAzNzA2lIwMYWNjb3VudF91c2VylIwCMWWUdS4=	2020-04-19 14:32:37.823774+00
92wp511u9bp8dn07w7bi4ziumlzyof0j	ZDZlZmNjM2E5Y2NhNzc4OWY2MGI2NzNjMmZhMTQ0MDViOWY5MWZmMDqABJXQAAAAAAAAAH2UKIwSX2F1dGhfdXNlcl9iYWNrZW5klIwzYWxsYXV0aC5hY2NvdW50LmF1dGhfYmFja2VuZHMuQXV0aGVudGljYXRpb25CYWNrZW5klIwNX2F1dGhfdXNlcl9pZJSMAjQzlIwWYWNjb3VudF92ZXJpZmllZF9lbWFpbJROjA9fYXV0aF91c2VyX2hhc2iUjChjM2RlY2Y2ZjQ0MjhkZDFiYmY5NTBlNTdhYTgwNjhiM2ExY2NlYTZhlIwMYWNjb3VudF91c2VylIwCMTeUdS4=	2020-03-20 08:50:16.2291+00
xfwdo1qif3egh61y1ff4vfwukrltdx2t	NGZkMjY4YWZlYzFiYzdiZjk5NDlhZGYxZmQyOWRmZDc2N2FiNTE4YjqABJVcAAAAAAAAAH2UjBNzb2NpYWxhY2NvdW50X3N0YXRllH2UKIwFc2NvcGWUjACUjAthdXRoX3BhcmFtc5RoBIwHcHJvY2Vzc5SMBWxvZ2lulHWMDFlxbmxiNVp3c2xNapSGlHMu	2020-04-21 08:21:43.191032+00
43doa34i0gjimy3f9r7w57ot4kjtnjcl	YTAwZjMxYWE5ZGFkMDEwZjFmZmM4NGM0NjA0Yzg0YTRmMTc2NmM0OTqABJVcAAAAAAAAAH2UjBNzb2NpYWxhY2NvdW50X3N0YXRllH2UKIwFc2NvcGWUjACUjAthdXRoX3BhcmFtc5RoBIwHcHJvY2Vzc5SMBWxvZ2lulHWMDFdDUjlqRWlRelJRc5SGlHMu	2020-04-23 13:58:43.239184+00
0yor4mo3yochvlj6mwf8bviveluyybiv	NDU3YTYxMjU1ZjVmODViYTkyYjg2Yjc0MjljNDMwOTI0M2IzY2M1ZjqABJWiAAAAAAAAAH2UKIwSX2F1dGhfdXNlcl9iYWNrZW5klIwzYWxsYXV0aC5hY2NvdW50LmF1dGhfYmFja2VuZHMuQXV0aGVudGljYXRpb25CYWNrZW5klIwNX2F1dGhfdXNlcl9pZJSMAjM4lIwPX2F1dGhfdXNlcl9oYXNolIwoOThhYzNiNGU5YzljN2I3N2YwNjNlM2M1YTJhNmYxNjliNjZiYTQzN5R1Lg==	2020-03-20 13:18:41.892237+00
9olcylch25mn3gctcma4jxylimjlpvij	MDc3YjFlNzVmOTc2YmU3ZDljY2QyMmZmNzMyOWRhOTI3NmUzNjBhNjqABJVcAAAAAAAAAH2UjBNzb2NpYWxhY2NvdW50X3N0YXRllH2UKIwFc2NvcGWUjACUjAthdXRoX3BhcmFtc5RoBIwHcHJvY2Vzc5SMBWxvZ2lulHWMDFRuYXlCT2FNOWFoQZSGlHMu	2020-03-21 20:26:24.24975+00
2vuk5fjnyjhsn4xlovnf9w2p9w3zmtx7	ZWYwZTFmNTU5NWEyNzdlMjY1Y2U4NTZiNDlmMTczMGJlMzBlYjE3NDqABJXQAAAAAAAAAH2UKIwSX2F1dGhfdXNlcl9iYWNrZW5klIwzYWxsYXV0aC5hY2NvdW50LmF1dGhfYmFja2VuZHMuQXV0aGVudGljYXRpb25CYWNrZW5klIwNX2F1dGhfdXNlcl9pZJSMAjQ0lIwWYWNjb3VudF92ZXJpZmllZF9lbWFpbJROjA9fYXV0aF91c2VyX2hhc2iUjCg2NjZkNTkyOGQ2MjQzMTNkOWI2ZTVkNjVjNDgxNjBiZWVhYWZiYjFmlIwMYWNjb3VudF91c2VylIwCMTiUdS4=	2020-03-22 20:27:18.802683+00
cr2xz73g9vm2vld785klrsvr817orjcf	MWNmZTgwNjg0ODllZjgyODE4MjAwMDVkM2RmZmZiMWM2NzIzN2U5YTqABJVcAAAAAAAAAH2UjBNzb2NpYWxhY2NvdW50X3N0YXRllH2UKIwFc2NvcGWUjACUjAthdXRoX3BhcmFtc5RoBIwHcHJvY2Vzc5SMBWxvZ2lulHWMDDJsUjR5N0xWcm5BaZSGlHMu	2020-03-22 20:39:43.148169+00
sy7cuoj2jsgzhcdgpf1w0r2d40hnw3b6	N2JkYmRiOWZkNzE1NzFhMGFkNWNmYTA3NjE5ODk2MWQzMjU0YzAwNDqABJVcAAAAAAAAAH2UjBNzb2NpYWxhY2NvdW50X3N0YXRllH2UKIwLYXV0aF9wYXJhbXOUjACUjAVzY29wZZRoBIwHcHJvY2Vzc5SMBWxvZ2lulHWMDDA2dE4yTXFWODJScpSGlHMu	2020-04-29 00:31:50.324887+00
zxvnoolp22e6005i91vv26ors7xwhxpj	ODc3YzE1MGJiYTQzM2VhYmViOGY1N2E5Yjc5ZjFkYzk5YjcwNTM3YzqABJXQAAAAAAAAAH2UKIwSX2F1dGhfdXNlcl9iYWNrZW5klIwzYWxsYXV0aC5hY2NvdW50LmF1dGhfYmFja2VuZHMuQXV0aGVudGljYXRpb25CYWNrZW5klIwNX2F1dGhfdXNlcl9pZJSMAjQ1lIwWYWNjb3VudF92ZXJpZmllZF9lbWFpbJROjA9fYXV0aF91c2VyX2hhc2iUjCg3NjJlM2MxNTU0MWEyYTBiNjc3Y2M1YWE0ZjM4YTUyNDc5NmYwYzY1lIwMYWNjb3VudF91c2VylIwCMTmUdS4=	2020-03-29 05:37:09.980974+00
ff64o0y0n9yd1s4fgti53f235wjocvy3	ZTMzODlhNjBjZjhiNGFkYmM5NWQwMGU2NzFkNTQ5ZDZiZTMzMmE2MTqABJXQAAAAAAAAAH2UKIwSX2F1dGhfdXNlcl9iYWNrZW5klIwzYWxsYXV0aC5hY2NvdW50LmF1dGhfYmFja2VuZHMuQXV0aGVudGljYXRpb25CYWNrZW5klIwNX2F1dGhfdXNlcl9pZJSMAjQ2lIwWYWNjb3VudF92ZXJpZmllZF9lbWFpbJROjA9fYXV0aF91c2VyX2hhc2iUjChhZDEwNzc1NzJhMTE3NGYxMjA3OTYxYTBiMzFlMTEyNjBiZWE0NTM2lIwMYWNjb3VudF91c2VylIwCMWGUdS4=	2020-04-03 11:01:46.331973+00
yloc6g4c38hd30x91e3f4yspdk6cdkf6	ODA4OGNjYzc1NmZlNjdlMDQ1OGYyZjI4MzMyNjNjODViYTgxMDNjMzqABJVcAAAAAAAAAH2UjBNzb2NpYWxhY2NvdW50X3N0YXRllH2UKIwLYXV0aF9wYXJhbXOUjACUjAVzY29wZZRoBIwHcHJvY2Vzc5SMBWxvZ2lulHWMDDIzRGUwNXlOaktvTJSGlHMu	2020-04-30 11:17:09.559816+00
4ifbkifc6mjnp15kmnyee0ugezwlh3ep	ZDhiZjY5YjA0MWVhMjU4NGMwNTMwYjk0YWZlYjY1NTU5ZDBhNjA3YzqABJVcAAAAAAAAAH2UjBNzb2NpYWxhY2NvdW50X3N0YXRllH2UKIwLYXV0aF9wYXJhbXOUjACUjAVzY29wZZRoBIwHcHJvY2Vzc5SMBWxvZ2lulHWMDGtzenVmWUlXaFliUJSGlHMu	2020-05-01 15:00:20.057914+00
r3f21r8q95lcrq085956wods68wz0pwc	Nzk0OGVjZThkMDM0MmQzOTg0OTlkNjgyYjY3YTkyODllMjU0MjcwNzqABJWiAAAAAAAAAH2UKIwNX2F1dGhfdXNlcl9pZJSMAjQ4lIwSX2F1dGhfdXNlcl9iYWNrZW5klIwzYWxsYXV0aC5hY2NvdW50LmF1dGhfYmFja2VuZHMuQXV0aGVudGljYXRpb25CYWNrZW5klIwPX2F1dGhfdXNlcl9oYXNolIwoMWZkNTM0MTNlYTlhM2QxMTk5OGZhMWQ4ZDY1MGVkMzRlNWQ1MTk3YZR1Lg==	2020-05-02 06:15:26.954428+00
u4a47k1sy8vgu7mvn7ydgi1ngg8pnxhg	MTc3YTY1ZmZjYThjMDM2ODFhODA5Y2U2M2NjOTFmMzM2ZDBjMGZkNzqABJVcAAAAAAAAAH2UjBNzb2NpYWxhY2NvdW50X3N0YXRllH2UKIwFc2NvcGWUjACUjAdwcm9jZXNzlIwFbG9naW6UjAthdXRoX3BhcmFtc5RoBHWMDEVxcjBJT2lxVFk0MpSGlHMu	2020-05-07 13:51:51.562524+00
b4a0dkugpzpkvfb74bk3y3xt7w2pdk37	MDgyOGRkMTUzMzE2ODVmNzQ3YTlhNTRlNmZhNzYzYWY2ZDliNGVkYTqABJVcAAAAAAAAAH2UjBNzb2NpYWxhY2NvdW50X3N0YXRllH2UKIwFc2NvcGWUjACUjAdwcm9jZXNzlIwFbG9naW6UjAthdXRoX3BhcmFtc5RoBHWMDE54djh6cVR6S2RnMpSGlHMu	2020-05-13 07:43:45.464907+00
yn1cl61wfmkdao3ixltgorrfbg2sn661	MTQwYzhlMGQwNThkNmQ0Zjk5MDgzMDM0YjRlYjdmZDhhODU5M2U1NDqABJWiAAAAAAAAAH2UKIwSX2F1dGhfdXNlcl9iYWNrZW5klIwzYWxsYXV0aC5hY2NvdW50LmF1dGhfYmFja2VuZHMuQXV0aGVudGljYXRpb25CYWNrZW5klIwPX2F1dGhfdXNlcl9oYXNolIwoMWZkNTM0MTNlYTlhM2QxMTk5OGZhMWQ4ZDY1MGVkMzRlNWQ1MTk3YZSMDV9hdXRoX3VzZXJfaWSUjAI0OJR1Lg==	2020-05-17 03:57:10.304605+00
j9s6gyeq9ofpwgwolpnc7rn1l5etj5rm	YzIzZmQxZDEyMzE1NGJmYjYzZDczNjFiYmNkNzExMDg2MGQ0NzZiMDqABJXQAAAAAAAAAH2UKIwSX2F1dGhfdXNlcl9iYWNrZW5klIwzYWxsYXV0aC5hY2NvdW50LmF1dGhfYmFja2VuZHMuQXV0aGVudGljYXRpb25CYWNrZW5klIwMYWNjb3VudF91c2VylIwCMWeUjA1fYXV0aF91c2VyX2lklIwCNTKUjA9fYXV0aF91c2VyX2hhc2iUjChmMTJkNGFiZDdiZWU5ZDY3YWNhMTlkMDQwMGNkNTVhODI4ZmNlMTIwlIwWYWNjb3VudF92ZXJpZmllZF9lbWFpbJROdS4=	2020-05-21 05:44:37.652038+00
9kkcp5qrs0d0g9l0rczmlby5j9wau9ip	MmZkNGFhZGVjYmIyOTE3MWIzZDA4MjY4Yjc5ZTlhMzNjNzVkNWViMTqABJXQAAAAAAAAAH2UKIwSX2F1dGhfdXNlcl9iYWNrZW5klIwzYWxsYXV0aC5hY2NvdW50LmF1dGhfYmFja2VuZHMuQXV0aGVudGljYXRpb25CYWNrZW5klIwMYWNjb3VudF91c2VylIwCMWiUjA1fYXV0aF91c2VyX2lklIwCNTOUjA9fYXV0aF91c2VyX2hhc2iUjChhN2MyNGNjMDhjMTc4ZDM4YmVhZjA4NmJlYmZlZDE4NGI3NjdjNjlhlIwWYWNjb3VudF92ZXJpZmllZF9lbWFpbJROdS4=	2020-05-24 17:38:08.311816+00
3mzpje0w3p11auix8ny9r1va15xyypkn	MzQxYzg0NjFiMGFkZmVmMjUxMDczOWJlY2UyZWZmYzlkZmE2ZDJlYjqABJXQAAAAAAAAAH2UKIwSX2F1dGhfdXNlcl9iYWNrZW5klIwzYWxsYXV0aC5hY2NvdW50LmF1dGhfYmFja2VuZHMuQXV0aGVudGljYXRpb25CYWNrZW5klIwMYWNjb3VudF91c2VylIwCMWmUjA1fYXV0aF91c2VyX2lklIwCNTSUjA9fYXV0aF91c2VyX2hhc2iUjCg0ZTA3MGY2YzU0NWVkNjlkNWJmMTNhODk2MWU1MWNjZjkzYTNjODE3lIwWYWNjb3VudF92ZXJpZmllZF9lbWFpbJROdS4=	2020-05-25 14:41:58.392908+00
xqe47lthxkna1t90k3y2sd129togq2rk	Y2MyNTE3ZmVhYzYyZjdhYjNhY2NiMDhmNDJjYjJhOGI5ZTMxYWFhNTqABJVcAAAAAAAAAH2UjBNzb2NpYWxhY2NvdW50X3N0YXRllH2UKIwFc2NvcGWUjACUjAdwcm9jZXNzlIwFbG9naW6UjAthdXRoX3BhcmFtc5RoBHWMDHk2ZGYyeHl3NUFUNpSGlHMu	2020-05-26 08:27:20.328133+00
dz8h41ghv544e39vub8frvpydhjzf2al	ZjBlNjNhNjBmOTEyY2FkMjZhZDY2YTc1ODU0ODM4ZDFhMjVlN2U4NDqABJWYAAAAAAAAAH2UKIwSX2F1dGhfdXNlcl9iYWNrZW5klIwpZGphbmdvLmNvbnRyaWIuYXV0aC5iYWNrZW5kcy5Nb2RlbEJhY2tlbmSUjA9fYXV0aF91c2VyX2hhc2iUjChiMDE5ZjJjZDcxYjhmYzc5OTVhY2YxZWRhZDE3NWE0NDI4YmE0YjFllIwNX2F1dGhfdXNlcl9pZJSMAjU1lHUu	2020-05-30 15:49:36.609944+00
\.


--
-- Data for Name: django_site; Type: TABLE DATA; Schema: public; Owner: almet
--

COPY public.django_site (id, domain, name) FROM stdin;
1	трезвый-альметьевск.рф	трезвый-альметьевск.рф
\.


--
-- Name: django_site_id_seq; Type: SEQUENCE SET; Schema: public; Owner: almet
--

SELECT pg_catalog.setval('public.django_site_id_seq', 1, true);


--
-- Data for Name: easy_thumbnails_source; Type: TABLE DATA; Schema: public; Owner: almet
--

COPY public.easy_thumbnails_source (id, storage_hash, name, modified) FROM stdin;
\.


--
-- Name: easy_thumbnails_source_id_seq; Type: SEQUENCE SET; Schema: public; Owner: almet
--

SELECT pg_catalog.setval('public.easy_thumbnails_source_id_seq', 1, false);


--
-- Data for Name: easy_thumbnails_thumbnail; Type: TABLE DATA; Schema: public; Owner: almet
--

COPY public.easy_thumbnails_thumbnail (id, storage_hash, name, modified, source_id) FROM stdin;
\.


--
-- Name: easy_thumbnails_thumbnail_id_seq; Type: SEQUENCE SET; Schema: public; Owner: almet
--

SELECT pg_catalog.setval('public.easy_thumbnails_thumbnail_id_seq', 1, false);


--
-- Data for Name: easy_thumbnails_thumbnaildimensions; Type: TABLE DATA; Schema: public; Owner: almet
--

COPY public.easy_thumbnails_thumbnaildimensions (id, thumbnail_id, width, height) FROM stdin;
\.


--
-- Name: easy_thumbnails_thumbnaildimensions_id_seq; Type: SEQUENCE SET; Schema: public; Owner: almet
--

SELECT pg_catalog.setval('public.easy_thumbnails_thumbnaildimensions_id_seq', 1, false);


--
-- Data for Name: guestbook_guestbook; Type: TABLE DATA; Schema: public; Owner: almet
--

COPY public.guestbook_guestbook (id, posted, user_id, content2) FROM stdin;
5	2019-09-03 17:40:29.80154+00	4	<p>Всем здравствуйте!&nbsp;<br />\r\nМеня зовут Игорь, я зависимый. Мне 45 лет.&nbsp;<br />\r\nНаркотики, как социальные, так и запрещенные, являлись для меня способом существования.&nbsp;<br />\r\nПотери (институт, семья, здоровье, свобода) ни чему не учили, всё время находился кто то вино-&nbsp;<br />\r\nватый, только не я. Инстинкт самосохранения срабатывал слабо, в детокс. я ложился только что-&nbsp;<br />\r\nбы не здохнуть.&nbsp;<br />\r\nХочу поделиться опытом, как трезвость стала для меня приоритетом. Слава Богу что я сломал ногу! Реально!- я анализировал. Других вариантов попасть в состояние вынужденного воздержания не было. За два месяца голова от токсинов, слегка, очистилась. Пришлось задуматься,- а что же дальше? Выбор не богат. Тюрьма или психушка? Там и там был, не понравилось. Смерть рано, да и не охота. Был четвёртый вариант,- врачи из детоксов советовали Краснокамский Реб.центр. А что? Недалеко и бесплатно. А что мне терять? - поеду.&nbsp;<br />\r\n12 шаговая.&hellip; Когда то сталкивался,- ходил на АА&hellip;&nbsp;<br />\r\n- &laquo;Так стоп!- я же, тогда, два года не употреблял! Сойдет&raquo;.&nbsp;<br />\r\nПоначалу полное отрицание,- то не так, здесь не эдак. Потихоньку пришло понимание, появился интерес.&nbsp;<br />\r\nКак то, на видео лекциях, стали смотреть спец.курсы против курения и употребления других наркотиков по методу Г. Шичко. Вел курс Владимир Фахреев. Материал подавался доходчиво, со здоровой самоиронией. Зацепило. Курс перекликался с программой Центра: домашние задания тот же аутоанамнез, прописывание дневников чувств и вечерняя рефлексия, тот же самоанализ.&nbsp;<br />\r\nКурить бросил сразу. Мотивации были шикарные. Осознал, что нахожусь на третей стадии облитерирующего эндартериита, дальше только ноги отрезать,- не хочу, без ног ходить лень. Лекция &laquo;Здравомыслие&raquo; пригодилась.- зависимые хоть и психи, но отнюдь не дураки. А, курить глупо! Когда писал план ,- &laquo;Как бросить курить?&raquo;, ещё один аргумент для себя нашёл: &laquo;Курение симптом синдрома зависимости. Если я курю, я не выздоравливаю!&raquo; Кстати, я на протяжении десяти лет был &laquo;конченым&raquo; гипертоником. Давление 150/100 было нормой. Постоянные головные боли. Через месяц , полтора померял 140/90. Удивился. Ещё через пару недель 130/80.Головных болей, просто, не стало. Мысли четкие и ясные. Начал писать стихи. Тенденция. Через некоторое время, я стал отвечать за тех.поддержку. Скачал Уроки трезвости, они покороче, и стал ставить их в свободное время. Фраза: &laquo;Нет нарколога кроме Шичко, и Фахреев пророк его&raquo;,- стала расхожей. Бросило курить, ещё, четыре человека. Какое моё мнение обо всём курсе в целом? Все мы родом из детства и программа алкогольного праздника в каждом. Что делать? Пишите дневники перед сном или 12 шагов или то и то вместе. Результат будет обязательно!&nbsp;<br />\r\nАдрес Центра: г. Краснокамск ул. Пушкина 2&nbsp;<br />\r\nПермский Краевой Наркологический Диспансер. Краснокамский филиал.&nbsp;<br />\r\nОтделение Медицинской Реабилитации&nbsp;<br />\r\nТел.+7 342 732-04-13; +7 342 732-04-16&nbsp;</p>\r\n\r\n<p><br />\r\nТебе, сейчас, предложили идею.&nbsp;<br />\r\nНе отрицай,а просто посмотри,&nbsp;<br />\r\nНе говори я в глупости не верю,&nbsp;<br />\r\nЗадумайся:&quot;А что же там внутри?&quot;&nbsp;</p>\r\n\r\n<p>Начни с простого - типа помогает.&nbsp;<br />\r\nНе напрягайся,просто людям верь.&nbsp;<br />\r\nИ пусть, слегка,порядок напрягает,&nbsp;<br />\r\nВ выздоровление уже открыта дверь.&nbsp;</p>\r\n\r\n<p>Начав работать честно и открыто,&nbsp;<br />\r\nНе выбирая буду!-не хочу!&nbsp;<br />\r\nИз прошлого достав что позабыто,&nbsp;<br />\r\nНе думать здесь скажу,здесь промолчу.&nbsp;</p>\r\n\r\n<p>Не осудив кого то,ты увидишь,&nbsp;<br />\r\nЧто смысла нет,винить и осуждать.&nbsp;<br />\r\nТы сам себя бывало ненавидишь,&nbsp;<br />\r\nНо отзеркалив, сможешь что то дать.&nbsp;</p>\r\n\r\n<p>Ты, отдавая,втрое получаешь,&nbsp;<br />\r\nИ если тобой движет не корысть.&nbsp;<br />\r\nТы сам того совсем не замечая,&nbsp;<br />\r\nПерестаешь себя преследовать и грызть.&nbsp;</p>\r\n\r\n<p>&copy;Игорь Е .</p>\r\n\r\n<p><br />\r\nКурить. Как много в этом звуке&hellip;&nbsp;<br />\r\nДуша курильщика поёт!&nbsp;<br />\r\nДля организма это муки,&nbsp;<br />\r\nНо голова не сознаёт.&nbsp;</p>\r\n\r\n<p>Её понять, конечно, можно.&nbsp;<br />\r\nМозги страдают только в путь,&nbsp;<br />\r\nИ осознать проблему сложно,&nbsp;<br />\r\nВ башке от курева лишь муть&nbsp;</p>\r\n\r\n<p>Чтоб голове не сильно думать:&nbsp;<br />\r\nЧто? Где? Когда? А может, нет?&nbsp;<br />\r\nКартину, маслом, нарисую:&nbsp;<br />\r\nПройдет, совсем , не много лет&hellip;&nbsp;</p>\r\n\r\n<p>Саркома лёгких, кашель с кровью,&nbsp;<br />\r\nРак кожи, язва, нет ноги&hellip;&nbsp;<br />\r\nСмерть, наклонившись к изголовью,&nbsp;<br />\r\nС улыбкой шепчет,- заходи&hellip;&nbsp;</p>\r\n\r\n<p>&copy;Игорь Е.</p>
4	2019-09-03 14:33:27.925515+00	8	<p>Меня зовут Виктория.&nbsp;<br />\r\nПочти год назад я посмотрела &quot;Уроки трезвости&quot; В.А. Фахреева и уже после первой лекции я выбросила все сигареты из дома (курила 12 лет). За одно бросила распитие спиртного &quot;по праздникам&quot; по поводу и без повода.<br />\r\nИтого, в октябре будет год как я не курю и сегодня ровно год как не пью алкоголь! И не собираюсь! Я же не дура:)))<br />\r\nСпасибо Вам огромнейшее за то, что Вы делаете! Это очень очень ценно! Вы спасли еще одну душу!<br />\r\nУдивительно, что ломки от курения никакой не было, я просто поняла какую глупость совершала. До этого пыталась бросить курить один раз, хватило на два месяца. У меня уже побаливали легкие и после бросания началась дикая изжога, длилась неделю. Мне казалось, что я поздно бросила и умираю! Рыдала каждый день от осознания всего, что я натворила со своим телом! Вы открыли мне глаза и увидев яркий свет, мне стало очень больно. Но привыкнув к свету (трезвости), теперь, я наслаждаюсь тому, что имею возможность видеть!<br />\r\nБлагодарю Вас!🙏🏻&nbsp;<br />\r\nМой самый большой страх, что я никогда не брошу курить, остался позади как страшный сон!<br />\r\nПри всяком удобном случае и возможности я говорю о Ваших лекциях, высылаю их интересующимся.<br />\r\nКак же Вы помогли! Слава Богу, что встретила на просторах интернета эти лекции (их рекомендовал один блогер)! ОГРОМНАЯ БЛАГОДАРНОСТЬ всем, кто причастен к созданию лекций и руководителю Владимиру Фахрееву!</p>
3	2019-08-28 21:40:20.022593+00	6	<p>Меня зовут Алексей, мне 44 года. В &nbsp;трезвости 9 лет. Женат, двое детей. &nbsp;В каком возрасте начал баловаться вином и сигаретами точно сказать не могу, но в 16 уже курил по-взрослому и выпивал по поводу. А &nbsp;уже в 17 понял что &quot;попал&quot;и сделал первую попытку отказаться от вредных привычек....., но не надолго. Потом таких попыток будут сотни и все безрезультатно. Когда пытаешься чего-то добиться и не достигаешь результата &nbsp;- опускаются руки, начинаешь терять веру в себя, впадаешь в отчаяние и перестаешь бороться. Замкнутый круг. Вот в таком состоянии был и я, к 35 годам своей жизни. Не знаю чем всё это бы закончилось, но произошло чудо. Случайно услышал по радио о курсе избавления от вредных привычек в день начала занятий &nbsp;и решил попробовать ( обычно я долго принимаю решение а тут решил сразу же пойти, как будто какая-то сила меня вела), но уже без энтузиазма, очередная попытка, хорошо что БЕСПЛАТНО. Первое знакомство с программой оставило такое сильное впечатление, что я был поражен. Всё просто. Вот он выход из замкнутого круга. Пришел домой - рассказал жене и &nbsp;на второй день мы продолжили занятия уже &nbsp;вдвоем.&nbsp;<br />\r\nВ итоге мы полностью отказались от алкоголя и табака, перестали угощать гостей и все праздники у нас проходят ТРЕЗВО, у нас появился шанс воспитать детей в трезвых традициях не просто нравоучениями, но и личным примером ( кстати - они уже взрослые и живут трезво!) и самое главное мы осознали сами и показываем другим - что жить ТРЕЗВО это круто, радостно, весело, позитивно, спокойно за себя и &nbsp;своих близких. Мы настоящая трезвая семья! Спасибо огромное КЛУБУ ТРЕЗВЫЙ АЛЬМЕТЬЕВСК, МЕТОДУ ШИЧКО И РУКОВОДИТЕЛЮ ВЛАДИМИРУ ФАХРЕЕВУ за наше СЧАСТЬЕ!</p>
21	2019-09-06 10:06:49.84363+00	12	<p>Доброго дня ! На спец. курсы АГОД &quot;БРЦ им.Т.Шайхуллина&quot; , Я пришёл по совету двоюрного братишки , т.к он знал о моей проблеме&nbsp; ,</p>\r\n\r\n<p>питья алкоголя (в запое) .&nbsp; &nbsp;С первого же занятия , преподаватель Владимир мне обасновал , что я алкогольный и никотиновый наркоман&nbsp;</p>\r\n\r\n<p>и что алкоголь и никотин это ЯДЫ. Это единственные наркотики которые продаются легально в нашей стране. Спец. курс мне помог тем</p>\r\n\r\n<p>что я получил информацию как меня затянуло это БОЛОТО, поглощать алкогольный и никотиновый ЯД , а также я получил знания и информацию&nbsp;как и выйти из него , работая с мыслью , писанием дневников перед сном . Огромная БЛАГОДАРНОСТЬ , преподавателю&nbsp;</p>\r\n\r\n<p>Владимиру Фахрееву и клубу АГОД &quot;БРЦ им. Т.Шайхуллина&quot; за то что они обучают людей и дают им новую информацию как обрести&nbsp;</p>\r\n\r\n<p>ТРЕЗВОСТЬ , ЗДЕСЬ и СЕЙЧАС . Я желаю чтоб такие же клубы открылись вкаждом городе и районах нашей страны .</p>\r\n\r\n<p>&nbsp; &nbsp; ВСЕМ ДОБРА&nbsp;и&nbsp; СОЗНАТЕЛЬНОЙ ТРЕЗВОСТИ !!!</p>
22	2019-09-06 21:04:56.695837+00	13	<p><span style="font-family:Times New Roman,Times,serif">&nbsp; &nbsp; &nbsp; &nbsp; &nbsp; &nbsp;<span style="font-size:14px">Началом посещения курсов центра АГОД &quot;БРЦ&quot; имени Т.Шайхуллина стало 26 августа 2019 года.Стимулом к посещению стало борьба с алкогольной зависимостью.С первого дня курсов я осознал, что нужно бросать эту пагубную привычку , пока не поздно и нет серьезных проблем со здоровьем.Придя в центр по избавлению пагубной зависимости я увидел ,что я не один такой,нас много, кто старается избавиться от пагубных привычек.Сам метод Г.А Шичко был мне близок до посещения курсов, но групповые занятия по избавлению от пагубного занятия сказались на моем сознании более серьезно.Особую благодарность хочу выразить руководителю центру Владимиру Фахрееву, он четко и ясно обьясняет методику Г.А Шичко по избавлению от зависимостей и тем самым хочу пожелать процветаний и больших успехов центру по руководством Владимира Фахреева!Выход есть всегда, не нужно отпускать голову при очередной попытке бросить пить или курить, нужно просто прийти на курсы и на наглядном примере изучить всю методику метода Г.А Шичко и тогда все получится.Однозначно буду рекомендовать данный спец курс своим родным и знакомым, приходите и убедитесь ,что решение по избавлению от зависимостей есть, ведите дневники, пишите от души и тогда наступит счастье, которое будет заключатся&nbsp; в трезвой жизни, жизни без зависимостей!</span></span></p>\r\n\r\n<p><span style="font-size:14px"><span style="font-family:Times New Roman,Times,serif">&nbsp; &nbsp; &nbsp; &nbsp; &nbsp; &nbsp; Огромное спасибо,что центр дает шанс начать все сначало и наконец жить трезво и адекватно воспринимать горести&nbsp;и радости,центр дает шанс обрести свободу от зависимостей и стать сознательным трезвенником!Жить трезво-&nbsp;это здорово!</span></span></p>
23	2019-09-28 12:29:19.620358+00	17	<p>Здравствуйте, Владимир Анварович. Частенько вспоминаю вас добрым словом! Очередной раз подумала, что эффективнее вашего курса по избавлению от зависимостей я пока на сегодняшний день не встречала. Вот и сегодня подумала, что хочется выразить вам благодарность. Ваш курс, который я просмотрела за с мужем и уроки в школах подвигли и меня на то, чтобы стать учителем Трезвости (вот тут выкладываю новости о проведённых уроках )) https://vk.com/soberminded_moscow)</p>\r\n\r\n<p>Супруг так и не прописал полностью дневники, поэтому состояние не вполне стабильное, но в стадии медленного улучшения)) про дневники слышать ничего не хочет. Но я и не настаиваю, так, иногда к слову придётся, спрашиваю, не возникло ли желание сесть за дневники.</p>\r\n\r\n<p>А у меня всё хорошо, я занимаюсь делом, от которого чувствую удовлетворение, видя отдачу, как дети воспринимают и им интересно. УСТовцы в этом плане молодцы, очень хорошо структурировали подачу информации детям. Муж поддерживает меня в этом общественно полезном деле.</p>\r\n\r\n<p>Благодарю Вас Владимир, за вашу деятельность, такую важную и необходимую. и то что Ваш курс находится в открытом доступе, спасло не одну сотню душ.🙏🏻🙏🏻🙏🏻</p>
25	2019-10-13 19:32:01.409729+00	20	<p style="text-align:justify">&nbsp; &nbsp; &nbsp; <span style="font-size:18px">&nbsp; &nbsp;&nbsp; &nbsp;</span><span style="font-size:11pt"><span style="font-family:Calibri,sans-serif"><span style="font-size:14.0pt">Здравствуйте! Меня зовут Игорь, мне 45 лет, я из Воронежа. Хочу поделиться информацией, о том, как я освободился от алкогольно-табачного рабства. Не буду описывать историю своей жизни и все стадии алкоголизма, которые я &quot;успешно&quot; прошёл, отмечу только&nbsp; что, к&nbsp;43-м годам у меня за плечами были 4&nbsp;кодировки от алкоголизма и 26 лет самоотравления табаком. После 4-й кодировки продержался около месяца (кодировался на 3 года) и вопреки инстинкту самосохранения я напился. Благо мне вкололи не настоящий препарат. Напившись и нагулявшись я стал думать как вылезти из этого болота. В эффективность кодировки я уже верил. Решил поискать спасения в интернете. Хотя там очень много&nbsp; информационного мусора, но тем не менее мне очень крупно повезло.&nbsp; &nbsp; &nbsp; &nbsp; &nbsp; &nbsp; &nbsp; &nbsp; &nbsp; &nbsp; &nbsp; &nbsp; &nbsp; &nbsp; &nbsp; &nbsp; &nbsp; &nbsp; &nbsp; &nbsp; &nbsp; &nbsp; &nbsp; &nbsp; &nbsp; &nbsp; &nbsp; &nbsp; &nbsp; &nbsp; &nbsp; &nbsp; &nbsp; &nbsp; &nbsp; &nbsp; &nbsp; &nbsp;&nbsp;&nbsp; &nbsp;Копаясь&nbsp;в интернете,&nbsp; я наткнулся на кусочек &nbsp;видеолекции о трезвости, которую читал Владимир Фахреев, а затем вышел на сайт &quot;Трезвое поколение Урала&quot;. Через него познакомился с одним из преподователей-консультантов &nbsp;этой общественной организации. Смотрел &nbsp;видеолекции Владимира Анваровича (которые размещены на этом сайте) и писал дневники. Дневники сканировал, а сканы дневников отправлял сообщениями в &quot;VK&quot; консультанту&nbsp;на проверку. В итоге 17&nbsp;месяцев не травлюсь алкоголем и 15&nbsp;месяцев не травлюсь табаком, при этом никаких нервозов, психозов, страданий я не испытывал и не испытываю. Сейчас я очень горжусь своей трезвостью и всячески её пропогандирую. Вот уж воистину Г.А.Шичко гениальный учёный, и вечная ему память. Владимир Анварович, я хочу выразить вам и вашим коллегам ,&nbsp;благодарность за огромную просветительскую работу. Теперь-то, я знаю каким важнейшим &nbsp;делом вы занимаетесь ,&nbsp;сколько &nbsp;душ вы спасли. Спасибо вам огромное!&nbsp; &nbsp; &nbsp; &nbsp; &nbsp; &nbsp; &nbsp; &nbsp; &nbsp; &nbsp; &nbsp; &nbsp; &nbsp; &nbsp; &nbsp; &nbsp; &nbsp; &nbsp; &nbsp; &nbsp; &nbsp; &nbsp; &nbsp; &nbsp; &nbsp; &nbsp; &nbsp; &nbsp; &nbsp; &nbsp; &nbsp; &nbsp; &nbsp; &nbsp; &nbsp; &nbsp; &nbsp; &nbsp; &nbsp; &nbsp; &nbsp; &nbsp; &nbsp; &nbsp; &nbsp; &nbsp; &nbsp; &nbsp; &nbsp; &nbsp; &nbsp; &nbsp; &nbsp; &nbsp; &nbsp; &nbsp; &nbsp; &nbsp; &nbsp; &nbsp; &nbsp; &nbsp; &nbsp; &nbsp; &nbsp; &nbsp; &nbsp; &nbsp; &nbsp; &nbsp; &nbsp; &nbsp; &nbsp; &nbsp; &nbsp; &nbsp; &nbsp; &nbsp; &nbsp; &nbsp; &nbsp; &nbsp; &nbsp; &nbsp; &nbsp; &nbsp; &nbsp; &nbsp; &nbsp; &nbsp; &nbsp; &nbsp; &nbsp; &nbsp; &nbsp; &nbsp; &nbsp; &nbsp; &nbsp; &nbsp; &nbsp; &nbsp; &nbsp; &nbsp; &nbsp; &nbsp; &nbsp; &nbsp; &nbsp; &nbsp; &nbsp; &nbsp; &nbsp; &nbsp; &nbsp; &nbsp; &nbsp; &nbsp; &nbsp; &nbsp; &nbsp; &nbsp; &nbsp; &nbsp; &nbsp; &nbsp; &nbsp; &nbsp; &nbsp; &nbsp; &nbsp; &nbsp; &nbsp; &nbsp; &nbsp; &nbsp; &nbsp;&nbsp;&nbsp;&nbsp;&nbsp;&nbsp;&nbsp;&nbsp;&nbsp;&nbsp;&nbsp;&nbsp;&nbsp;&nbsp;&nbsp;&nbsp;&nbsp;&nbsp;&nbsp;&nbsp;&nbsp;&nbsp;&nbsp;&nbsp;&nbsp;&nbsp;&nbsp;&nbsp;&nbsp;&nbsp;&nbsp;&nbsp;&nbsp;&nbsp;&nbsp;&nbsp;&nbsp;&nbsp;&nbsp;&nbsp;&nbsp;&nbsp;&nbsp;&nbsp;&nbsp;&nbsp;&nbsp;&nbsp;&nbsp;&nbsp;&nbsp;&nbsp;&nbsp;&nbsp;&nbsp;&nbsp;&nbsp;&nbsp;&nbsp;&nbsp;&nbsp;&nbsp;&nbsp;&nbsp;&nbsp;&nbsp;&nbsp;&nbsp;&nbsp;&nbsp;&nbsp;&nbsp;&nbsp;&nbsp;&nbsp;&nbsp;&nbsp;&nbsp;&nbsp;&nbsp;&nbsp;&nbsp;&nbsp;&nbsp;&nbsp;&nbsp;&nbsp;&nbsp;&nbsp;&nbsp;&nbsp;&nbsp;&nbsp;&nbsp;&nbsp;&nbsp;&nbsp;&nbsp;&nbsp;&nbsp;&nbsp;&nbsp;&nbsp;&nbsp;&nbsp;&nbsp;&nbsp;&nbsp;&nbsp;&nbsp;&nbsp;&nbsp;&nbsp;&nbsp;&nbsp;&nbsp;&nbsp;&nbsp;&nbsp;&nbsp;&nbsp;&nbsp;&nbsp;&nbsp;&nbsp;&nbsp;&nbsp;&nbsp;&nbsp;&nbsp;&nbsp;&nbsp;&nbsp;&nbsp;&nbsp;&nbsp;&nbsp;&nbsp;&nbsp;&nbsp;&nbsp;&nbsp;&nbsp;&nbsp;&nbsp;&nbsp;&nbsp;&nbsp;&nbsp;&nbsp;&nbsp;&nbsp;&nbsp;&nbsp;&nbsp; &nbsp; &nbsp; &nbsp;P.S.: ТРЕЗВОСТЬ - это не воздержание, ТРЕЗВОСТЬ - это СВОБОДА!!!&nbsp;Так давайте станем СВОБОДНЫМИ ЛЮДЬМИ!!!&nbsp; &nbsp; &nbsp; &nbsp; &nbsp; &nbsp; &nbsp; &nbsp; &nbsp; &nbsp; &nbsp; &nbsp; &nbsp; &nbsp; &nbsp; &nbsp; &nbsp; &nbsp; &nbsp; &nbsp; &nbsp; &nbsp; &nbsp; &nbsp; &nbsp; &nbsp; &nbsp; &nbsp; &nbsp; &nbsp; &nbsp; &nbsp; &nbsp; &nbsp; &nbsp; &nbsp; &nbsp; &nbsp; &nbsp; &nbsp; &nbsp; &nbsp; &nbsp; &nbsp; &nbsp; &nbsp; &nbsp; &nbsp; &nbsp; &nbsp; &nbsp; &nbsp; &nbsp; &nbsp; &nbsp; &nbsp; &nbsp; &nbsp; &nbsp; &nbsp; &nbsp; &nbsp; &nbsp; &nbsp; &nbsp; &nbsp; &nbsp; &nbsp; &nbsp; &nbsp; &nbsp; &nbsp; &nbsp; &nbsp; &nbsp; &nbsp; &nbsp; &nbsp; &nbsp; &nbsp; &nbsp; &nbsp; &nbsp; &nbsp; &nbsp; &nbsp; &nbsp; &nbsp; &nbsp; &nbsp; &nbsp; &nbsp; &nbsp; &nbsp; &nbsp; &nbsp; &nbsp; &nbsp; &nbsp; &nbsp; &nbsp; &nbsp; &nbsp; &nbsp; &nbsp; &nbsp; &nbsp; &nbsp; &nbsp;</span></span></span></p>
26	2019-11-12 10:10:12.996264+00	22	<p>Здравствуйте.Меня зовут Константин.Мне 40 лет,когда начал травиться не помню.Ближе к сорока годам осознал что алкоголь и табак мне мешают,попытался бросить да не тут-то было.Бросал пить и курить легко,но также с легкостью начинал.Разваливалось здоровье,неприятности на работе,в семье,неустойчивость психики,то плакал то злился.Ещё много чего можно перечислить негативного,что с тобой происходит,когдда ты вовласти бесов.В очередной раз когда ,,вылез,, из запоя,начал искать в интернете ,как же мне закрепить свой успех непоглощения.Многое что попадалось я уже пробывал или смотрел.С помощью одного пользователя вк Алёны Пандовой,познакомился с методом Шичко.Сильно удивился как простая информация может действовать на мозг,стало отпускать.Просмотрел спецкурс В.А. Фахреева,не просто посмотрел ,а вдумчиво с тетрадкой и ручкой,с написанием дневников,с конспектированием основных вещей из главной книге Метод Шичко.Понял одно если выполнять все инструкции результаты,не заставят себя ждать.Сейчас я трезвый,некурящий,собственно говоря свободный от этой гадости.Низкий поклон людям,которые занимаются распространением метода,это необычайно важно для людей,так как люди обмануты.Огромное спасибо за СВОБОДУ,счастье,за улыбки моих близких.С уважением Константин.</p>
27	2019-11-12 21:34:13.782864+00	23	<p>Всем привет! Меня зовут Денис, г. Новосибирск. Посмотрел видеолекции Владимира Анваровича за 2013 г. в г. Магнитогорске. Хочется выразить огромную благодарность за его кропотливый труд. В наше непростое время эта информация как никогда необходима и важна как для подрастающего поколения, так&nbsp;и для людей всех возрастов! Нам нужна трезвая Россия, вместе мы победим! Всем Добра!)))</p>
28	2019-11-26 19:46:18.319693+00	24	<p>See</p>\r\n\r\n<p>&nbsp;</p>\r\n\r\n<p>&nbsp;</p>\r\n\r\n<p>Здравствуйте,хотел бы выразить благодарность Владимиру Анваровичу за его видеолекции. Крайне доступно и максимально ясно преподнес эту информацию,которая важна в наше время как для подрастающего поколения,так и для родителей.</p>
29	2019-12-03 10:05:54.025857+00	25	<p>Привет всем! Хочу поделиться с Вами радостной новостью! Благодаря&nbsp; спец курсу по методу Г. А Шичко&nbsp; и замечательному преподавателю Фахрееву Владимиру Анваровичу.&nbsp; Для меня открылись двери в трезвую жизнь. С 15 лет я пил спиртное, курил сигареты и траву. И вот к 39 годам я выкуривал около 2-х пачек в день, и не предстовлял свою жизнь без травы. Я стал нервным, раздрожительным, больным человеком. Попытки перестать травить себя табаком, были и раньше я кодировался от никотина (кодировки хватало на 2-3 месяца)но потом я снова срывался и не мог понять почему. О траве вообще молчу, я даже и не придпринимал попыток прекратить. Как сейчас помню фильм &quot;Антикиллер&quot; где один из персонажей говорит: -Трава не наркотик. Так я и жил все эти годы в полной иллюзии которую в меня заложили.&nbsp;</p>\r\n\r\n<p>Я очень хотел избавиться от никотинового рабства и на ю тубе мне попался спецкурс. Сначало я просто его посмотрел, но благодаря умению донести до человека информацию которым обладает&nbsp;Владимир&nbsp;Анварович. Я решил начать писать дневники. И о чудо&nbsp; я начал замечать, что с каждым днем моя отношение к никотину меняется и на 5-ый&nbsp; день я отказалься от никотина.&nbsp; Я прописал 25 дневников, попал в больницу , там я не писал дневники, а вокруг меня были люди которые травили себя никотином. Выйдя из больницы ложные убеждения меня снова взяли в плен. Но теперь я знал как себя вести при срыве и я не здался. Я начал все заново только теперь я решил отказаться и от травы. Она не хотела меня отпуская из оков рабства. Искаженный мозг кричал не занимайся ерундой, трава не наркотик. Но я ее дабил. Я три раза начинал писать дневники алкогольного, никотинового, марихуанового наркамана. Дописывал до 3- 5 дневника срывался, но уже не остановливался и начинал вечером писать дневники занова. И как сказал&nbsp;Владимир&nbsp;Анварович, даже тупое выполнение правил приводит к результату.&nbsp; Я смог отказаться от траы, никотина, алкоголя и других наркотиков!</p>\r\n\r\n<p>И если ты хочешь жить без страданий&nbsp;и ложных иллюзий. Это твой ЕДИНСТВЕННЫЙ ШАНС, где бы ты не был. Тебе нужен&nbsp;</p>\r\n\r\n<h1><a href="https://www.youtube.com/watch?v=SP2q012J-vk&amp;list=PLWZp0Gju8hz9bSe-l01cygscMrts6Mkp8">Спецкурс по методу Г.А.Шичко</a>&nbsp;</h1>\r\n\r\n<p>Спец курстебе даст правильое напрвление, а написание 50 дневников избавит тебя от ложных убеждений и запрограммированности. И ты станешь счастливым, жизнерадостным человеком, свободным от оков.</p>\r\n\r\n<p>И не слушай тех кто говорит, я пробывал, ЭТО НЕРАБОТАЕТ. В нем говорит слабость и нежелание остаться одному в этих иллюзиях, он будет нести такую чушь!</p>\r\n\r\n<p><span style="font-size:20px">А ТЫ НЕ СЛУШАТЬ&nbsp; НИ КОГО, БЕРИ И ПИШИ СВОИ 50 ДНЕВНИКОВ.</span></p>\r\n\r\n<p><span style="font-size:26px">ЭТО ТВОЙ ЕДИНСТВЕННЫЙ ШАНС, НЕ УПУСТИ ЕГО !!!</span></p>\r\n\r\n<p>&nbsp;</p>
30	2019-12-03 10:05:59.06239+00	25	<p>Привет всем! Хочу поделиться с Вами радостной новостью! Благодаря&nbsp; спец курсу по методу Г. А Шичко&nbsp; и замечательному преподавателю Фахрееву Владимиру Анваровичу.&nbsp; Для меня открылись двери в трезвую жизнь. С 15 лет я пил спиртное, курил сигареты и траву. И вот к 39 годам я выкуривал около 2-х пачек в день, и не предстовлял свою жизнь без травы. Я стал нервным, раздрожительным, больным человеком. Попытки перестать травить себя табаком, были и раньше я кодировался от никотина (кодировки хватало на 2-3 месяца)но потом я снова срывался и не мог понять почему. О траве вообще молчу, я даже и не придпринимал попыток прекратить. Как сейчас помню фильм &quot;Антикиллер&quot; где один из персонажей говорит: -Трава не наркотик. Так я и жил все эти годы в полной иллюзии которую в меня заложили.&nbsp;</p>\r\n\r\n<p>Я очень хотел избавиться от никотинового рабства и на ю тубе мне попался спецкурс. Сначало я просто его посмотрел, но благодаря умению донести до человека информацию которым обладает&nbsp;Владимир&nbsp;Анварович. Я решил начать писать дневники. И о чудо&nbsp; я начал замечать, что с каждым днем моя отношение к никотину меняется и на 5-ый&nbsp; день я отказалься от никотина.&nbsp; Я прописал 25 дневников, попал в больницу , там я не писал дневники, а вокруг меня были люди которые травили себя никотином. Выйдя из больницы ложные убеждения меня снова взяли в плен. Но теперь я знал как себя вести при срыве и я не здался. Я начал все заново только теперь я решил отказаться и от травы. Она не хотела меня отпуская из оков рабства. Искаженный мозг кричал не занимайся ерундой, трава не наркотик. Но я ее дабил. Я три раза начинал писать дневники алкогольного, никотинового, марихуанового наркамана. Дописывал до 3- 5 дневника срывался, но уже не остановливался и начинал вечером писать дневники занова. И как сказал&nbsp;Владимир&nbsp;Анварович, даже тупое выполнение правил приводит к результату.&nbsp; Я смог отказаться от траы, никотина, алкоголя и других наркотиков!</p>\r\n\r\n<p>И если ты хочешь жить без страданий&nbsp;и ложных иллюзий. Это твой ЕДИНСТВЕННЫЙ ШАНС, где бы ты не был. Тебе нужен&nbsp;</p>\r\n\r\n<h1><a href="https://www.youtube.com/watch?v=SP2q012J-vk&amp;list=PLWZp0Gju8hz9bSe-l01cygscMrts6Mkp8">Спецкурс по методу Г.А.Шичко</a>&nbsp;</h1>\r\n\r\n<p>Спец курстебе даст правильое напрвление, а написание 50 дневников избавит тебя от ложных убеждений и запрограммированности. И ты станешь счастливым, жизнерадостным человеком, свободным от оков.</p>\r\n\r\n<p>И не слушай тех кто говорит, я пробывал, ЭТО НЕРАБОТАЕТ. В нем говорит слабость и нежелание остаться одному в этих иллюзиях, он будет нести такую чушь!</p>\r\n\r\n<p><span style="font-size:20px">А ТЫ НЕ СЛУШАТЬ&nbsp; НИ КОГО, БЕРИ И ПИШИ СВОИ 50 ДНЕВНИКОВ.</span></p>\r\n\r\n<p><span style="font-size:26px">ЭТО ТВОЙ ЕДИНСТВЕННЫЙ ШАНС, НЕ УПУСТИ ЕГО !!!</span></p>\r\n\r\n<p>&nbsp;</p>
31	2019-12-13 19:34:34.293008+00	26	<p>Всем привет . Сам я из Республики Беларусь , Брестской области.&nbsp;</p>\r\n\r\n<p>Зовут меня Валентин, фамилия Кривенков и мне 25 полных лет. Употреблял алкоголь с 16 лет ,культурно, иногда чрезмерно.&nbsp;</p>\r\n\r\n<p>Идея бросить пить появилась в последние пару месяцев, когда пиво стал пить каждый вечер после работы у телевизора ,и меня это не устраивало ,попытки бросить самостоятельно кончались провалом. И как-то&nbsp; раз я переписывался в соцсетях со своим близким другом ,который кстати уже&nbsp; почти год не употребляет яды , поделился с ним мыслями что вот хотел бы брость пить и жить трезвой жизнью,после чего он мне посоветовал посмотреть видеокурсв Жданова Вдажимира Георгиевича и Владимир Анваровича Фахреева.&nbsp;</p>\r\n\r\n<p>Честно говоря сразу я не стал смотреть , подумав что очередная ерунда ,но как же я был уживлен когда всё же решился посмотреть спустя месяц этих замечательных специалистов!!! Я не верил тому на сколько эффективно этот курс раьотает ,в голове всё стало на свои места и я почувствовал себя снова тем беззаботным подростком , который получает цдовольствие от жизни без всяких гадостей и ядов !&nbsp;</p>\r\n\r\n<p>Жизнь снова обрела краски! Наконец-то начал заниматься спортом ,как давно и хотел ! И пропала нервозность ,которая как я думал не была связана с алкоголем!!!&nbsp;</p>\r\n\r\n<p>Огромное спасибо этим замечательным людям ! Крепкого вам здоровья и вашим близким ! Вы делаете большое правое дело! Буду советовать ваши курсы всем своим близким!!! Низкий поклон!</p>
32	2019-12-15 14:38:27.715352+00	27	<p><span style="font-size:11pt"><span style="font-family:Calibri,sans-serif">Меня зовут Никита, я курил&nbsp;9 лет и пил так же, только реже.&nbsp;Началось всё так как написано в программе Г.А Шичко, как только увидел, что мои родные курят и пьют по праздникам и встречам и думал, что так оно и должно быть, что все беды от чего-то другого. Первые попытки были с бычков под балконом&nbsp;в совсем раннем возрасте (6 лет), воровства у бабушки, и уже&nbsp;конкретная потребность началась в 13-14 лет,&nbsp;когда взял у дядьки из пачки сигарет&nbsp;сначала одну, потом ещё, потом купили пачку сигарет с другом что бы &quot;считать себя взрослыми и отдохнуть, и поразмышлять&quot; под этим ядом.&nbsp;Считал, что могу бросить в любой момент, но этого не происходило и всегда у меня была это шизофреническая мысль покурить\\бросить. После этого мы начали уже копить деньги с завтраков и покупать сигареты, позже алкоголь, позже траву (на то время спайс). Со временем я приобрёл сильную наркотическую и информационную зависимость: потерял девушку которую любил в школе, учёбу в школе и колледже, после чего&nbsp;даже находясь в армии только и мечтал, чтобы курнуть, выпить, покурить.&nbsp;<br />\r\nВсё привело к тому что я&nbsp;ушёл с более-менее нормальной работы и начал убирать дворы за 300 р в день что бы взять покурить, выпить, курнуть и не думать о том, что моя жизнь скатилась как уже 9 лет. Каждодневное воровство, ложь родным и любимым, предательство друзей за наркотики, полная потеря цели в жизни.<br />\r\nВ те дни у меня уже почти не оставалось денег, а у родителей мне брать уже было стыдно и я попробовал бросить курить сам.<br />\r\nТак я мучился 21 день, причем думал, что время меня излечит. Смотрел ролики в ютубе от блогеров, психологов как бросить курить, все говорили, как один: &laquo;Брось, не говори с мыслями о покурить, сигареты зло и т.д.&raquo;., но ломало меня каждый день сильнее их мотиваций.&nbsp;Благодаря адаптивности поиска ютуба&nbsp;наткнулся на ролик от Владимира Анваровича Фахреева, на его лекции в школе,&nbsp;позже на спецкурс, посмотрев всего две, подумал, что мне хватит его лекций. На 8 день на&nbsp;подработке&nbsp;со своим отчимом я услышал от старой женщины,&nbsp;у которой мы делали ремонт в ванной,&nbsp;такую фразу, мол: &quot;Я тоже не курила 11 месяцев, а потом после смерти родного человека я закурила&quot;, услышав это мне стало страшно, что я тоже продержусь какое-то время и снова начну курить. Я старался держаться, скачал приложение &quot;Не курю&quot; в котором были достижения, мотивации и т.д. Подрабатывая с курящими,смотря на них&nbsp;мне тоже хотелось хоть чуть чуть да вдохнуть этого яда и я так и делал.<br />\r\nНа 21 день умерла моя любимая кошка Маша, которая прожила с моей семьей 12 лет, от этого горя (как по программе) я пошёл и взял себе пива, позже&nbsp;приехала Мама и купила коньяк, изрядно выпив&nbsp;мы встретились с моим отцом-алкоголиком и по его просьбе купили ему сигарет. Когда мы остались наедине,&nbsp;я говорил отцу что бросил курить и что ему надо бросать пить, а то он умрёт. Он отвечал,&nbsp;что не сможет, и что скорее бы ему умереть. Проведя долгий диалог о нашей с ним жизни&nbsp;я попросил у него сигарету и закурил. На утро я карил себя за это, потому что было ощущение застоя на месте, и я нацеленно начал работать только по методике Г.А Шичко.<br />\r\nСейчас я понимаю какие у меня были ошибки, потому что попытался, как говорил Владимир Анварович &quot;Сесть за руль машины не имея знаний как её водить&quot;.Сорвался на самой&nbsp;главной мине-АЛКОГОЛЬ!&nbsp;Работая по программе Геннадия Андреевича Шичко, я не курю и не пью, и не употребляю другие наркотики уже 51 день и для меня это БОЛЬШОЕ ДОСТИЖЕНИЕ&nbsp;И ОГРОМНОЕ СЧАСТЬЕ. Причем все эти дни я не мучился как в те&nbsp;21 день, когда просто &quot;бросил курить&quot;&nbsp;и&nbsp;не работал по методике Шичко и не писал дневники. Хочу сказать главное, что ЭТО РАБОТАЕТ! Если человек имеет хотя бы капельку стремления и хочет ЖИТЬ, а не УМЕРЕТЬ в этом порочном круге покурить-выпить-сесть в тюрьму\\умереть, то я НАСТОЯТЕЛЬНО РЕКОМЕНДУЮ методику Г.А. Шичко. В настоящий момент я пишу 26 дневник, и сейчас я уже вооружён знаниями как бороться с этими мыслями и больше не хочу возвращиться к жизни с наркотиками!</span></span></p>
33	2019-12-21 18:58:51.28423+00	29	<p>Меня зовут Алексей, 32 года, из города Уральск, я зубной врач.</p>\r\n\r\n<p>В течение 6 лет я травился алкоголем и табаком и считал что жить трезво могут себе позволить только скучные и ничего не понимающие люди. Однако не так давно подсчитал: больше 40 раз был на грани позорной смерти: мог замёрзнуть пьяным, разбиться на машине, угробив жену и 3 летнего сына, взорвать газ в квартире, захлебнуться рвотой или выпрыгнуть с 4 этажа.</p>\r\n\r\n<p>Это называется в нашем обществе &quot;не умеет пить&quot;.</p>\r\n\r\n<p>Много перепробовано методов избавления, хотелось сохранить семью хотелось стать примером для сына.</p>\r\n\r\n<p>Много раз перед глазами мелькал спецкурс В. А. Фахреева. Он интересно рассказывал, хотелось слушать и слушать. Но отравленный мозг не мог, не хотел видеть и слышать что он говорит об уникальном методе Шичко (этот метод - дар Божий), то что это выверенная схема конкретных действий которая ведёт к точным результатам, это практически наука излечения одержимости любым Наркотиком.</p>\r\n\r\n<p>На пятом дневнике я уже не мог курить, мне &quot;вдруг&quot; стало ЗАПАДЛО:)</p>\r\n\r\n<p>Хотя я специально 4 дня подряд курил столько, сколько хотел, и намеренно сосал вонючий дым по совету Владимира Анваровича &quot;сосать пока сзади не закупает смола&quot; , от души, вволю то есть.</p>\r\n\r\n<p>А потом просто не смогу , и всё.так чудесно это подействовало, не смог себя травить больше, как не сможет адекватный человек топором рубать себе руку. Жалко себя стало вдруг.</p>\r\n\r\n<p>Сейчас 34 дневника написано, 4 месяца без алко яда и табачного яда прожил, будто и не было пьяницы. А сначала к тому факту что надо что-то писать перед сном относишься супер недоверчиво. Очень и очень странные это действия, от которых уж наверняка не должно быть результата.</p>\r\n\r\n<p>Вобщем много можно рассуждать и вспоминать разное, что было и как, сколько кошмара в детстве и взрослой жизни принесли алкоголь и иные наркотики.</p>\r\n\r\n<p>Главное - признать себя зависимым, с диагнозом по&nbsp; Международной классификации болезней называемой f-10, и сегодня же садиться за дневники. Ведь пить и курить мы учились , а трезвости нас никто никогда не учил.</p>\r\n\r\n<p>&nbsp;</p>\r\n\r\n<p>&nbsp;</p>
34	2019-12-21 18:58:58.855963+00	29	<p>Меня зовут Алексей, 32 года, из города Уральск, я зубной врач.</p>\r\n\r\n<p>В течение 6 лет я травился алкоголем и табаком и считал что жить трезво могут себе позволить только скучные и ничего не понимающие люди. Однако не так давно подсчитал: больше 40 раз был на грани позорной смерти: мог замёрзнуть пьяным, разбиться на машине, угробив жену и 3 летнего сына, взорвать газ в квартире, захлебнуться рвотой или выпрыгнуть с 4 этажа.</p>\r\n\r\n<p>Это называется в нашем обществе &quot;не умеет пить&quot;.</p>\r\n\r\n<p>Много перепробовано методов избавления, хотелось сохранить семью хотелось стать примером для сына.</p>\r\n\r\n<p>Много раз перед глазами мелькал спецкурс В. А. Фахреева. Он интересно рассказывал, хотелось слушать и слушать. Но отравленный мозг не мог, не хотел видеть и слышать что он говорит об уникальном методе Шичко (этот метод - дар Божий), то что это выверенная схема конкретных действий которая ведёт к точным результатам, это практически наука излечения одержимости любым Наркотиком.</p>\r\n\r\n<p>На пятом дневнике я уже не мог курить, мне &quot;вдруг&quot; стало ЗАПАДЛО:)</p>\r\n\r\n<p>Хотя я специально 4 дня подряд курил столько, сколько хотел, и намеренно сосал вонючий дым по совету Владимира Анваровича &quot;сосать пока сзади не закупает смола&quot; , от души, вволю то есть.</p>\r\n\r\n<p>А потом просто не смогу , и всё.так чудесно это подействовало, не смог себя травить больше, как не сможет адекватный человек топором рубать себе руку. Жалко себя стало вдруг.</p>\r\n\r\n<p>Сейчас 34 дневника написано, 4 месяца без алко яда и табачного яда прожил, будто и не было пьяницы. А сначала к тому факту что надо что-то писать перед сном относишься супер недоверчиво. Очень и очень странные это действия, от которых уж наверняка не должно быть результата.</p>\r\n\r\n<p>Вобщем много можно рассуждать и вспоминать разное, что было и как, сколько кошмара в детстве и взрослой жизни принесли алкоголь и иные наркотики.</p>\r\n\r\n<p>Главное - признать себя зависимым, с диагнозом по&nbsp; Международной классификации болезней называемой f-10, и сегодня же садиться за дневники. Ведь пить и курить мы учились , а трезвости нас никто никогда не учил.</p>\r\n\r\n<p>&nbsp;</p>\r\n\r\n<p>&nbsp;</p>
35	2019-12-26 10:25:53.273227+00	30	<p style="text-align:justify"><span style="font-size:14px">&nbsp; &nbsp; &nbsp; &nbsp;</span><span style="font-size:16px">Здравия !&nbsp;&nbsp;<strong>Иван 32</strong> г.&nbsp; </span><span style="font-size:14px">Травил себя&nbsp; мочёй-пивной&nbsp;с детсва юнности потом др. ядами.. С 12 лет СПИЛСЯ и ушёл из семьи отец... потом издох. У моего лучшего школьного друга и его матери были проблемы с почками... курили они как паровозы... оба умерли (до 21 года НЕ дожил). В 26 примерно мне удалось попрощаться с &quot;крепкими алкоядами&quot;, немного благодаря видео Жданова ВГ и др людей-славян... и своему личному горькому опыту (терял сознание, зрение, память)</span></p>\r\n\r\n<p style="text-align:justify"><span style="font-size:14px">&nbsp;<strong>Избавиться От желания&nbsp; глотать пивную мочу</strong>&nbsp; в 32 мне помог <strong>МЕТОД Г.ШИЧКО</strong> (1год назад прошел курсы по Зрению у <strong>ВГ Жданова</strong>, а заодно прописал дневник по моче-пиву), также&nbsp;Помогло <strong>участие в &quot;ОБЩЕМ ДЕЛЕ&quot;</strong> - уже как год провожу лекции в уч.заведениях о вреде ядов и наркотиков, </span><span style="font-size:16px"><strong>МНОГОКРАТНО использовал-изучал ЛЕКЦИИ&nbsp; Фахреева Владимира Анваровича</strong></span><span style="font-size:14px">.</span></p>\r\n\r\n<p style="text-align:justify"><span style="font-size:14px">&nbsp; Считаю (проверил на себе) что </span><span style="font-size:16px"><strong>МЕТОД ШИЧКО РАБОТАЕТ ! </strong></span><span style="font-size:14px"><strong>И&nbsp;БОЛЕЕ ЭФФЕКТИВНОЙ МЕТОДИКИ</strong> ЗА почти 33 года (изучая усиленноо год) ЧЕМ </span><span style="font-size:16px"><strong>ДАННЫЕ СПЕЦКУРСЫ&nbsp; (в т.ч. ВЕДУЩЕГО ФАХРЕЕВА ВА</strong>)</span><span style="font-size:14px">&nbsp; найти трудно или НЕТ вовсе.</span></p>\r\n\r\n<p style="text-align:justify"><span style="font-size:14px">&nbsp; </span><span style="font-size:16px"><em><strong>&nbsp;ВСЕХ БЛАГ ! </strong></em></span><span style="font-size:14px"><em><strong>Бросайте в рот сувать отраву! </strong></em></span><span style="font-size:16px"><em><strong>С </strong></em></span><span style="font-size:18px"><em><strong>ТРЕЗВЫМ</strong></em></span><span style="font-size:16px"><em><strong>&nbsp; НАступающим 2020 годом !!!</strong></em></span></p>\r\n\r\n<p style="text-align:justify">&nbsp;</p>
36	2020-01-30 10:40:37.938584+00	34	<p>Всех приветствую. Начал употреблять алкояды&nbsp;с 13ти лет. Сосать ванючий дым стал с 17ти. Считал свою жизнь очень веселой и в этом видел смысл жизни - веселиться под действием этих наркотиков. Цели в жизни не имел очень долго и не знал, да и не задумывался серьезно чем хочу заниматься. Естественно проблемы не видел, все заработанные деньги тратил на &quot;веселье&quot;. Физически был всегда здоров, от природы видимо, а вот психические расстройства не заставили себя долго ждать. В&nbsp;31 год я травил себя&nbsp;уже каждый день,&nbsp;&nbsp;меня преследовали мысли о самоубийстве постоянно, было несколько попыток покончить с собой, я заработал три судимости, две условки и реальный срок. Сценарий был всегда одинаковый. Выпил - украл - попытка покончить с собой - судимость. К этому же времени у меня появилась навязчивая необходимость причинять себе физический вред&nbsp;под воздействием алкояда, я напивался, брал бритву и резал руки. Короче крыша поехала конкретно! Как жив остался ума не приложу! Тюрьма стала моим спасением. Именно там я начал делать то, чего ни когда не делал. Я впервые в жизни задумался о том, что со мной происходит, перестал курить, занялся спортом и начал читать. Но завязать с алкоголем не смог в тот период, хотя и снизил дозу - предательская ошибка! Я тщательно искал причины для того, чтоб оправдать свое нежелание перестать травиться алкоголем. И нашел. Я пришел к ошибочному выводу&nbsp;о том,что сам по себе алкоголь нейтрален, он лишь как катализатор усиливает мое психическое состояние. То есть если я пью в хорошем настроении - то выпив буду кайфовать, а если буду пить спасаясь от депрессии - депрессия только усилится. Начал эксперементировать с дозировкой и настроением - и к сожалению&nbsp;мои предположения подтвердились. После освобождения я продолжал пить придерживаясь этих правил, и конечно же прежний сценарий повторился. Выпил - украл - мысли о суециде... Чудом спасся и избежал тюрьмы. Подведя трагичную статистику я осознано принял решение навсегда остаться трезвым. Ни по праздникам, ни на новый год, ни &quot;хорошего&quot; вина....вообще ни чего! Было сложно и честно говоря страшно, меня поддерживала моя будущая жена. Через год трезвости мы поженились, она тоже не употребляет вообще ни чего. Поддержку также черпал в творчестве любимого музыканта, хотя стиль его музыки мне и не особо нравился. Вот только его стихи, наполненные болью и&nbsp;злостью от того, что великая страна спивается,&nbsp;пробирали до костей, это наш соотечественник, живет в Воронеже. Я трезв уже больше двух лет и ни разу я не пожалел о своем решении. Да, в пьющих компаниях мне было скучно, поэтому меня больше нет в пьющих компаниях. Я не хожу на дни рождения и народные гуляния я тоже не люблю. Да, круг общения сузился до нескольких человек, но зато у меня появилось время для саморазвития и&nbsp;работы над своими целями. На видео с записью работы Владимира Анваровича наткнулся случайно. За несколько дней пересмотрел все, что смог найти. Был порожен мощью и силой подачи простых истин. Разобрал свою жизнь заново с самого детства, понял в каком месте я свернул не туда, отчистил мозг от лживых фактах о наркртиках и получил&nbsp;огромное количество полезной и интересной информации. Смотрел все на одном дыхании и с удовольствием. Спасибо вам за вашу деятельность. Если могу быть чем-то полезен, то буду только рад. Всем желаю добра и трезвости!</p>
40	2020-02-05 18:48:00.130892+00	35	<p>Мне 28 лет и с юных лет я стал никотиновым наркоманом. Я&nbsp;всегда осознавал, что это вредит моему здоровью, но бросить курить никак не мог. Я пробовал пить различные таблетки, типа Табекса, но это все полная чушь. Далее я думал, что меньший вред будет приносить насвай и различные снюсы, но тем самым я только усилил никотиновую зависимость и здоровее от этого не стал. Чтобы бросить насвай и снюсы мне снова пришлось перейти на сигареты. Это был замкнутый круг, у меня было желание бросить это все, но я не мог представить даже дня без этой гадости. Однако, разомкнуть этот круг у меня все же подучилось, благодаря Владимиру Анваровичу! Послушав его лекции у меня буквально появилось отвращение к вонючим соскам (сигаретам) и алкоголю, скажу больше, я возненавидел табачную и алкогольную индустрию принципе. Без каких-либо медикаментов, процедур и прочей фигни я бросил курить и употреблять алкоголь, даже в малюсеньких количествах, просто выбросив это дерьмо из головы! Хочу сказать огромное спасибо Владимиру Анваровичу Фахрееву за его труд! Это большое дело! Я&nbsp;хочу призвать всех познакомиться с трудами Фахреева В.А. поближе. Если Вам не дорого Ваше здоровье, то задумайтесь о здоровье Ваших детей и будущего поколение, потому что дети полностью повторяют наши привычки! Употребляя различного рода яды, вы не оставляете выбора, какой образ жизни им вести, а выбор этот должен быть! Желаю Всем прожить долгую жизнь в трезвом уме и хорошем здравии! С Уважением, Володин А.</p>
41	2020-02-25 08:23:25.930602+00	37	<p>Хочу выразить свою Благодарность&nbsp; Владимиру Анваровичу, за уроки&nbsp;</p>\r\n\r\n<p>трезвости, которые вошли в основу моего доклада перед классом моего сына, который учится в 8 классе, по теме&nbsp;</p>\r\n\r\n<p>здоровый образ жизни. Побольше бы таких людей как Вы, которые на таком&nbsp;</p>\r\n\r\n<p>простом языке объясняют нашему поколению&nbsp;о вреде алкоголя,&nbsp; никотина и&nbsp;&nbsp;наркотиков. Сам работаю в пожарной охране и вместе со своим караулом придерживаемся здорового образа жизни.&nbsp;</p>
43	2020-03-04 12:31:41.936636+00	39	<p><span style="font-size:16px">Альбина. Лениногорск. 04.03.2020. </span></p>\r\n\r\n<p><span style="font-size:16px"><span style="font-family:Georgia,serif">Спасибо центру Талгата Шайхуллина, проекту &quot;Здоровый выбор&quot;, который поддержал&nbsp;&nbsp;благотворительный&nbsp;фонд&nbsp;Татнефть, за возможность бесплатно получить помощь по&nbsp;освобождению от табачной, алкогольной и других наркотических зависимостей!&nbsp;Спасибо огромное Владимиру Анваровичу, который провел&nbsp;спецкурс&nbsp;в городе Лениногорске. Владимир Анварович не только преподносит&nbsp;истинные знания&nbsp;о&nbsp;глобальной проблеме наркомании, но своими убеждениями и своим примером вселяет надежду людям и убеждает, что выход из данной проблемы есть! Я пришла на спецкурс со своим мужем по проблеме алкоголизма. К сожалению, муж после 2 дней перестал посещать спецкурс,т.к.,я думаю, просто не захотел меняться. Ведь признать у себя проблему, вникать в проблему и менять отношение к ней, работать над собой, писать дневники - это труд. Это может сделать человек, у которого&nbsp;созрело желание и готовность принять помощь... &nbsp;Я&nbsp;прошла спецкурс, потому что мне было интересно, потому что, прежде всего надо начинать с себя. Я узнала много научных знаний о наркомании в целом, убедилась, что у меня, как и большинства&nbsp;людей&nbsp;имелись ложные убеждения в отношении наркомании (алкоголя, табак, наркотики). Спецкурс меняет мировозрение человека, настраивает на абсолютную трезвую жизнь,&nbsp;свободную&nbsp;от иллюзий и самообмана. Желаю всем успехов на этом пути!&nbsp;</span></span></p>
44	2020-03-05 14:54:15.320288+00	41	<p>Я живу не в Альметьевске, и к сожалению у нас в городе нет клуба, после просмотра спецкурса на ютубе,&nbsp;я через соцсети написал Владимиру Анваровичу, он дал мне контакты людей из моего города кто успешно прошел спецкурс. Я смотрел лекции, писал дневники и отправлял инструктору через интернет.&nbsp;И если бы не спецкурс который я посмотрел и не дневники, возможно я бы так и не смог бы стать трезвым!&nbsp;Удивительно но дневники работают!!! Я буду рекомендовать их друзьям и знакомым, к сожалению они не замечают того что у них проблемы с алкоголем. Надеюсь они когда-то это осознают, лишь бы не было поздно. Буду своим примером показывать им превосходство трезвости. Спасибо вам за вашу помощь! Без вас я бы не обрёл новую, трезвую жизнь!!!</p>
45	2020-03-06 09:21:29.991426+00	43	<p>Меня зовут Олег . Узнал ,что&nbsp; с 24 февраля в Лениногорске от Центра Талгата Шайхуллина в рамках проекта &quot;Здоровый выбор&quot; будет проводиться спецкурс , который ведет Владимир Фахреев . Привез друга , который срочно нуждался в помощи и прошли спецкурс вместе .&nbsp; Как результат - полное&nbsp;&nbsp;прекращение поглощения алкоголя и табака .Ехали специально к Владимиру , т.к. до этого видел его спецкурс в интернете , и был уверен что именно это поможет решить проблему навсегда .Это настоящий профессионал своего дела .&nbsp;Интересная ,оригинальная и&nbsp; доходчивая подача материала от Владимира Фахреева и доверительные отношения в группе сыграли огромную роль .Огромное спасибо вам за это .&nbsp;Это работает . На все 100 %.</p>
46	2020-05-07 05:54:00.925305+00	52	<p>Добрый день! Меня зовут Александр. Хочу отдельно поблагодарить Владимира Фахреева за всю его трезвенническую деятельность. Мне очень помогли его видео, на которые я наткнулся в YouTube. Просмотрел спецкурс по методу Шичко. Да, все начинается с нашей головы, наших убеждений. Проработайте с убеждениями и замените деструктивные убеждения самоуничтожения на положительные, правильные трезвые убеждения - и все у вас получится. Сам бросил заразу под названием самоотравление никотиновым и алкогольным ядом, чего и всем Вам, от чистой души, желаю. Фахреев, Жданов, Углов, Шичко - прекрасные люди, которые сделали очень многое для здоровья населения нашей страны.<br />\r\nЖивите трезво! Только трезвый разум способен на развитие, творчество и созидание великого. Не поддавайтесь на уловки хитрых дельцов, которые хотят заработать на вашем здоровье и вашей искалеченной судьбе.</p>
47	2020-05-10 18:03:10.939672+00	53	<p>Добрый вечер. Спасибо огромное!! Благодаря Вам, я отказался от алкоголя в сентябре 2019. За 8 месяцев трезвости, я потерял 15 кг лишнего веса&nbsp; не прибегая ни к каким диетам и никак не ограничивая себя в пище. Организм восстановился. Исчезли недомогания, с которыми смирился и&nbsp; считал, что они меня будут сопровождать всю жизнь. Могу с уверенностью&nbsp; сказать, что трезвость - это жизнь. Любой допинг отравы превращает жизнь человека в ее суррогат. Вы абсолютно правы говоря&nbsp; о ложных убеждениях. Мы действительно&nbsp; опутаны ими.&nbsp;</p>\r\n\r\n<p>Для тех, кто сомневается, испытывает страх, а как там в другой&nbsp; в трезвой жизни могу с уверенностью сказать: отказывайтесь от отравы! Отказавшись и поправившись, а вы поправитесь, вы будете жалеть о каждом дне сомнений. Всем здоровья, согласия с самим собой и увлекательной, необычной, умиротворенной трезвой жизни.</p>\r\n\r\n<p>Владимир! Вам хочу пожелать сил, активной жизненной позиции, благополучия, крепкого здоровья, удовольствия от Вашего большого дела, которым Вы заняты!! Ещё раз, огромное спасибо!!!</p>
\.


--
-- Name: guestbook_guestbook_id_seq; Type: SEQUENCE SET; Schema: public; Owner: almet
--

SELECT pg_catalog.setval('public.guestbook_guestbook_id_seq', 47, true);


--
-- Data for Name: main_feedback; Type: TABLE DATA; Schema: public; Owner: almet
--

COPY public.main_feedback (id, name, email, message) FROM stdin;
\.


--
-- Name: main_feedback_id_seq; Type: SEQUENCE SET; Schema: public; Owner: almet
--

SELECT pg_catalog.setval('public.main_feedback_id_seq', 1, false);


--
-- Data for Name: main_likedislike; Type: TABLE DATA; Schema: public; Owner: almet
--

COPY public.main_likedislike (id, vote, object_id, content_type_id, user_id) FROM stdin;
33	1	2	32	1
35	1	1	30	2
36	1	1	30	1
37	1	7	32	1
40	1	20	31	1
42	1	1	32	1
44	1	21	32	1
39	1	3	30	1
45	1	4	30	1
46	1	5	30	1
47	1	2	32	48
48	1	3	32	48
49	1	4	32	48
50	1	7	32	48
51	1	8	32	48
52	1	9	32	48
54	1	11	32	48
55	1	12	32	48
56	1	13	32	48
57	1	14	32	48
58	1	15	32	48
\.


--
-- Name: main_likedislike_id_seq; Type: SEQUENCE SET; Schema: public; Owner: almet
--

SELECT pg_catalog.setval('public.main_likedislike_id_seq', 58, true);


--
-- Data for Name: movies2_comment; Type: TABLE DATA; Schema: public; Owner: almet
--

COPY public.movies2_comment (id, path, content, posted, article_id_id, author_id_id) FROM stdin;
20	{20}	tgdh r6	2019-09-06 19:55:56.982449+00	1	1
21	{21}	Всё законспектирую , пойду тоже просвещать молодёжь 🔥спасибо за ваш труд ✌️	2020-04-02 19:36:06.041467+00	2	48
22	{22}	Гениально 🙌	2020-05-04 04:53:40.266403+00	14	48
\.


--
-- Name: movies2_comment_id_seq; Type: SEQUENCE SET; Schema: public; Owner: almet
--

SELECT pg_catalog.setval('public.movies2_comment_id_seq', 22, true);


--
-- Data for Name: movies2_movie; Type: TABLE DATA; Schema: public; Owner: almet
--

COPY public.movies2_movie (id, title, description, content, link, posted, views, image, category_id, user_id) FROM stdin;
8	Фахреев В.А. - спецкурс - 2/1		Предлагаем вашему вниманию курс по избавлению от зависимостей и формированию трезвых убеждений по методу Г.А.Шичко. Занятия проводит социальный педагог Фахреев Владимир Анварович. Курс был проведён с 9 по 17 ноября 2013г. в г.Магнитогорске для всех желающих.	CM78uTOGGtI	2019-08-25 14:36:23+00	196	movie/2019/08/25/0_6.jpg	2	1
1	Фахреев В А Урок Трезвости 1		Предлагаем вашему вниманию показательный курс  «Уроки Трезвости» для старших классов. Занятия проводит социальный педагог Фахреев Владимир Анварович. Курс был проведён с 11 по 15 ноября 2013г. в школе г.Магнитогорска для учеников 9 класса.	hZ51iSsjoF4	2019-08-10 18:54:25+00	569	movie/2019/08/22/0_1.jpg	1	1
5	Фахреев В А Урок Трезвости 5		Предлагаем вашему вниманию показательный курс  «Уроки Трезвости» для старших классов. Занятия проводит социальный педагог Фахреев Владимир Анварович. Курс был проведён с 11 по 15 ноября 2013г. в школе г.Магнитогорска для учеников 9 класса.	xz3vkGOvNtc	2019-08-25 14:31:35+00	174	movie/2019/08/25/0_3.jpg	1	1
7	Фахреев В.А. - спецкурс - 1 занятие		Предлагаем вашему вниманию курс по избавлению от зависимостей и формированию трезвых убеждений по методу Г.А.Шичко. Занятия проводит социальный педагог Фахреев Владимир Анварович. Курс был проведён с 9 по 17 ноября 2013г. в г.Магнитогорске для всех желающих.	IwiCECjHOqU	2019-08-25 14:33:52+00	327	movie/2019/08/25/0_5.jpg	2	1
6	Фахреев В А Урок Трезвости 6		Показательный курс «Уроки Трезвости» для старших классов. \r\nЗанятия проводит социальный педагог Фахреев Владимир Анварович. \r\nКурс был проведён с 11 по 15 ноября 2013 года в школе г. Магнитогорска для учеников 9 класса.	wM3wnGBROOA	2019-08-25 14:32:25+00	142	movie/2019/08/25/0_4.jpg	1	1
3	Фахреев В А Урок Трезвости 3		Предлагаем вашему вниманию показательный курс  «Уроки Трезвости» для старших классов. Занятия проводит социальный педагог Фахреев Владимир Анварович. Курс был проведён с 11 по 15 ноября 2013г. в школе г.Магнитогорска для учеников 9 класса.	VIILgaVE5a4	2019-08-19 14:29:32+00	167	movie/2019/08/25/0_1.jpg	1	1
2	Фахреев В А Урок Трезвости 2		Предлагаем вашему вниманию показательный курс  «Уроки Трезвости» для старших классов. Занятия проводит социальный педагог Фахреев Владимир Анварович. Курс был проведён с 11 по 15 ноября 2013г. в школе г.Магнитогорска для учеников 9 класса.	LG5TdhrdRYY	2019-08-19 14:27:20+00	206	movie/2019/08/25/0.jpg	1	1
4	Фахреев В А Урок Трезвости 4		Показательный курс «Уроки Трезвости» для старших классов. \r\nЗанятия проводит социальный педагог Фахреев Владимир Анварович. \r\nКурс был проведён с 11 по 15 ноября 2013 года в школе г. Магнитогорска для учеников 9 класса	2qz_2Yfz00Q	2019-08-25 14:30:45+00	323	movie/2019/08/25/0_2.jpg	1	1
11	Фахреев В.А. - спецкурс - 4 занятие		Предлагаем вашему вниманию курс по избавлению от зависимостей и формированию трезвых убеждений по методу Г.А.Шичко. Занятия проводит социальный педагог Фахреев Владимир Анварович. Курс был проведён с 9 по 17 ноября 2013г. в г.Магнитогорске для всех желающих.	993Q_dMncAI	2019-08-25 14:38:53+00	246	movie/2019/08/25/0_9.jpg	2	1
12	Фахреев В.А. - спецкурс - 5 занятие		Предлагаем вашему вниманию курс по избавлению от зависимостей и формированию трезвых убеждений по методу Г.А.Шичко. Занятия проводит социальный педагог Фахреев Владимир Анварович. Курс был проведён с 9 по 17 ноября 2013г. в г.Магнитогорске для всех желающих.	EZnutMiDM70	2019-08-25 14:39:25+00	155	movie/2019/08/25/0_10.jpg	2	1
16	Фахреев В.А. - спецкурс - 9 занятие		Предлагаем вашему вниманию курс по избавлению от зависимостей и формированию трезвых убеждений по методу Г.А.Шичко. Занятия проводит социальный педагог Фахреев Владимир Анварович. Курс был проведён с 9 по 17 ноября 2013г. в г.Магнитогорске для всех желающих.	wpWuTVwmQXc	2019-08-25 14:42:23+00	150	movie/2019/08/25/0_14.jpg	2	1
9	Фахреев В.А. - спецкурс - 2/2		Предлагаем вашему вниманию курс по избавлению от зависимостей и формированию трезвых убеждений по методу Г.А.Шичко. Занятия проводит социальный педагог Фахреев Владимир Анварович. Курс был проведён с 9 по 17 ноября 2013г. в г.Магнитогорске для всех желающих.	1uAS8rGZefw	2019-08-25 14:37:13+00	219	movie/2019/08/25/0_7.jpg	2	1
22	Причины алкоголизма		Причины алкоголизма	ZHEpLCb9TUk	2019-09-18 19:33:32+00	123	movie/2019/09/18/0_1.jpg	4	1
14	Фахреев В.А. - спецкурс - 7 занятие		Предлагаем вашему вниманию курс по избавлению от зависимостей и формированию трезвых убеждений по методу Г.А.Шичко. Занятия проводит социальный педагог Фахреев Владимир Анварович. Курс был проведён с 9 по 17 ноября 2013г. в г.Магнитогорске для всех желающих.	qH_ylBaLJos	2019-08-25 14:41:00+00	135	movie/2019/08/25/0_12.jpg	2	1
15	Фахреев В.А. - спецкурс - 8 занятие		Предлагаем вашему вниманию курс по избавлению от зависимостей и формированию трезвых убеждений по методу Г.А.Шичко. Занятия проводит социальный педагог Фахреев Владимир Анварович. Курс был проведён с 9 по 17 ноября 2013г. в г.Магнитогорске для всех желающих.	2VW29gpLh_A	2019-08-25 14:41:45+00	158	movie/2019/08/25/0_13.jpg	2	1
20	Фахреев В А Уроки трезвости ч 4		...	BHGGhT6SUck	2019-08-25 14:47:14+00	205	movie/2019/08/25/0_18.jpg	3	1
19	Фахреев В А Уроки трезвости ч 3		...	xVgURGS9zmQ	2019-08-25 14:46:36+00	121	movie/2019/08/25/0_17.jpg	3	1
10	Фахреев В.А. - спецкурс - 3 занятие		Предлагаем вашему вниманию курс по избавлению от зависимостей и формированию трезвых убеждений по методу Г.А.Шичко. Занятия проводит социальный педагог Фахреев Владимир Анварович. Курс был проведён с 9 по 17 ноября 2013г. в г.Магнитогорске для всех желающих.	WBhRJBMtz2g	2019-08-25 14:38:02+00	205	movie/2019/08/25/0_8.jpg	2	1
21	Что такое алкоголизм? Зайцев С.Н.		Алкоголизм. Созависимость.	HboDIK9fGLI	2019-09-18 19:31:42+00	139	movie/2019/09/18/0.jpg	4	1
18	Фахреев В А Уроки трезвости ч 2		...	IYPpNFI9XXk	2019-08-25 14:45:53+00	134	movie/2019/08/25/0_16.jpg	3	1
17	Фахреев В А Уроки трезвости ч 1		...	c7Vqdsuv4Tg	2019-08-25 14:45:28+00	224	movie/2019/08/25/0_15.jpg	3	1
13	Фахреев В.А. - спецкурс - 6 занятие		Предлагаем вашему вниманию курс по избавлению от зависимостей и формированию трезвых убеждений по методу Г.А.Шичко. Занятия проводит социальный педагог Фахреев Владимир Анварович. Курс был проведён с 9 по 17 ноября 2013г. в г.Магнитогорске для всех желающих.	QnrqsI2pImg	2019-08-25 14:40:19+00	140	movie/2019/08/25/0_11.jpg	2	1
\.


--
-- Name: movies2_movie_id_seq; Type: SEQUENCE SET; Schema: public; Owner: almet
--

SELECT pg_catalog.setval('public.movies2_movie_id_seq', 22, true);


--
-- Data for Name: movies_movie; Type: TABLE DATA; Schema: public; Owner: almet
--

COPY public.movies_movie (id, title, description, content, link, posted, views, image, category_id, user_id) FROM stdin;
\.


--
-- Name: movies_movie_id_seq; Type: SEQUENCE SET; Schema: public; Owner: almet
--

SELECT pg_catalog.setval('public.movies_movie_id_seq', 6, true);


--
-- Data for Name: news2_new; Type: TABLE DATA; Schema: public; Owner: almet
--

COPY public.news2_new (id, title, description, content, posted, image, views, user_id) FROM stdin;
3	Спецкурс 16 сентября в г.Альметьевск	.	<p>Уважаемые посетители сайта!&nbsp;</p>\r\n\r\n<p>16 сентября 2019 года мы открываем спецкурс в г.Альметьевск. Приглашаем всех желающих и нежелающих принять участие, это может изменить Вашу жизнь к лучшему. Мы поможем вам бесплатно и безболезненно расстаться с наркотическими зависимостями. Ждем вас!</p>	2019-09-02 18:03:31+00	new/list/2562081384.jpg	305	1
4	Юбилей!	23 ноября наш клуб "Трезвый Альметьевск" отмечает 20-летний юбилей Ждём всех на праздник к 11.00  школа N19 актовый зал	<p>23 ноября наш клуб &quot;Трезвый Альметьевск&quot; отмечает 20-летний юбилей<br />\r\nЖдём всех на праздник к 11.00&nbsp;<br />\r\nшкола N19 актовый зал</p>	2019-11-13 16:28:09+00	new/list/Z9gHyWANfxI.jpg	160	1
1	Открытие сайта и другие новости	.	<p>Дорогие посетители, мы открываем рубрику &quot;Наши новости&quot; сразу с нескольких событий!&nbsp;</p>\r\n\r\n<p>Самая главная - открытие нашего информационно-обучающего сайта. На нем Вы сможете найти информацию о нашей работе, посмотреть видео-курсы, посмотреть или скачать дневники для заполнения их перед сном, написать свою историю победы над своими вредными привычками, и т.д. Искренне надеемся, что материалы сайта помогут Вам побороть свои наркотические зависимости, если таковые имеются.&nbsp;</p>\r\n\r\n<hr />\r\n<p>Вторая новость - наш центр имени Т.Шайхуллина получил грант в номинации &quot;Здоровый образ жизни и туризм&quot;</p>\r\n\r\n<p><img alt="" src="/media/media/2019/08/26/whatsapp-image-2019-08-26-at-082321.jpeg" style="height:100%; width:100%" /></p>\r\n\r\n<p>Такие победы очень мотивируют нас, а также помогают нашей деятельности осуществляться.&nbsp;</p>\r\n\r\n<hr />\r\n<p>Третья новость - 26 августа 2019 года в 18:00 начинаются наши ежемесячные курсы по освобождению от никотиновой, алкогольной и других наркотических зависимостей. Курс длится 10 дней, и, по желанию, может повторяться каждый месяц. Приходите, мы рады помочь каждому желающему и нежелающему&nbsp;<img alt="smiley" src="http://xn----8sbecldaltphm8bzack0mwad.xn--p1ai/static/ckeditor/ckeditor/plugins/smiley/images/regular_smile.png" style="height:23px; width:23px" title="smiley" /></p>	2019-08-26 11:05:29+00	new/list/item_1_1533734885.jpg	314	1
5	Предновогодний курс	Новый предновогодний курс по освобождению от зависимостей	<p>А у нас в Альметьевске новый предновогодний курс по освобождению от зависимостей.<br />\r\nСпешите! Всем места может не хватить!<br />\r\nС помощью регулярных, ежемесячных курсов по преодолению наркотических зависимостей, которые проводит известный профессионал своего дела Владимир Фахреев, тысячи людей начали жить трезво и счастливо. Если у Вас есть вредные привычки, смело записывайтесь на курс и начинайте новую, насыщенную и интересную жизнь!</p>	2019-12-03 17:22:08+00	new/list/QIP_Shot_-_Screen_047.png	139	1
\.


--
-- Name: news2_new_id_seq; Type: SEQUENCE SET; Schema: public; Owner: almet
--

SELECT pg_catalog.setval('public.news2_new_id_seq', 5, true);


--
-- Data for Name: news_new; Type: TABLE DATA; Schema: public; Owner: almet
--

COPY public.news_new (id, title, description, content, posted, image, "user", views, user_id) FROM stdin;
\.


--
-- Name: news_new_id_seq; Type: SEQUENCE SET; Schema: public; Owner: almet
--

SELECT pg_catalog.setval('public.news_new_id_seq', 12, true);


--
-- Data for Name: profiles_userprofile; Type: TABLE DATA; Schema: public; Owner: almet
--

COPY public.profiles_userprofile (id, email, last_activity, avatar, user_id) FROM stdin;
5	\N	2019-08-29 07:40:32.674823+00		6
23	\N	2019-12-21 23:58:46.816417+00		29
11	\N	2019-09-06 21:04:57.209897+00		13
4	\N	2019-09-03 18:44:52.408854+00		4
12	\N	2019-09-13 15:48:49.560467+00		14
8	\N	2019-09-04 19:47:02.427554+00		10
9	\N	2019-09-05 14:39:56.501453+00		11
41	\N	2020-05-07 05:56:18.271374+00		52
39	\N	2020-05-07 09:56:20.11043+00		48
32	\N	2020-03-19 13:42:33.431839+00		41
26	\N	2020-01-25 20:09:57.304224+00		33
29	\N	2020-02-26 17:20:34.80014+00		37
20	\N	2019-12-03 15:59:57.534785+00		25
15	\N	2019-10-02 13:46:59.919307+00		17
24	\N	2019-12-26 10:25:53.869674+00		30
3	\N	2019-08-25 09:41:18.902177+00		3
42	\N	2020-05-11 14:42:18.373252+00		54
31	\N	2020-03-05 19:18:04.247717+00		42
6	\N	2019-08-30 06:39:44.76998+00		7
43	\N	2020-05-12 05:40:35.361059+00		53
28	\N	2020-02-05 19:00:14.691197+00		35
7	\N	2019-09-03 14:35:12.09033+00		8
17	\N	2020-01-14 13:55:03.153934+00		22
33	\N	2020-03-07 08:58:04.828798+00		43
27	\N	2020-01-30 10:52:46.132073+00		34
34	\N	2020-03-08 18:52:34.340465+00		39
21	\N	2019-12-14 15:11:53.38096+00		26
22	\N	2019-12-21 06:58:01.693956+00		27
18	\N	2019-11-13 02:06:55.019569+00		23
13	\N	2019-09-30 16:33:16.484721+00		15
10	\N	2019-09-11 12:32:11.121699+00		12
14	\N	2019-10-06 20:44:50.805788+00		16
19	\N	2019-11-29 09:55:22.236649+00		24
44	\N	2020-05-18 18:33:54.04346+00		55
16	\N	2019-10-16 05:35:21.435385+00		20
2	\N	2019-09-28 12:55:47.70773+00		2
25	\N	2020-01-22 16:47:50.085162+00		32
37	\N	2020-04-02 07:47:59.834658+00		49
38	\N	2020-04-05 14:33:09.392211+00		50
30	\N	2020-03-05 14:46:13.663921+00		40
36	\N	2020-04-06 14:32:44.931739+00		47
35	\N	2020-03-11 15:20:26.557296+00		44
1	\N	2020-03-15 13:47:28.088392+00		1
40	\N	2020-04-10 19:42:13.359674+00		51
\.


--
-- Name: profiles_userprofile_id_seq; Type: SEQUENCE SET; Schema: public; Owner: almet
--

SELECT pg_catalog.setval('public.profiles_userprofile_id_seq', 44, true);


--
-- Data for Name: socialaccount_socialaccount; Type: TABLE DATA; Schema: public; Owner: almet
--

COPY public.socialaccount_socialaccount (id, provider, uid, last_login, date_joined, extra_data, user_id) FROM stdin;
4	vk	199400676	2019-09-04 19:39:06.472358+00	2019-09-04 19:39:06.472424+00	{"last_seen": {"time": 1567625938, "platform": 1}, "screen_name": "s.trost", "bdate": "26.12.1974", "home_phone": "", "can_access_closed": true, "activity": "", "is_closed": false, "relation": 1, "faculty": 0, "country": {"title": "\\u0418\\u0437\\u0440\\u0430\\u0438\\u043b\\u044c", "id": 8}, "sex": 2, "photo": "https://sun9-7.userapi.com/c836521/v836521830/537ad/c_ysczkadKg.jpg?ava=1", "first_name": "\\u0421\\u0435\\u0440\\u0433\\u0435\\u0439", "graduation": 0, "photo_big": "https://sun9-43.userapi.com/c836521/v836521830/537a9/pcVJhdldiD0.jpg?ava=1", "timezone": 3, "university": 0, "online_mobile": 1, "nickname": "", "counters": {"subscriptions": 52, "friends": 314, "online_friends": 22, "gifts": 0, "pages": 124, "followers": 73, "albums": 14, "videos": 641, "photos": 504, "audios": 1267, "groups": 296}, "photo_max_orig": "https://sun9-12.userapi.com/c836521/v836521830/537aa/ZydStAT3FwQ.jpg?ava=1", "last_name": "\\u0422\\u0440\\u043e\\u0441\\u0442", "has_mobile": 1, "universities": [], "photo_medium": "https://sun9-38.userapi.com/c836521/v836521830/537ac/I-TGl7STCRo.jpg?ava=1", "city": {"title": "\\u0422\\u0435\\u043b\\u044c-\\u0410\\u0432\\u0438\\u0432", "id": 3296}, "faculty_name": "", "university_name": "", "id": 199400676, "online": 1}	10
2	vk	169833658	2019-08-28 15:37:48.830481+00	2019-08-28 15:37:48.830505+00	{"bdate": "25.2.1981", "faculty": 0, "timezone": 3, "university": 0, "online_mobile": 1, "first_name": "\\u0421\\u0435\\u0440\\u0433\\u0435\\u0439", "photo": "https://sun9-45.userapi.com/c847018/v847018410/168797/_FaeP7TLBts.jpg?ava=1", "graduation": 0, "counters": {"online_friends": 7, "followers": 67, "gifts": 14, "photos": 314, "audios": 9, "pages": 22, "friends": 173, "videos": 12, "albums": 9, "subscriptions": 3, "groups": 76}, "sex": 2, "photo_big": "https://sun9-49.userapi.com/c847018/v847018410/168795/sqhiFwdY01s.jpg?ava=1", "nickname": "", "last_name": "\\u0425\\u0430\\u043c\\u0430\\u0442\\u043e\\u0432", "university_name": "", "can_access_closed": true, "universities": [], "relation_partner": {"id": 21273021, "first_name": "\\u041d\\u0430\\u0442\\u0430\\u043b\\u044c\\u044f", "last_name": "\\u0425\\u0430\\u043c\\u0430\\u0442\\u043e\\u0432\\u0430"}, "has_mobile": 1, "activity": "\\u0422\\u0440\\u0435\\u0437\\u0432\\u043e\\u0441\\u0442\\u044c - \\u044d\\u0442\\u043e \\u0421\\u0447\\u0430\\u0441\\u0442\\u044c\\u0435!", "faculty_name": "", "last_seen": {"time": 1567006657, "platform": 1}, "id": 169833658, "photo_medium": "https://sun9-23.userapi.com/c847018/v847018410/168796/Zv9aISk73_4.jpg?ava=1", "city": {"id": 18, "title": "\\u0410\\u043b\\u044c\\u043c\\u0435\\u0442\\u044c\\u0435\\u0432\\u0441\\u043a"}, "relation": 4, "home_phone": "", "online": 1, "screen_name": "id169833658", "country": {"id": 1, "title": "\\u0420\\u043e\\u0441\\u0441\\u0438\\u044f"}, "is_closed": false, "photo_max_orig": "https://sun9-19.userapi.com/c847018/v847018410/168794/7-y34mtIioA.jpg?ava=1"}	5
5	vk	412668622	2019-09-05 14:39:05.6055+00	2019-09-05 14:39:05.605531+00	{"first_name": "\\u0410\\u043b\\u0435\\u043a\\u0441\\u0430\\u043d\\u0434\\u0440", "bdate": "1.5.1975", "counters": {"followers": 37, "groups": 33, "audios": 17, "friends": 52, "videos": 120, "albums": 16, "pages": 24, "online_friends": 6, "subscriptions": 3, "photos": 339, "gifts": 6}, "universities": [], "timezone": 3, "relation": 0, "graduation": 0, "sex": 2, "online": 1, "photo": "https://sun1-88.userapi.com/c638920/v638920622/26d5d/VCABHVkYX-U.jpg?ava=1", "photo_big": "https://sun1-15.userapi.com/c638920/v638920622/26d59/OWucBhWpdBQ.jpg?ava=1", "activity": "\\u042f \\u0432\\u0441\\u0435 \\u0435\\u0449\\u0435 \\u0436\\u0438\\u0432 ,\\u0430 \\u0437\\u043d\\u0430\\u0447\\u0438\\u0442 \\u043d\\u0435 \\u0432\\u0441\\u0435 \\u0435\\u0449\\u0435 \\u043f\\u043e\\u0442\\u0435\\u0440\\u044f\\u043d\\u043e.", "has_mobile": 1, "last_name": "\\u0421\\u0430\\u043d-\\u041a\\u0430\\u0440\\u0434\\u043e-\\u042f\\u043a\\u043e\\u0432\\u043b\\u0435\\u0432", "faculty_name": "", "id": 412668622, "faculty": 0, "is_closed": false, "screen_name": "id412668622", "nickname": "", "country": {"title": "\\u0420\\u043e\\u0441\\u0441\\u0438\\u044f", "id": 1}, "university": 0, "photo_medium": "https://sun1-21.userapi.com/c638920/v638920622/26d5c/hTE5lvLS6E4.jpg?ava=1", "can_access_closed": true, "photo_max_orig": "https://sun1-26.userapi.com/c638920/v638920622/26d5a/Uj4e1keb_gY.jpg?ava=1", "last_seen": {"platform": 7, "time": 1567694188}, "university_name": ""}	11
3	vk	327027128	2019-08-28 19:42:10.094455+00	2019-08-28 19:42:10.094477+00	{"bdate": "23.2.1975", "faculty": 0, "timezone": 3, "university": 0, "online_mobile": 1, "first_name": "\\u0410\\u043b\\u0435\\u043a\\u0441\\u0435\\u0439", "photo": "https://sun9-7.userapi.com/c629525/v629525128/3eef9/cK7oi6uSBQg.jpg?ava=1", "graduation": 0, "counters": {"online_friends": 28, "followers": 19, "gifts": 12, "photos": 419, "audios": 103, "pages": 89, "friends": 425, "videos": 278, "albums": 2, "subscriptions": 33, "groups": 181}, "sex": 2, "photo_big": "https://sun9-2.userapi.com/c629525/v629525128/3eef5/G1q8CQ32SII.jpg?ava=1", "nickname": "", "last_name": "\\u0421\\u043e\\u0441\\u0438\\u043d", "university_name": "", "can_access_closed": true, "universities": [], "has_mobile": 1, "activity": "\\u041f\\u041e\\u0411\\u0415\\u0414\\u0418\\u0412\\u0428\\u0418\\u0419 \\u0414\\u0420\\u0423\\u0413\\u0418\\u0425 \\u0421\\u0418\\u041b\\u0401\\u041d, \\u041f\\u041e\\u0411\\u0415\\u0414\\u0418\\u0412\\u0428\\u0418\\u0419 \\u0421\\u0415\\u0411\\u042f - \\u041c\\u041e\\u0413\\u0423\\u0427!!!", "faculty_name": "", "last_seen": {"time": 1567021318, "platform": 1}, "id": 327027128, "photo_medium": "https://sun9-41.userapi.com/c629525/v629525128/3eef8/JJSD6oPn_og.jpg?ava=1", "city": {"id": 18, "title": "\\u0410\\u043b\\u044c\\u043c\\u0435\\u0442\\u044c\\u0435\\u0432\\u0441\\u043a"}, "relation": 4, "home_phone": "", "online": 1, "screen_name": "asosin75", "country": {"id": 1, "title": "\\u0420\\u043e\\u0441\\u0441\\u0438\\u044f"}, "is_closed": false, "photo_max_orig": "https://sun9-18.userapi.com/c629525/v629525128/3eef6/r3OG2ILjYUY.jpg?ava=1"}	6
6	vk	30596471	2019-09-06 18:12:32.182659+00	2019-09-06 18:12:32.182682+00	{"faculty_name": "", "timezone": 3, "id": 30596471, "sex": 2, "photo_max_orig": "https://sun9-20.userapi.com/c857616/v857616696/1f0a4/t9CChAvz6nA.jpg?ava=1", "university_name": "", "can_access_closed": true, "activity": "", "country": {"title": "\\u0420\\u043e\\u0441\\u0441\\u0438\\u044f", "id": 1}, "photo_big": "https://sun9-46.userapi.com/c857616/v857616696/1f0a5/VQRIA78F9L8.jpg?ava=1", "graduation": 0, "universities": [], "online": 0, "is_closed": true, "university": 0, "relation": 4, "nickname": "", "screen_name": "ladislove", "bdate": "5.5.1991", "last_name": "\\u0411\\u0438\\u0431\\u0430\\u0440\\u0438\\u0441\\u043e\\u0432", "first_name": "\\u0412\\u043b\\u0430\\u0434\\u0438\\u0441\\u043b\\u0430\\u0432", "faculty": 0, "city": {"title": "\\u0410\\u043b\\u044c\\u043c\\u0435\\u0442\\u044c\\u0435\\u0432\\u0441\\u043a", "id": 18}, "has_mobile": 1, "photo_medium": "https://sun9-8.userapi.com/c857616/v857616696/1f0a7/R8oDYEEGoN0.jpg?ava=1", "counters": {"audios": 187, "online_friends": 13, "groups": 339, "subscriptions": 4, "friends": 185, "pages": 230, "albums": 13, "gifts": 49, "videos": 12, "posts": 721, "photos": 373}, "photo": "https://sun9-52.userapi.com/c857616/v857616696/1f0a8/jRNDuWOtDPE.jpg?ava=1", "last_seen": {"time": 1567793309, "platform": 4}, "relation_partner": {"first_name": "\\u042e\\u043b\\u0438\\u044f", "id": 68391047, "last_name": "\\u0411\\u0438\\u0431\\u0430\\u0440\\u0438\\u0441\\u043e\\u0432\\u0430"}}	13
7	vk	189851225	2019-09-28 12:11:31.278744+00	2019-09-28 12:11:31.278766+00	{"online_mobile": 1, "activity": "\\u00ab\\u0423\\u0432\\u0430\\u0436\\u0435\\u043d\\u0438\\u0435 \\u043a \\u043f\\u0440\\u043e\\u0448\\u043b\\u043e\\u043c\\u0443 - \\u0432\\u043e\\u0442 \\u0447\\u0442\\u043e \\u043e\\u0442\\u043b\\u0438\\u0447\\u0430\\u0435\\u0442 \\u0434\\u0438\\u043a\\u043e\\u0441\\u0442\\u044c \\u043e\\u0442 \\u0432\\u043e\\u0441\\u043f\\u0438\\u0442\\u0430\\u043d\\u043d\\u043e\\u0441\\u0442\\u0438\\u00bb \\u0410.\\u0421. \\u041f\\u0443\\u0448\\u043a\\u0438\\u043d", "relation": 4, "id": 189851225, "sex": 1, "faculty": 0, "last_name": "\\u0413\\u0430\\u043b\\u0435\\u0435\\u0432\\u0430", "timezone": 3, "screen_name": "id189851225", "home_phone": "+9645726115", "photo_medium": "https://sun9-57.userapi.com/c855524/v855524778/a9ce3/cqtLPa2AHac.jpg?ava=1", "graduation": 0, "can_access_closed": true, "has_mobile": 1, "first_name": "\\u0420\\u0438\\u0442\\u0430", "university_name": "", "counters": {"audios": 214, "gifts": 7, "pages": 89, "photos": 1110, "albums": 14, "followers": 49, "groups": 164, "videos": 52, "online_friends": 18, "friends": 244, "subscriptions": 9}, "photo_max_orig": "https://sun9-66.userapi.com/c855524/v855524778/a9ce0/b-zxgDeZrZc.jpg?ava=1", "country": {"title": "\\u0420\\u043e\\u0441\\u0441\\u0438\\u044f", "id": 1}, "universities": [], "university": 0, "faculty_name": "", "city": {"title": "\\u041c\\u043e\\u0441\\u043a\\u0432\\u0430", "id": 1}, "bdate": "13.6.1981", "photo_big": "https://sun9-33.userapi.com/c855524/v855524778/a9ce1/0_s9a-Gbmdc.jpg?ava=1", "nickname": "", "is_closed": false, "last_seen": {"platform": 1, "time": 1569672680}, "online": 1, "photo": "https://sun9-33.userapi.com/c855524/v855524778/a9ce4/vwmR6zijRsc.jpg?ava=1"}	17
1	vk	518589175	2019-09-28 12:55:41.155776+00	2019-08-24 12:15:45.416836+00	{"activity": "\\u0414\\u0435\\u043b\\u0430\\u044e \\u0441\\u0430\\u0439\\u0442\\u044b \\u0438 \\u043c\\u043e\\u0431\\u0438\\u043b\\u044c\\u043d\\u044b\\u0435 \\u043f\\u0440\\u0438\\u043b\\u043e\\u0436\\u0435\\u043d\\u0438\\u044f", "relation": 0, "id": 518589175, "sex": 2, "faculty": 0, "last_name": "\\u0417\\u0443\\u0431\\u0430\\u0440\\u0435\\u0432", "timezone": 3, "screen_name": "nice_web", "home_phone": "", "photo_medium": "https://sun1-92.userapi.com/c846523/v846523318/20c054/AUioX98rGvE.jpg?ava=1", "graduation": 0, "can_access_closed": true, "has_mobile": 1, "first_name": "\\u0421\\u0435\\u0440\\u0433\\u0435\\u0439", "university_name": "", "counters": {"followers": 219, "articles": 1, "groups": 10, "audios": 126, "subscriptions": 0, "photos": 3, "albums": 0, "gifts": 2, "videos": 35, "online_friends": 195, "friends": 2197, "pages": 6}, "photo_max_orig": "https://sun1-91.userapi.com/c846523/v846523318/20c051/CBo4FtNkkfY.jpg?ava=1", "country": {"title": "\\u0420\\u043e\\u0441\\u0441\\u0438\\u044f", "id": 1}, "universities": [], "university": 0, "faculty_name": "", "city": {"title": "\\u041c\\u0438\\u043a\\u0443\\u043d\\u044c", "id": 1520}, "bdate": "10.9.1983", "photo_big": "https://sun1-23.userapi.com/c846523/v846523318/20c052/QvBB8GHS2h8.jpg?ava=1", "nickname": "", "is_closed": false, "last_seen": {"platform": 7, "time": 1569674269}, "online": 0, "photo": "https://sun1-83.userapi.com/c846523/v846523318/20c055/F-bMU6PAM7Q.jpg?ava=1"}	2
8	vk	61046550	2019-12-13 19:10:28.373935+00	2019-12-13 19:10:28.373958+00	{"nickname": "", "photo_big": "https://sun9-25.userapi.com/c850136/v850136390/14f0bf/o26JhSFIegA.jpg?ava=1", "faculty_name": "", "faculty": 0, "timezone": 3, "photo": "https://sun9-40.userapi.com/c850136/v850136390/14f0c1/05kQ_RlLUig.jpg?ava=1", "photo_medium": "https://sun9-16.userapi.com/c850136/v850136390/14f0c0/ubqzy5YaeJA.jpg?ava=1", "photo_max_orig": "https://sun9-2.userapi.com/c850136/v850136390/14f0be/n_DLvAub_vo.jpg?ava=1", "id": 61046550, "universities": [], "relation_partner": {"last_name": "\\u041a\\u0440\\u0438\\u0432\\u0435\\u043d\\u043a\\u043e\\u0432\\u0430", "first_name": "\\u041a\\u0441\\u0435\\u043d\\u0438\\u044f", "id": 316139810}, "city": {"title": "\\u0411\\u0435\\u0440\\u0435\\u0437\\u0430", "id": 6342}, "university": 0, "online_mobile": 1, "is_closed": false, "activity": "", "first_name": "\\u0412\\u0430\\u043b\\u0435\\u043d\\u0442\\u0438\\u043d", "counters": {"photos": 103, "albums": 1, "pages": 134, "online_friends": 20, "followers": 207, "audios": 156, "gifts": 130, "subscriptions": 0, "friends": 275, "groups": 284, "videos": 187}, "relation": 4, "online": 1, "country": {"title": "\\u0411\\u0435\\u043b\\u0430\\u0440\\u0443\\u0441\\u044c", "id": 3}, "bdate": "1.8.1994", "last_name": "\\u041a\\u0440\\u0438\\u0432\\u0435\\u043d\\u043a\\u043e\\u0432", "graduation": 0, "university_name": "", "last_seen": {"platform": 1, "time": 1576264196}, "sex": 2, "can_access_closed": true, "has_mobile": 1, "screen_name": "valentin_krivenkov"}	26
9	vk	53052831	2019-12-15 13:00:48.603734+00	2019-12-15 13:00:48.603763+00	{"nickname": "", "photo_big": "https://sun1-89.userapi.com/c855028/v855028030/186adc/jqkqL4LgJmk.jpg?ava=1", "faculty_name": "", "faculty": 0, "timezone": 3, "photo": "https://sun1-23.userapi.com/c855028/v855028030/186adf/RlgqrG5NNF8.jpg?ava=1", "photo_medium": "https://sun1-16.userapi.com/c855028/v855028030/186ade/UHfdgqaJZcA.jpg?ava=1", "photo_max_orig": "https://sun1-84.userapi.com/c855028/v855028030/186adb/mV6F2W3sV64.jpg?ava=1", "id": 53052831, "universities": [], "city": {"title": "\\u0422\\u0432\\u0435\\u0440\\u044c", "id": 141}, "university": 0, "is_closed": false, "activity": "", "first_name": "\\u041d\\u0438\\u043a\\u0438\\u0442\\u0430", "counters": {"photos": 14, "albums": 1, "pages": 27, "online_friends": 15, "followers": 262, "audios": 1054, "gifts": 86, "subscriptions": 0, "friends": 112, "groups": 68, "videos": 4011}, "relation": 0, "online": 1, "country": {"title": "\\u0420\\u043e\\u0441\\u0441\\u0438\\u044f", "id": 1}, "bdate": "9.11.1995", "last_name": "\\u0420\\u0430\\u0434\\u0437\\u044e\\u043a\\u0435\\u0432\\u0438\\u0447", "graduation": 0, "university_name": "", "last_seen": {"platform": 7, "time": 1576414811}, "sex": 2, "can_access_closed": true, "has_mobile": 1, "screen_name": "seeing"}	27
10	vk	210590086	2019-12-21 18:18:38.471195+00	2019-12-21 18:18:07.939421+00	{"nickname": "", "photo_big": "https://sun9-42.userapi.com/c841033/v841033154/2477c/SVyCQc3EDVU.jpg?ava=1", "faculty_name": "\\u0421\\u0442\\u043e\\u043c\\u0430\\u0442\\u043e\\u043b\\u043e\\u0433\\u0438\\u0447\\u0435\\u0441\\u043a\\u0438\\u0439 \\u0444\\u0430\\u043a\\u0443\\u043b\\u044c\\u0442\\u0435\\u0442", "faculty": 38317, "timezone": 5, "photo": "https://sun9-37.userapi.com/c841033/v841033154/2477f/xtiaQYVmapQ.jpg?ava=1", "photo_medium": "https://sun9-7.userapi.com/c841033/v841033154/2477e/JhAQ5OT17_U.jpg?ava=1", "photo_max_orig": "https://sun9-62.userapi.com/c841033/v841033154/2477d/vHvFa5e4_IM.jpg?ava=1", "id": 210590086, "universities": [{"city": 123, "name": "\\u0421\\u041c\\u0418 \\u0420\\u0415\\u0410\\u0412\\u0418\\u0417\\r\\n", "faculty_name": "\\u0421\\u0442\\u043e\\u043c\\u0430\\u0442\\u043e\\u043b\\u043e\\u0433\\u0438\\u0447\\u0435\\u0441\\u043a\\u0438\\u0439 \\u0444\\u0430\\u043a\\u0443\\u043b\\u044c\\u0442\\u0435\\u0442", "faculty": 38317, "country": 1, "id": 784}], "city": {"title": "\\u0421\\u0430\\u043c\\u0430\\u0440\\u0430", "id": 123}, "university": 784, "online_mobile": 1, "is_closed": false, "activity": "", "first_name": "\\u0410\\u043b\\u0435\\u043a\\u0441\\u0435\\u0439", "counters": {"photos": 28, "albums": 1, "pages": 365, "online_friends": 3, "followers": 105, "audios": 445, "gifts": 0, "subscriptions": 25, "friends": 93, "groups": 616, "videos": 209}, "relation": 7, "online": 1, "country": {"title": "\\u0420\\u043e\\u0441\\u0441\\u0438\\u044f", "id": 1}, "bdate": "6.12.1987", "last_name": "\\u0428\\u0438\\u0444\\u043c\\u0430\\u043d", "graduation": 0, "university_name": "\\u041c\\u0435\\u0434\\u0438\\u0446\\u0438\\u043d\\u0441\\u043a\\u0438\\u0439 \\u0443\\u043d\\u0438\\u0432\\u0435\\u0440\\u0441\\u0438\\u0442\\u0435\\u0442 \\u00ab\\u0420\\u0435\\u0430\\u0432\\u0438\\u0437\\u00bb (\\u0431\\u044b\\u0432\\u0448. \\u0421\\u041c\\u0418 \\u00ab\\u0420\\u0435\\u0430\\u0432\\u0438\\u0437\\u00bb)", "last_seen": {"platform": 1, "time": 1576952267}, "sex": 2, "can_access_closed": true, "has_mobile": 1, "screen_name": "shifman87"}	29
11	vk	13834071	2019-12-26 10:03:23.729845+00	2019-12-26 10:03:15.779831+00	{"nickname": "Vanes", "photo_big": "https://sun1-96.userapi.com/c636716/v636716071/5bfcf/NfsDyn2kMok.jpg?ava=1", "faculty_name": "\\u0424\\u0430\\u043a\\u0443\\u043b\\u044c\\u0442\\u0435\\u0442 \\u0431\\u0438\\u043e\\u0442\\u0435\\u0445\\u043d\\u043e\\u043b\\u043e\\u0433\\u0438\\u0438 \\u0438 \\u0431\\u0438\\u043e\\u043b\\u043e\\u0433\\u0438\\u0438", "faculty": 39704, "timezone": 3, "photo": "https://sun1-91.userapi.com/c636716/v636716071/5bfd3/7S79a2YDYok.jpg?ava=1", "universities": [{"education_status": "\\u0412\\u044b\\u043f\\u0443\\u0441\\u043a\\u043d\\u0438\\u043a (\\u0441\\u043f\\u0435\\u0446\\u0438\\u0430\\u043b\\u0438\\u0441\\u0442)", "graduation": 2009, "city": 1059181, "name": "\\u041c\\u0413\\u0423 \\u0438\\u043c. \\u041e\\u0433\\u0430\\u0440\\u0435\\u0432\\u0430", "faculty_name": "\\u0424\\u0430\\u043a\\u0443\\u043b\\u044c\\u0442\\u0435\\u0442 \\u0431\\u0438\\u043e\\u0442\\u0435\\u0445\\u043d\\u043e\\u043b\\u043e\\u0433\\u0438\\u0438 \\u0438 \\u0431\\u0438\\u043e\\u043b\\u043e\\u0433\\u0438\\u0438", "faculty": 39704, "chair_name": "\\u0411\\u0438\\u043e\\u0442\\u0435\\u0445\\u043d\\u043e\\u043b\\u043e\\u0433\\u0438\\u0438", "chair": 46952, "country": 1, "id": 792, "education_form": "\\u041e\\u0447\\u043d\\u043e\\u0435 \\u043e\\u0442\\u0434\\u0435\\u043b\\u0435\\u043d\\u0438\\u0435"}, {"education_status": "\\u0421\\u0442\\u0443\\u0434\\u0435\\u043d\\u0442 (\\u0441\\u043f\\u0435\\u0446\\u0438\\u0430\\u043b\\u0438\\u0441\\u0442)", "graduation": 2009, "city": 124, "name": "\\u041d\\u0418 \\u041c\\u0413\\u0423 \\u0438\\u043c. \\u041e\\u0433\\u0430\\u0440\\u0435\\u0432\\u0430", "faculty_name": "\\u0424\\u0430\\u043a\\u0443\\u043b\\u044c\\u0442\\u0435\\u0442 \\u0438\\u043d\\u043e\\u0441\\u0442\\u0440\\u0430\\u043d\\u043d\\u044b\\u0445 \\u044f\\u0437\\u044b\\u043a\\u043e\\u0432", "faculty": 8458, "chair_name": "ikke angivet", "chair": 213573, "country": 1, "id": 792, "education_form": "\\u041e\\u0447\\u043d\\u043e-\\u0437\\u0430\\u043e\\u0447\\u043d\\u043e\\u0435 \\u043e\\u0442\\u0434\\u0435\\u043b\\u0435\\u043d\\u0438\\u0435"}], "photo_medium": "https://sun1-89.userapi.com/c636716/v636716071/5bfd2/W-j-m889Rt4.jpg?ava=1", "photo_max_orig": "https://sun1-24.userapi.com/c636716/v636716071/5bfd0/UwkG8VLhGfA.jpg?ava=1", "id": 13834071, "home_phone": "", "city": {"title": "\\u041f\\u043e\\u0434\\u043e\\u043b\\u0438\\u043d\\u043e", "id": 1059181}, "university": 792, "is_closed": false, "education_form": "\\u041e\\u0447\\u043d\\u043e\\u0435 \\u043e\\u0442\\u0434\\u0435\\u043b\\u0435\\u043d\\u0438\\u0435", "activity": "\\u0414\\u0440\\u0443\\u0437\\u044c\\u044f \\u0412\\u0441\\u0435\\u0445 \\u0441 \\u041d\\u0430\\u0441\\u0442\\u0443\\u043f\\u0430\\u044e\\u0449\\u0438\\u043c ! \\u0410 \\u043a\\u0442\\u043e \\u0432 \\u0442\\u0435\\u043c\\u0435 \\u0441 \\u041a\\u043e\\u043b\\u044f\\u0434\\u043e\\u0439 !", "first_name": "\\u0418\\u0432\\u0430\\u043d", "counters": {"photos": 298, "albums": 19, "pages": 24, "online_friends": 14, "followers": 6, "audios": 87, "gifts": 10, "subscriptions": 2, "friends": 204, "groups": 71, "videos": 153}, "relation": 1, "online": 1, "country": {"title": "\\u0420\\u043e\\u0441\\u0441\\u0438\\u044f", "id": 1}, "bdate": "9.4.1987", "last_name": "\\u0422\\u043e\\u043f\\u043e\\u0440\\u043a\\u043e\\u0432", "graduation": 2009, "education_status": "\\u0412\\u044b\\u043f\\u0443\\u0441\\u043a\\u043d\\u0438\\u043a (\\u0441\\u043f\\u0435\\u0446\\u0438\\u0430\\u043b\\u0438\\u0441\\u0442)", "university_name": "\\u041d\\u0418 \\u041c\\u0413\\u0423 \\u0438\\u043c. \\u041e\\u0433\\u0430\\u0440\\u0435\\u0432\\u0430", "last_seen": {"platform": 7, "time": 1577354380}, "sex": 2, "can_access_closed": true, "has_mobile": 1, "screen_name": "ivan_toporkov"}	30
12	vk	4618673	2020-01-17 20:12:58.080744+00	2020-01-17 20:12:58.080765+00	{"nickname": "", "photo_big": "https://sun9-51.userapi.com/c847218/v847218732/c564a/ZRtJH41jdTc.jpg?ava=1", "faculty_name": "", "faculty": 0, "timezone": 3, "photo": "https://sun9-42.userapi.com/c847218/v847218732/c564c/OhvxS_zvcHk.jpg?ava=1", "photo_medium": "https://sun9-3.userapi.com/c847218/v847218732/c564b/dq4c5_uKunI.jpg?ava=1", "photo_max_orig": "https://sun9-41.userapi.com/c847218/v847218732/c5649/N-2qcvzP9mo.jpg?ava=1", "id": 4618673, "universities": [], "city": {"title": "\\u0420\\u043e\\u0441\\u0442\\u043e\\u0432-\\u043d\\u0430-\\u0414\\u043e\\u043d\\u0443", "id": 119}, "university": 0, "online_mobile": 1, "is_closed": false, "activity": "\\u0418\\u043d\\u0442\\u0435\\u0440\\u043d\\u0435\\u0442-\\u043c\\u0430\\u0440\\u043a\\u0435\\u0442\\u0438\\u043d\\u0433 - \\u043c\\u043e\\u044f \\u0440\\u0435\\u043b\\u0438\\u0433\\u0438\\u044f!", "first_name": "\\u0421\\u0432\\u0435\\u0442\\u043b\\u0430\\u043d\\u0430", "counters": {"photos": 303, "albums": 5, "pages": 192, "online_friends": 22, "followers": 445, "audios": 131, "gifts": 8, "subscriptions": 38, "friends": 1059, "groups": 380, "videos": 21}, "relation": 0, "online": 1, "country": {"title": "\\u0420\\u043e\\u0441\\u0441\\u0438\\u044f", "id": 1}, "bdate": "7.6.1985", "last_name": "\\u041f\\u0430\\u0432\\u043b\\u044e\\u043a", "graduation": 0, "university_name": "", "last_seen": {"platform": 2, "time": 1579291897}, "sex": 1, "can_access_closed": true, "has_mobile": 1, "online_app": 3140623, "screen_name": "sspavluk"}	31
13	vk	361901374	2020-02-19 04:58:45.870118+00	2020-02-19 04:58:45.870143+00	{"nickname": "", "photo_big": "https://sun9-2.userapi.com/c858224/v858224885/16d087/oqRJ59VuRgE.jpg?ava=1", "faculty_name": "\\u0424\\u0430\\u043a\\u0443\\u043b\\u044c\\u0442\\u0435\\u0442 \\u0441\\u0435\\u0441\\u0442\\u0440\\u0438\\u043d\\u0441\\u043a\\u043e\\u0433\\u043e \\u0434\\u0435\\u043b\\u0430 (\\u0412\\u044b\\u0441\\u0448\\u0435\\u0433\\u043e \\u0441\\u0435\\u0441\\u0442\\u0440\\u0438\\u043d\\u0441\\u043a\\u043e\\u0433\\u043e \\u043e\\u0431\\u0440\\u0430\\u0437\\u043e\\u0432\\u0430\\u043d\\u0438\\u044f)", "faculty": 265504, "timezone": 3, "photo": "https://sun9-2.userapi.com/c858224/v858224885/16d089/Gfp_7kufgYc.jpg?ava=1", "universities": [{"education_status": "\\u0421\\u0442\\u0443\\u0434\\u0435\\u043d\\u0442\\u043a\\u0430 (\\u0441\\u043f\\u0435\\u0446\\u0438\\u0430\\u043b\\u0438\\u0441\\u0442)", "graduation": 2018, "city": 122, "name": "\\u0420\\u044f\\u0437\\u0413\\u041c\\u0423 \\u0438\\u043c. \\u041f\\u0430\\u0432\\u043b\\u043e\\u0432\\u0430", "faculty_name": "\\u0424\\u0430\\u043a\\u0443\\u043b\\u044c\\u0442\\u0435\\u0442 \\u0441\\u0435\\u0441\\u0442\\u0440\\u0438\\u043d\\u0441\\u043a\\u043e\\u0433\\u043e \\u0434\\u0435\\u043b\\u0430 (\\u0412\\u044b\\u0441\\u0448\\u0435\\u0433\\u043e \\u0441\\u0435\\u0441\\u0442\\u0440\\u0438\\u043d\\u0441\\u043a\\u043e\\u0433\\u043e \\u043e\\u0431\\u0440\\u0430\\u0437\\u043e\\u0432\\u0430\\u043d\\u0438\\u044f)", "faculty": 265504, "chair_name": "\\u0421\\u0435\\u0441\\u0442\\u0440\\u0438\\u043d\\u0441\\u043a\\u043e\\u0435 \\u0434\\u0435\\u043b\\u043e", "chair": 2051283, "country": 1, "id": 770, "education_form": "\\u041e\\u0447\\u043d\\u043e\\u0435 \\u043e\\u0442\\u0434\\u0435\\u043b\\u0435\\u043d\\u0438\\u0435"}], "photo_medium": "https://sun9-38.userapi.com/c858224/v858224885/16d088/8zBy5H2MMEc.jpg?ava=1", "photo_max_orig": "https://sun9-22.userapi.com/c858224/v858224885/16d086/VXfAoztzKzE.jpg?ava=1", "id": 361901374, "home_phone": "", "city": {"title": "\\u0420\\u044f\\u0437\\u0430\\u043d\\u044c", "id": 122}, "university": 770, "online_mobile": 1, "is_closed": false, "education_form": "\\u041e\\u0447\\u043d\\u043e\\u0435 \\u043e\\u0442\\u0434\\u0435\\u043b\\u0435\\u043d\\u0438\\u0435", "activity": "\\u0421\\u0430\\u043c\\u043e\\u0434\\u0438\\u0441\\u0446\\u0438\\u043f\\u043b\\u0438\\u043d\\u0430- \\u043e\\u0441\\u043d\\u043e\\u0432\\u0430 \\u043b\\u0438\\u0447\\u043d\\u043e\\u0441\\u0442\\u0438 \\u0447\\u0435\\u043b\\u043e\\u0432\\u0435\\u043a\\u0430 \\ud83d\\ude4f", "first_name": "\\u041c\\u0430\\u0440\\u0438\\u044f", "counters": {"photos": 58, "albums": 0, "pages": 46, "online_friends": 10, "followers": 69, "audios": 255, "gifts": 17, "subscriptions": 0, "friends": 195, "groups": 110, "videos": 2}, "relation": 4, "online": 1, "country": {"title": "\\u0420\\u043e\\u0441\\u0441\\u0438\\u044f", "id": 1}, "bdate": "19.3.1991", "last_name": "\\u0412\\u0435\\u043a\\u043e\\u0432\\u0438\\u0449\\u0435\\u0432\\u0430", "graduation": 2018, "education_status": "\\u0421\\u0442\\u0443\\u0434\\u0435\\u043d\\u0442\\u043a\\u0430 (\\u0441\\u043f\\u0435\\u0446\\u0438\\u0430\\u043b\\u0438\\u0441\\u0442)", "university_name": "\\u0420\\u044f\\u0437\\u0413\\u041c\\u0423 \\u0438\\u043c. \\u041f\\u0430\\u0432\\u043b\\u043e\\u0432\\u0430", "last_seen": {"platform": 2, "time": 1582088292}, "sex": 1, "can_access_closed": true, "has_mobile": 1, "online_app": 3140623, "screen_name": "vek_masha"}	36
14	vk	31847496	2020-02-25 08:10:44.369507+00	2020-02-25 08:10:44.369534+00	{"nickname": "", "photo": "https://sun1-29.userapi.com/c834100/v834100197/c5ed1/CmDw3bjl9gc.jpg?ava=1", "photo_big": "https://sun1-20.userapi.com/c834100/v834100197/c5ecd/ltFnKantNws.jpg?ava=1", "faculty_name": "", "faculty": 0, "timezone": 3, "id": 31847496, "photo_medium": "https://sun1-28.userapi.com/c834100/v834100197/c5ed0/73mCXO8fmB0.jpg?ava=1", "photo_max_orig": "https://sun1-97.userapi.com/c834100/v834100197/c5ece/YkriCfZe7_g.jpg?ava=1", "universities": [], "university": 0, "online_mobile": 1, "is_closed": false, "activity": "", "first_name": "\\u0410\\u043b\\u0435\\u043a\\u0441\\u0435\\u0439", "counters": {"photos": 139, "albums": 3, "pages": 347, "online_friends": 32, "followers": 133, "audios": 601, "gifts": 105, "subscriptions": 1, "friends": 390, "groups": 1022, "videos": 651}, "relation": 4, "has_mobile": 1, "bdate": "18.5.1982", "last_name": "\\u041a\\u043d\\u044f\\u0437\\u044c\\u043a\\u043e\\u0432", "graduation": 0, "university_name": "", "last_seen": {"platform": 4, "time": 1582618196}, "sex": 2, "can_access_closed": true, "online": 1, "online_app": 2274003, "screen_name": "id31847496"}	37
16	vk	143973607	2020-03-04 11:12:04.784881+00	2020-03-04 11:12:04.784912+00	{"nickname": "", "photo_big": "https://sun9-69.userapi.com/c855016/v855016232/17bca0/slNysZNxP1w.jpg?ava=1", "faculty_name": "", "faculty": 0, "timezone": 3, "photo": "https://sun9-5.userapi.com/c855016/v855016232/17bca2/IWPM-4d6cPE.jpg?ava=1", "universities": [], "photo_medium": "https://sun9-39.userapi.com/c855016/v855016232/17bca1/6SUfeRi3yV4.jpg?ava=1", "photo_max_orig": "https://sun9-50.userapi.com/c855016/v855016232/17bc9f/Wj2yPpu7Hyk.jpg?ava=1", "id": 143973607, "home_phone": "", "city": {"title": "\\u041b\\u0435\\u043d\\u0438\\u043d\\u043e\\u0433\\u043e\\u0440\\u0441\\u043a", "id": 1456}, "university": 0, "is_closed": false, "activity": "", "first_name": "\\u0410\\u043b\\u044c\\u0431\\u0438\\u043d\\u0430", "counters": {"photos": 105, "albums": 6, "pages": 13, "online_friends": 4, "followers": 54, "audios": 29, "gifts": 10, "subscriptions": 0, "friends": 77, "groups": 36, "videos": 3}, "relation": 0, "online": 0, "country": {"title": "\\u0420\\u043e\\u0441\\u0441\\u0438\\u044f", "id": 1}, "bdate": "27.11.1976", "last_name": "\\u041a\\u0430\\u044e\\u043c\\u043e\\u0432\\u0430", "graduation": 0, "university_name": "", "last_seen": {"platform": 7, "time": 1583319692}, "sex": 1, "can_access_closed": true, "has_mobile": 1, "screen_name": "id143973607"}	39
17	vk	561567491	2020-03-06 08:50:16.206846+00	2020-03-06 08:50:16.206868+00	{"nickname": "", "photo": "https://sun9-30.userapi.com/c858236/v858236172/186fff/FdDpbx3E7Mc.jpg?ava=1", "photo_big": "https://sun9-38.userapi.com/c858236/v858236172/186ffc/syTV6ksLFpQ.jpg?ava=1", "faculty_name": "", "faculty": 0, "timezone": 3, "id": 561567491, "universities": [], "photo_medium": "https://sun9-19.userapi.com/c858236/v858236172/186ffe/q4y83_QlMqI.jpg?ava=1", "photo_max_orig": "https://sun9-38.userapi.com/c858236/v858236172/186ffc/syTV6ksLFpQ.jpg?ava=1", "home_phone": "", "university": 0, "is_closed": false, "activity": "", "first_name": "\\u0413\\u0440\\u0438\\u0433\\u043e\\u0440\\u0438\\u0439", "counters": {"photos": 1, "albums": 0, "pages": 3, "online_friends": 0, "followers": 0, "audios": 0, "gifts": 0, "subscriptions": 1, "friends": 3, "groups": 10, "videos": 0}, "relation": 0, "has_mobile": 1, "bdate": "3.6.1984", "last_name": "\\u041f\\u043e\\u043f\\u0430\\u043d\\u0434\\u043e\\u043f\\u0443\\u043b\\u043e", "graduation": 0, "university_name": "", "last_seen": {"platform": 7, "time": 1583484178}, "sex": 2, "can_access_closed": true, "online": 0, "screen_name": "id561567491"}	43
15	vk	67128341	2020-03-06 13:18:41.871942+00	2020-03-04 07:15:32.766117+00	{"nickname": "", "photo_big": "https://sun9-38.userapi.com/c847018/v847018667/3de15/l3CkKSqZUrE.jpg?ava=1", "faculty_name": "\\u0424\\u0430\\u043a\\u0443\\u043b\\u044c\\u0442\\u0435\\u0442 \\u0441\\u043e\\u0446\\u0438\\u0430\\u043b\\u044c\\u043d\\u043e-\\u043a\\u0443\\u043b\\u044c\\u0442\\u0443\\u0440\\u043d\\u043e\\u0439 \\u0434\\u0435\\u044f\\u0442\\u0435\\u043b\\u044c\\u043d\\u043e\\u0441\\u0442\\u0438", "faculty": 2267004, "timezone": 3, "photo": "https://sun9-7.userapi.com/c847018/v847018667/3de17/U8qHu-r-YaE.jpg?ava=1", "universities": [{"education_status": "\\u0412\\u044b\\u043f\\u0443\\u0441\\u043a\\u043d\\u0438\\u043a (\\u0441\\u043f\\u0435\\u0446\\u0438\\u0430\\u043b\\u0438\\u0441\\u0442)", "graduation": 2009, "city": 60, "name": "\\u041a\\u0413\\u0423\\u041a\\u0438\\u0418 (\\u041a\\u0413\\u0410\\u041a\\u0438\\u0418)", "faculty_name": "\\u0424\\u0430\\u043a\\u0443\\u043b\\u044c\\u0442\\u0435\\u0442 \\u0441\\u043e\\u0446\\u0438\\u0430\\u043b\\u044c\\u043d\\u043e-\\u043a\\u0443\\u043b\\u044c\\u0442\\u0443\\u0440\\u043d\\u043e\\u0439 \\u0434\\u0435\\u044f\\u0442\\u0435\\u043b\\u044c\\u043d\\u043e\\u0441\\u0442\\u0438", "faculty": 2267004, "chair_name": "\\u041d\\u0430\\u0440\\u043e\\u0434\\u043d\\u043e\\u0433\\u043e \\u0445\\u0443\\u0434\\u043e\\u0436\\u0435\\u0441\\u0442\\u0432\\u0435\\u043d\\u043d\\u043e\\u0433\\u043e \\u0442\\u0432\\u043e\\u0440\\u0447\\u0435\\u0441\\u0442\\u0432\\u0430", "chair": 1748576, "country": 1, "id": 528, "education_form": "\\u041e\\u0447\\u043d\\u043e\\u0435 \\u043e\\u0442\\u0434\\u0435\\u043b\\u0435\\u043d\\u0438\\u0435"}], "photo_medium": "https://sun9-4.userapi.com/c847018/v847018667/3de16/EXsyh3j1PKg.jpg?ava=1", "photo_max_orig": "https://sun9-48.userapi.com/c847018/v847018667/3de14/TMkaM9fJg3E.jpg?ava=1", "id": 67128341, "home_phone": "\\u0445\\u0445\\u0445\\u0445\\u0445\\u0445\\u0445\\u0445\\u0445\\u0445", "relation_partner": {"last_name": "Vitakova", "first_name": "Diana", "id": 200568799}, "city": {"title": "\\u041a\\u0430\\u0437\\u0430\\u043d\\u044c", "id": 60}, "university": 528, "is_closed": false, "education_form": "\\u041e\\u0447\\u043d\\u043e\\u0435 \\u043e\\u0442\\u0434\\u0435\\u043b\\u0435\\u043d\\u0438\\u0435", "activity": "\\ud83d\\udc88Barber\\ud83d\\udc88 https://n131027.yclients.com/", "first_name": "\\u041c\\u0430\\u043a\\u0441\\u0438\\u043c", "counters": {"photos": 457, "albums": 12, "pages": 180, "online_friends": 77, "followers": 338, "audios": 1645, "gifts": 15, "subscriptions": 20, "friends": 1306, "groups": 1004, "videos": 722}, "relation": 4, "online": 0, "country": {"title": "\\u0420\\u043e\\u0441\\u0441\\u0438\\u044f", "id": 1}, "bdate": "15.5.1987", "last_name": "\\u0412\\u0438\\u0442\\u0430\\u043a\\u043e\\u0432", "graduation": 2009, "education_status": "\\u0412\\u044b\\u043f\\u0443\\u0441\\u043a\\u043d\\u0438\\u043a (\\u0441\\u043f\\u0435\\u0446\\u0438\\u0430\\u043b\\u0438\\u0441\\u0442)", "university_name": "\\u041a\\u0430\\u0437\\u0413\\u0418\\u041a (\\u041a\\u0430\\u0437\\u0413\\u0423\\u041a\\u0418, \\u041a\\u0413\\u0410\\u041a\\u0418)", "last_seen": {"platform": 2, "time": 1583497096}, "sex": 2, "can_access_closed": true, "has_mobile": 1, "screen_name": "maxim_vitakov"}	38
18	vk	21334381	2020-05-03 03:57:10.274907+00	2020-04-01 18:31:45.649436+00	{"relation": 0, "last_seen": {"time": 1588471325, "platform": 2}, "sex": 2, "faculty_name": "", "last_name": "\\u0413\\u0440\\u0443\\u043d\\u0438\\u043d", "photo": "https://sun9-10.userapi.com/c855032/v855032688/1ea3fb/hibvu4XhTBk.jpg?ava=1", "screen_name": "danchopass", "bdate": "1.12.1902", "photo_max_orig": "https://sun9-67.userapi.com/c855032/v855032688/1ea3f8/AS2P-Epba_Y.jpg?ava=1", "universities": [], "university_name": "", "graduation": 0, "id": 21334381, "faculty": 0, "photo_medium": "https://sun9-35.userapi.com/c855032/v855032688/1ea3fa/yQxZjhM2ViA.jpg?ava=1", "university": 0, "counters": {"groups": 180, "online_friends": 31, "subscriptions": 1, "friends": 1801, "followers": 719, "videos": 1453, "photos": 10, "albums": 0, "gifts": 213, "audios": 1259, "pages": 108}, "timezone": 4, "is_closed": false, "nickname": "", "can_access_closed": true, "photo_big": "https://sun9-26.userapi.com/c855032/v855032688/1ea3f9/CLcI1yI2NE4.jpg?ava=1", "first_name": "\\u0414\\u0430\\u043d\\u0438\\u0438\\u043b", "home_phone": "", "has_mobile": 1, "online": 0, "activity": "\\u0415\\u0434\\u0438\\u043d\\u0441\\u0442\\u0432\\u0435\\u043d\\u043d\\u0430\\u044f \\u0441\\u0432\\u043e\\u0431\\u043e\\u0434\\u0430 ,\\u043a\\u043e\\u0442\\u043e\\u0440\\u0443\\u044e \\u0438\\u043c\\u0435\\u0435\\u0442 \\u0432\\u043e\\u0438\\u043d ,\\u044d\\u0442\\u043e \\u0431\\u044b\\u0442\\u044c \\u0431\\u0435\\u0437\\u0443\\u043f\\u0440\\u0435\\u0447\\u043d\\u044b\\u043c\\ud83d\\udc4a", "country": {"id": 1, "title": "\\u0420\\u043e\\u0441\\u0441\\u0438\\u044f"}}	48
19	vk	2101841	2020-05-10 17:38:08.286514+00	2020-05-10 17:38:08.286543+00	{"education_form": "\\u041e\\u0447\\u043d\\u043e\\u0435 \\u043e\\u0442\\u0434\\u0435\\u043b\\u0435\\u043d\\u0438\\u0435", "last_seen": {"time": 1589132284, "platform": 1}, "sex": 2, "faculty_name": "\\u0418\\u043d\\u0441\\u0442\\u0438\\u0442\\u0443\\u0442 \\u044d\\u043d\\u0435\\u0440\\u0433\\u0435\\u0442\\u0438\\u043a\\u0438 \\u0438 \\u0442\\u0440\\u0430\\u043d\\u0441\\u043f\\u043e\\u0440\\u0442\\u043d\\u044b\\u0445 \\u0441\\u0438\\u0441\\u0442\\u0435\\u043c", "online_mobile": 1, "last_name": "\\u0428\\u0430\\u0440\\u0430\\u043d\\u0434\\u043e\\u0432", "photo": "https://sun9-33.userapi.com/c270/u2101841/e_fca40a62.jpg?ava=1", "screen_name": "sharandov", "faculty": 2157467, "photo_max_orig": "https://sun9-33.userapi.com/c270/u2101841/a_a9f3ea44.jpg?ava=1", "universities": [{"id": 56, "education_form": "\\u041e\\u0447\\u043d\\u043e\\u0435 \\u043e\\u0442\\u0434\\u0435\\u043b\\u0435\\u043d\\u0438\\u0435", "city": 2, "faculty_name": "\\u0418\\u043d\\u0441\\u0442\\u0438\\u0442\\u0443\\u0442 \\u044d\\u043d\\u0435\\u0440\\u0433\\u0435\\u0442\\u0438\\u043a\\u0438 \\u0438 \\u0442\\u0440\\u0430\\u043d\\u0441\\u043f\\u043e\\u0440\\u0442\\u043d\\u044b\\u0445 \\u0441\\u0438\\u0441\\u0442\\u0435\\u043c", "faculty": 2157467, "name": "\\u0421\\u041f\\u0431\\u0413\\u041f\\u0423 \\u041f\\u043e\\u043b\\u0438\\u0442\\u0435\\u0445", "chair": 1839785, "graduation": 2001, "country": 1, "chair_name": "\\u0414\\u0432\\u0438\\u0433\\u0430\\u0442\\u0435\\u043b\\u0435\\u0439 \\u0432\\u043d\\u0443\\u0442\\u0440\\u0435\\u043d\\u043d\\u0435\\u0433\\u043e \\u0441\\u0433\\u043e\\u0440\\u0430\\u043d\\u0438\\u044f"}], "university_name": "\\u0421\\u041f\\u0431\\u041f\\u0423 \\u041f\\u0435\\u0442\\u0440\\u0430 \\u0412\\u0435\\u043b\\u0438\\u043a\\u043e\\u0433\\u043e (\\u041f\\u043e\\u043b\\u0438\\u0442\\u0435\\u0445)", "graduation": 2001, "id": 2101841, "city": {"id": 2, "title": "\\u0421\\u0430\\u043d\\u043a\\u0442-\\u041f\\u0435\\u0442\\u0435\\u0440\\u0431\\u0443\\u0440\\u0433"}, "photo_medium": "https://sun9-33.userapi.com/c270/u2101841/d_9abe71af.jpg?ava=1", "university": 56, "bdate": "5.7.1978", "timezone": 3, "is_closed": true, "nickname": "", "can_access_closed": true, "photo_big": "https://sun9-33.userapi.com/c270/u2101841/a_a9f3ea44.jpg?ava=1", "first_name": "\\u0410\\u043d\\u0434\\u0440\\u0435\\u0439", "relation": 0, "has_mobile": 1, "counters": {"groups": 123, "online_friends": 7, "subscriptions": 4, "friends": 70, "pages": 59, "videos": 308, "photos": 487, "posts": 522, "albums": 15, "gifts": 6, "audios": 58}, "online": 1, "activity": "\\u0410\\u0420\\u0415\\u041d\\u0414\\u0410!!!! \\u041f\\u0420\\u041e\\u0414\\u0410\\u0416\\u0410!!!! \\u041b\\u044e\\u0431\\u0430\\u044f \\u043d\\u0435\\u0434\\u0432\\u0438\\u0436\\u0438\\u043c\\u043e\\u0441\\u0442\\u044c \\u0432 \\u0410\\u043b\\u0430\\u043d\\u0438\\u0438 \\u0434\\u043b\\u044f \\u0412\\u0430\\u0441!", "country": {"id": 1, "title": "\\u0420\\u043e\\u0441\\u0441\\u0438\\u044f"}}	53
\.


--
-- Name: socialaccount_socialaccount_id_seq; Type: SEQUENCE SET; Schema: public; Owner: almet
--

SELECT pg_catalog.setval('public.socialaccount_socialaccount_id_seq', 19, true);


--
-- Data for Name: socialaccount_socialapp; Type: TABLE DATA; Schema: public; Owner: almet
--

COPY public.socialaccount_socialapp (id, provider, name, client_id, secret, key) FROM stdin;
1	vk	VK	7109783	oFTtBFTL6Tu0xFBz7dLD	
\.


--
-- Name: socialaccount_socialapp_id_seq; Type: SEQUENCE SET; Schema: public; Owner: almet
--

SELECT pg_catalog.setval('public.socialaccount_socialapp_id_seq', 1, true);


--
-- Data for Name: socialaccount_socialapp_sites; Type: TABLE DATA; Schema: public; Owner: almet
--

COPY public.socialaccount_socialapp_sites (id, socialapp_id, site_id) FROM stdin;
1	1	1
\.


--
-- Name: socialaccount_socialapp_sites_id_seq; Type: SEQUENCE SET; Schema: public; Owner: almet
--

SELECT pg_catalog.setval('public.socialaccount_socialapp_sites_id_seq', 1, true);


--
-- Data for Name: socialaccount_socialtoken; Type: TABLE DATA; Schema: public; Owner: almet
--

COPY public.socialaccount_socialtoken (id, token, token_secret, expires_at, account_id, app_id) FROM stdin;
2	9df669ff3f45f1c00d0b6a318c0a4e4276d43eb7a29130401696f2ec1b7e8af2db6e7639362a6323605fc		2019-08-29 15:37:48.521094+00	2	1
3	3d01651643511e1ca646345b668373570b7f022ce07bda512920d86b5b6fde2e819905d107fbd922aa19e		2019-08-29 19:42:09.130914+00	3	1
4	2acf9d15b3997fd058e606cf0ede86d8a25045ebaabef2e9a82d7a9ee78c56df13cb10d33014413034b1e		2019-09-05 19:39:05.935615+00	4	1
5	8dc44189aa24cf7f7dce9c6ccf64aaa91f3ae0e8305899a07d1397737e4f1ff9dc899fd81c3cb4bdbd618		2019-09-06 14:39:05.409504+00	5	1
6	ac114642926d1f4636a26cedb01329e1db314824af1536f199b4b989b1015f0639c55fa759f6db2fd23b8		2019-09-07 18:12:32.040508+00	6	1
7	7ebdbbde74dc9fef6e03a126b62d3b89196454d0614ba2ed1894df33c6b01f1b5aa358d7633f1100f7d2e		2019-09-29 12:11:30.152005+00	7	1
1	3c65a76e0dec23de7796d671b2df2adbc82b5da849d5e0fb94a54205c5df9bf06a5c238805fa1d59e02c6		2019-09-29 12:55:41.013303+00	1	1
8	4460858d02b82ea0e1c677f21828ee1170012ae3fd9485aeb09fd3caa82207ed8e977430937f8dafb81f6		2019-12-14 19:10:27.197483+00	8	1
9	69addce6ea051dceb9e10df706cef1baa844fa8aac5c08526068e3aa97aaac83a4195b70327bea564f5e6		2019-12-16 13:00:48.38882+00	9	1
10	4b1ec597dde232c6b642f467bd69aed6a6f23ab2e721ca4a8bdfb2cdb7cbe8e88e6b6cb89290270f36bbb		2019-12-22 18:18:38.317063+00	10	1
11	452a98d2f2a07f0e0184509b2d7dd8d7c49aeef2d07802396348dd85824a8a4c16514475f78494d7de250		2019-12-27 10:03:23.600037+00	11	1
12	bba7df59f0a1f997e6ba214e74c0a1f8a25db330ae35505b4f901803c242416bbe1b1f84776710ed93a02		2020-01-18 20:12:57.906549+00	12	1
13	3638bce8b8d3d5bffff830367b856d48483051fe820bb3f22f7085e078a06bded54832d650ed63bd06b8c		2020-02-20 04:58:45.735677+00	13	1
14	4cd61348e2e3df12324b867b3f4427d1bff2fe170ad5955bf785b81ed158b71fb10300f89e2bbdcb8c49c		2020-02-26 08:10:43.962772+00	14	1
16	96e4aa1aad0ae93a5298ce4d4a324da983e7537c1c3f1cc6313b629fef0f046b3fe704f1a5102ad8b690e		2020-03-05 11:12:04.646837+00	16	1
17	b6d6192f5fff470168b7a461bda1bcc7c0a6b0cfa4e848aee3280c74f48f392f4d29c27dd93f325b8b1b4		2020-03-07 08:50:15.087459+00	17	1
15	7fbfd5ad9e1cad56be90e7b5366ba50d79edae9a3ac1b108a29c577be808285346d09ec8d05130b1b0321		2020-03-07 13:18:41.610089+00	15	1
18	6fd6fa54eb77d6871c85f2c23082f87915ba73c008b72cb87648f6f871880c8b2a93ea68964761220436f		2020-05-04 03:57:09.75795+00	18	1
19	a10963235eb1e0757a2e8ae72b21d4cce58ea1e75f062c7a9b8534f09c10a5b41c4d8dfde7c480bca7801		2020-05-11 17:38:07.083791+00	19	1
\.


--
-- Name: socialaccount_socialtoken_id_seq; Type: SEQUENCE SET; Schema: public; Owner: almet
--

SELECT pg_catalog.setval('public.socialaccount_socialtoken_id_seq', 19, true);


--
-- Data for Name: taggit_tag; Type: TABLE DATA; Schema: public; Owner: almet
--

COPY public.taggit_tag (id, name, slug) FROM stdin;
\.


--
-- Name: taggit_tag_id_seq; Type: SEQUENCE SET; Schema: public; Owner: almet
--

SELECT pg_catalog.setval('public.taggit_tag_id_seq', 1, false);


--
-- Data for Name: taggit_taggeditem; Type: TABLE DATA; Schema: public; Owner: almet
--

COPY public.taggit_taggeditem (id, object_id, content_type_id, tag_id) FROM stdin;
\.


--
-- Name: taggit_taggeditem_id_seq; Type: SEQUENCE SET; Schema: public; Owner: almet
--

SELECT pg_catalog.setval('public.taggit_taggeditem_id_seq', 1, false);


--
-- Data for Name: Комментарии; Type: TABLE DATA; Schema: public; Owner: almet
--

COPY public."Комментарии" (id, path, content, posted, article_id_id, author_id_id) FROM stdin;
\.


--
-- Data for Name: Комментарии к новости; Type: TABLE DATA; Schema: public; Owner: almet
--

COPY public."Комментарии к новости" (id, path, content, posted, article_id_id, author_id_id) FROM stdin;
\.


--
-- Name: Комментарии к новости_id_seq; Type: SEQUENCE SET; Schema: public; Owner: almet
--

SELECT pg_catalog.setval('public."Комментарии к новости_id_seq"', 1, false);


--
-- Data for Name: Комментарии к новостям; Type: TABLE DATA; Schema: public; Owner: almet
--

COPY public."Комментарии к новостям" (id, path, content, posted, article_id_id, author_id_id) FROM stdin;
\.


--
-- Name: Комментарии к новостям_id_seq; Type: SEQUENCE SET; Schema: public; Owner: almet
--

SELECT pg_catalog.setval('public."Комментарии к новостям_id_seq"', 2, true);


--
-- Name: Комментарии_id_seq; Type: SEQUENCE SET; Schema: public; Owner: almet
--

SELECT pg_catalog.setval('public."Комментарии_id_seq"', 1, false);


--
-- Name: about_report_pkey; Type: CONSTRAINT; Schema: public; Owner: almet
--

ALTER TABLE ONLY public.about_report
    ADD CONSTRAINT about_report_pkey PRIMARY KEY (id);


--
-- Name: account_emailaddress_email_key; Type: CONSTRAINT; Schema: public; Owner: almet
--

ALTER TABLE ONLY public.account_emailaddress
    ADD CONSTRAINT account_emailaddress_email_key UNIQUE (email);


--
-- Name: account_emailaddress_pkey; Type: CONSTRAINT; Schema: public; Owner: almet
--

ALTER TABLE ONLY public.account_emailaddress
    ADD CONSTRAINT account_emailaddress_pkey PRIMARY KEY (id);


--
-- Name: account_emailconfirmation_key_key; Type: CONSTRAINT; Schema: public; Owner: almet
--

ALTER TABLE ONLY public.account_emailconfirmation
    ADD CONSTRAINT account_emailconfirmation_key_key UNIQUE (key);


--
-- Name: account_emailconfirmation_pkey; Type: CONSTRAINT; Schema: public; Owner: almet
--

ALTER TABLE ONLY public.account_emailconfirmation
    ADD CONSTRAINT account_emailconfirmation_pkey PRIMARY KEY (id);


--
-- Name: auth_group_name_key; Type: CONSTRAINT; Schema: public; Owner: almet
--

ALTER TABLE ONLY public.auth_group
    ADD CONSTRAINT auth_group_name_key UNIQUE (name);


--
-- Name: auth_group_permissions_group_id_permission_id_0cd325b0_uniq; Type: CONSTRAINT; Schema: public; Owner: almet
--

ALTER TABLE ONLY public.auth_group_permissions
    ADD CONSTRAINT auth_group_permissions_group_id_permission_id_0cd325b0_uniq UNIQUE (group_id, permission_id);


--
-- Name: auth_group_permissions_pkey; Type: CONSTRAINT; Schema: public; Owner: almet
--

ALTER TABLE ONLY public.auth_group_permissions
    ADD CONSTRAINT auth_group_permissions_pkey PRIMARY KEY (id);


--
-- Name: auth_group_pkey; Type: CONSTRAINT; Schema: public; Owner: almet
--

ALTER TABLE ONLY public.auth_group
    ADD CONSTRAINT auth_group_pkey PRIMARY KEY (id);


--
-- Name: auth_permission_content_type_id_codename_01ab375a_uniq; Type: CONSTRAINT; Schema: public; Owner: almet
--

ALTER TABLE ONLY public.auth_permission
    ADD CONSTRAINT auth_permission_content_type_id_codename_01ab375a_uniq UNIQUE (content_type_id, codename);


--
-- Name: auth_permission_pkey; Type: CONSTRAINT; Schema: public; Owner: almet
--

ALTER TABLE ONLY public.auth_permission
    ADD CONSTRAINT auth_permission_pkey PRIMARY KEY (id);


--
-- Name: auth_user_groups_pkey; Type: CONSTRAINT; Schema: public; Owner: almet
--

ALTER TABLE ONLY public.auth_user_groups
    ADD CONSTRAINT auth_user_groups_pkey PRIMARY KEY (id);


--
-- Name: auth_user_groups_user_id_group_id_94350c0c_uniq; Type: CONSTRAINT; Schema: public; Owner: almet
--

ALTER TABLE ONLY public.auth_user_groups
    ADD CONSTRAINT auth_user_groups_user_id_group_id_94350c0c_uniq UNIQUE (user_id, group_id);


--
-- Name: auth_user_pkey; Type: CONSTRAINT; Schema: public; Owner: almet
--

ALTER TABLE ONLY public.auth_user
    ADD CONSTRAINT auth_user_pkey PRIMARY KEY (id);


--
-- Name: auth_user_user_permissions_pkey; Type: CONSTRAINT; Schema: public; Owner: almet
--

ALTER TABLE ONLY public.auth_user_user_permissions
    ADD CONSTRAINT auth_user_user_permissions_pkey PRIMARY KEY (id);


--
-- Name: auth_user_user_permissions_user_id_permission_id_14a6b632_uniq; Type: CONSTRAINT; Schema: public; Owner: almet
--

ALTER TABLE ONLY public.auth_user_user_permissions
    ADD CONSTRAINT auth_user_user_permissions_user_id_permission_id_14a6b632_uniq UNIQUE (user_id, permission_id);


--
-- Name: auth_user_username_key; Type: CONSTRAINT; Schema: public; Owner: almet
--

ALTER TABLE ONLY public.auth_user
    ADD CONSTRAINT auth_user_username_key UNIQUE (username);


--
-- Name: authtoken_token_pkey; Type: CONSTRAINT; Schema: public; Owner: almet
--

ALTER TABLE ONLY public.authtoken_token
    ADD CONSTRAINT authtoken_token_pkey PRIMARY KEY (key);


--
-- Name: authtoken_token_user_id_key; Type: CONSTRAINT; Schema: public; Owner: almet
--

ALTER TABLE ONLY public.authtoken_token
    ADD CONSTRAINT authtoken_token_user_id_key UNIQUE (user_id);


--
-- Name: category_category_pkey; Type: CONSTRAINT; Schema: public; Owner: almet
--

ALTER TABLE ONLY public.category_category
    ADD CONSTRAINT category_category_pkey PRIMARY KEY (id);


--
-- Name: diary_diary_pkey; Type: CONSTRAINT; Schema: public; Owner: almet
--

ALTER TABLE ONLY public.diary_diary
    ADD CONSTRAINT diary_diary_pkey PRIMARY KEY (id);


--
-- Name: diary_diarycategory_pkey; Type: CONSTRAINT; Schema: public; Owner: almet
--

ALTER TABLE ONLY public.diary_diarycategory
    ADD CONSTRAINT diary_diarycategory_pkey PRIMARY KEY (id);


--
-- Name: django_admin_log_pkey; Type: CONSTRAINT; Schema: public; Owner: almet
--

ALTER TABLE ONLY public.django_admin_log
    ADD CONSTRAINT django_admin_log_pkey PRIMARY KEY (id);


--
-- Name: django_content_type_app_label_model_76bd3d3b_uniq; Type: CONSTRAINT; Schema: public; Owner: almet
--

ALTER TABLE ONLY public.django_content_type
    ADD CONSTRAINT django_content_type_app_label_model_76bd3d3b_uniq UNIQUE (app_label, model);


--
-- Name: django_content_type_pkey; Type: CONSTRAINT; Schema: public; Owner: almet
--

ALTER TABLE ONLY public.django_content_type
    ADD CONSTRAINT django_content_type_pkey PRIMARY KEY (id);


--
-- Name: django_migrations_pkey; Type: CONSTRAINT; Schema: public; Owner: almet
--

ALTER TABLE ONLY public.django_migrations
    ADD CONSTRAINT django_migrations_pkey PRIMARY KEY (id);


--
-- Name: django_session_pkey; Type: CONSTRAINT; Schema: public; Owner: almet
--

ALTER TABLE ONLY public.django_session
    ADD CONSTRAINT django_session_pkey PRIMARY KEY (session_key);


--
-- Name: django_site_domain_a2e37b91_uniq; Type: CONSTRAINT; Schema: public; Owner: almet
--

ALTER TABLE ONLY public.django_site
    ADD CONSTRAINT django_site_domain_a2e37b91_uniq UNIQUE (domain);


--
-- Name: django_site_pkey; Type: CONSTRAINT; Schema: public; Owner: almet
--

ALTER TABLE ONLY public.django_site
    ADD CONSTRAINT django_site_pkey PRIMARY KEY (id);


--
-- Name: easy_thumbnails_source_pkey; Type: CONSTRAINT; Schema: public; Owner: almet
--

ALTER TABLE ONLY public.easy_thumbnails_source
    ADD CONSTRAINT easy_thumbnails_source_pkey PRIMARY KEY (id);


--
-- Name: easy_thumbnails_source_storage_hash_name_481ce32d_uniq; Type: CONSTRAINT; Schema: public; Owner: almet
--

ALTER TABLE ONLY public.easy_thumbnails_source
    ADD CONSTRAINT easy_thumbnails_source_storage_hash_name_481ce32d_uniq UNIQUE (storage_hash, name);


--
-- Name: easy_thumbnails_thumbnai_storage_hash_name_source_fb375270_uniq; Type: CONSTRAINT; Schema: public; Owner: almet
--

ALTER TABLE ONLY public.easy_thumbnails_thumbnail
    ADD CONSTRAINT easy_thumbnails_thumbnai_storage_hash_name_source_fb375270_uniq UNIQUE (storage_hash, name, source_id);


--
-- Name: easy_thumbnails_thumbnail_pkey; Type: CONSTRAINT; Schema: public; Owner: almet
--

ALTER TABLE ONLY public.easy_thumbnails_thumbnail
    ADD CONSTRAINT easy_thumbnails_thumbnail_pkey PRIMARY KEY (id);


--
-- Name: easy_thumbnails_thumbnaildimensions_pkey; Type: CONSTRAINT; Schema: public; Owner: almet
--

ALTER TABLE ONLY public.easy_thumbnails_thumbnaildimensions
    ADD CONSTRAINT easy_thumbnails_thumbnaildimensions_pkey PRIMARY KEY (id);


--
-- Name: easy_thumbnails_thumbnaildimensions_thumbnail_id_key; Type: CONSTRAINT; Schema: public; Owner: almet
--

ALTER TABLE ONLY public.easy_thumbnails_thumbnaildimensions
    ADD CONSTRAINT easy_thumbnails_thumbnaildimensions_thumbnail_id_key UNIQUE (thumbnail_id);


--
-- Name: guestbook_guestbook_pkey; Type: CONSTRAINT; Schema: public; Owner: almet
--

ALTER TABLE ONLY public.guestbook_guestbook
    ADD CONSTRAINT guestbook_guestbook_pkey PRIMARY KEY (id);


--
-- Name: main_feedback_pkey; Type: CONSTRAINT; Schema: public; Owner: almet
--

ALTER TABLE ONLY public.main_feedback
    ADD CONSTRAINT main_feedback_pkey PRIMARY KEY (id);


--
-- Name: main_likedislike_pkey; Type: CONSTRAINT; Schema: public; Owner: almet
--

ALTER TABLE ONLY public.main_likedislike
    ADD CONSTRAINT main_likedislike_pkey PRIMARY KEY (id);


--
-- Name: movies2_comment_pkey; Type: CONSTRAINT; Schema: public; Owner: almet
--

ALTER TABLE ONLY public.movies2_comment
    ADD CONSTRAINT movies2_comment_pkey PRIMARY KEY (id);


--
-- Name: movies2_movie_pkey; Type: CONSTRAINT; Schema: public; Owner: almet
--

ALTER TABLE ONLY public.movies2_movie
    ADD CONSTRAINT movies2_movie_pkey PRIMARY KEY (id);


--
-- Name: movies_movie_pkey; Type: CONSTRAINT; Schema: public; Owner: almet
--

ALTER TABLE ONLY public.movies_movie
    ADD CONSTRAINT movies_movie_pkey PRIMARY KEY (id);


--
-- Name: news2_new_pkey; Type: CONSTRAINT; Schema: public; Owner: almet
--

ALTER TABLE ONLY public.news2_new
    ADD CONSTRAINT news2_new_pkey PRIMARY KEY (id);


--
-- Name: news_new_pkey; Type: CONSTRAINT; Schema: public; Owner: almet
--

ALTER TABLE ONLY public.news_new
    ADD CONSTRAINT news_new_pkey PRIMARY KEY (id);


--
-- Name: profiles_userprofile_email_key; Type: CONSTRAINT; Schema: public; Owner: almet
--

ALTER TABLE ONLY public.profiles_userprofile
    ADD CONSTRAINT profiles_userprofile_email_key UNIQUE (email);


--
-- Name: profiles_userprofile_pkey; Type: CONSTRAINT; Schema: public; Owner: almet
--

ALTER TABLE ONLY public.profiles_userprofile
    ADD CONSTRAINT profiles_userprofile_pkey PRIMARY KEY (id);


--
-- Name: profiles_userprofile_user_id_key; Type: CONSTRAINT; Schema: public; Owner: almet
--

ALTER TABLE ONLY public.profiles_userprofile
    ADD CONSTRAINT profiles_userprofile_user_id_key UNIQUE (user_id);


--
-- Name: socialaccount_socialaccount_pkey; Type: CONSTRAINT; Schema: public; Owner: almet
--

ALTER TABLE ONLY public.socialaccount_socialaccount
    ADD CONSTRAINT socialaccount_socialaccount_pkey PRIMARY KEY (id);


--
-- Name: socialaccount_socialaccount_provider_uid_fc810c6e_uniq; Type: CONSTRAINT; Schema: public; Owner: almet
--

ALTER TABLE ONLY public.socialaccount_socialaccount
    ADD CONSTRAINT socialaccount_socialaccount_provider_uid_fc810c6e_uniq UNIQUE (provider, uid);


--
-- Name: socialaccount_socialapp__socialapp_id_site_id_71a9a768_uniq; Type: CONSTRAINT; Schema: public; Owner: almet
--

ALTER TABLE ONLY public.socialaccount_socialapp_sites
    ADD CONSTRAINT socialaccount_socialapp__socialapp_id_site_id_71a9a768_uniq UNIQUE (socialapp_id, site_id);


--
-- Name: socialaccount_socialapp_pkey; Type: CONSTRAINT; Schema: public; Owner: almet
--

ALTER TABLE ONLY public.socialaccount_socialapp
    ADD CONSTRAINT socialaccount_socialapp_pkey PRIMARY KEY (id);


--
-- Name: socialaccount_socialapp_sites_pkey; Type: CONSTRAINT; Schema: public; Owner: almet
--

ALTER TABLE ONLY public.socialaccount_socialapp_sites
    ADD CONSTRAINT socialaccount_socialapp_sites_pkey PRIMARY KEY (id);


--
-- Name: socialaccount_socialtoken_app_id_account_id_fca4e0ac_uniq; Type: CONSTRAINT; Schema: public; Owner: almet
--

ALTER TABLE ONLY public.socialaccount_socialtoken
    ADD CONSTRAINT socialaccount_socialtoken_app_id_account_id_fca4e0ac_uniq UNIQUE (app_id, account_id);


--
-- Name: socialaccount_socialtoken_pkey; Type: CONSTRAINT; Schema: public; Owner: almet
--

ALTER TABLE ONLY public.socialaccount_socialtoken
    ADD CONSTRAINT socialaccount_socialtoken_pkey PRIMARY KEY (id);


--
-- Name: taggit_tag_name_key; Type: CONSTRAINT; Schema: public; Owner: almet
--

ALTER TABLE ONLY public.taggit_tag
    ADD CONSTRAINT taggit_tag_name_key UNIQUE (name);


--
-- Name: taggit_tag_pkey; Type: CONSTRAINT; Schema: public; Owner: almet
--

ALTER TABLE ONLY public.taggit_tag
    ADD CONSTRAINT taggit_tag_pkey PRIMARY KEY (id);


--
-- Name: taggit_tag_slug_key; Type: CONSTRAINT; Schema: public; Owner: almet
--

ALTER TABLE ONLY public.taggit_tag
    ADD CONSTRAINT taggit_tag_slug_key UNIQUE (slug);


--
-- Name: taggit_taggeditem_content_type_id_object_i_4bb97a8e_uniq; Type: CONSTRAINT; Schema: public; Owner: almet
--

ALTER TABLE ONLY public.taggit_taggeditem
    ADD CONSTRAINT taggit_taggeditem_content_type_id_object_i_4bb97a8e_uniq UNIQUE (content_type_id, object_id, tag_id);


--
-- Name: taggit_taggeditem_pkey; Type: CONSTRAINT; Schema: public; Owner: almet
--

ALTER TABLE ONLY public.taggit_taggeditem
    ADD CONSTRAINT taggit_taggeditem_pkey PRIMARY KEY (id);


--
-- Name: Комментарии к новости_pkey; Type: CONSTRAINT; Schema: public; Owner: almet
--

ALTER TABLE ONLY public."Комментарии к новости"
    ADD CONSTRAINT "Комментарии к новости_pkey" PRIMARY KEY (id);


--
-- Name: Комментарии к новостям_pkey; Type: CONSTRAINT; Schema: public; Owner: almet
--

ALTER TABLE ONLY public."Комментарии к новостям"
    ADD CONSTRAINT "Комментарии к новостям_pkey" PRIMARY KEY (id);


--
-- Name: Комментарии_pkey; Type: CONSTRAINT; Schema: public; Owner: almet
--

ALTER TABLE ONLY public."Комментарии"
    ADD CONSTRAINT "Комментарии_pkey" PRIMARY KEY (id);


--
-- Name: account_emailaddress_email_03be32b2_like; Type: INDEX; Schema: public; Owner: almet
--

CREATE INDEX account_emailaddress_email_03be32b2_like ON public.account_emailaddress USING btree (email varchar_pattern_ops);


--
-- Name: account_emailaddress_user_id_2c513194; Type: INDEX; Schema: public; Owner: almet
--

CREATE INDEX account_emailaddress_user_id_2c513194 ON public.account_emailaddress USING btree (user_id);


--
-- Name: account_emailconfirmation_email_address_id_5b7f8c58; Type: INDEX; Schema: public; Owner: almet
--

CREATE INDEX account_emailconfirmation_email_address_id_5b7f8c58 ON public.account_emailconfirmation USING btree (email_address_id);


--
-- Name: account_emailconfirmation_key_f43612bd_like; Type: INDEX; Schema: public; Owner: almet
--

CREATE INDEX account_emailconfirmation_key_f43612bd_like ON public.account_emailconfirmation USING btree (key varchar_pattern_ops);


--
-- Name: auth_group_name_a6ea08ec_like; Type: INDEX; Schema: public; Owner: almet
--

CREATE INDEX auth_group_name_a6ea08ec_like ON public.auth_group USING btree (name varchar_pattern_ops);


--
-- Name: auth_group_permissions_group_id_b120cbf9; Type: INDEX; Schema: public; Owner: almet
--

CREATE INDEX auth_group_permissions_group_id_b120cbf9 ON public.auth_group_permissions USING btree (group_id);


--
-- Name: auth_group_permissions_permission_id_84c5c92e; Type: INDEX; Schema: public; Owner: almet
--

CREATE INDEX auth_group_permissions_permission_id_84c5c92e ON public.auth_group_permissions USING btree (permission_id);


--
-- Name: auth_permission_content_type_id_2f476e4b; Type: INDEX; Schema: public; Owner: almet
--

CREATE INDEX auth_permission_content_type_id_2f476e4b ON public.auth_permission USING btree (content_type_id);


--
-- Name: auth_user_groups_group_id_97559544; Type: INDEX; Schema: public; Owner: almet
--

CREATE INDEX auth_user_groups_group_id_97559544 ON public.auth_user_groups USING btree (group_id);


--
-- Name: auth_user_groups_user_id_6a12ed8b; Type: INDEX; Schema: public; Owner: almet
--

CREATE INDEX auth_user_groups_user_id_6a12ed8b ON public.auth_user_groups USING btree (user_id);


--
-- Name: auth_user_user_permissions_permission_id_1fbb5f2c; Type: INDEX; Schema: public; Owner: almet
--

CREATE INDEX auth_user_user_permissions_permission_id_1fbb5f2c ON public.auth_user_user_permissions USING btree (permission_id);


--
-- Name: auth_user_user_permissions_user_id_a95ead1b; Type: INDEX; Schema: public; Owner: almet
--

CREATE INDEX auth_user_user_permissions_user_id_a95ead1b ON public.auth_user_user_permissions USING btree (user_id);


--
-- Name: auth_user_username_6821ab7c_like; Type: INDEX; Schema: public; Owner: almet
--

CREATE INDEX auth_user_username_6821ab7c_like ON public.auth_user USING btree (username varchar_pattern_ops);


--
-- Name: authtoken_token_key_10f0b77e_like; Type: INDEX; Schema: public; Owner: almet
--

CREATE INDEX authtoken_token_key_10f0b77e_like ON public.authtoken_token USING btree (key varchar_pattern_ops);


--
-- Name: diary_diary_category_id_4b4b1ee7; Type: INDEX; Schema: public; Owner: almet
--

CREATE INDEX diary_diary_category_id_4b4b1ee7 ON public.diary_diary USING btree (category_id);


--
-- Name: django_admin_log_content_type_id_c4bce8eb; Type: INDEX; Schema: public; Owner: almet
--

CREATE INDEX django_admin_log_content_type_id_c4bce8eb ON public.django_admin_log USING btree (content_type_id);


--
-- Name: django_admin_log_user_id_c564eba6; Type: INDEX; Schema: public; Owner: almet
--

CREATE INDEX django_admin_log_user_id_c564eba6 ON public.django_admin_log USING btree (user_id);


--
-- Name: django_session_expire_date_a5c62663; Type: INDEX; Schema: public; Owner: almet
--

CREATE INDEX django_session_expire_date_a5c62663 ON public.django_session USING btree (expire_date);


--
-- Name: django_session_session_key_c0390e0f_like; Type: INDEX; Schema: public; Owner: almet
--

CREATE INDEX django_session_session_key_c0390e0f_like ON public.django_session USING btree (session_key varchar_pattern_ops);


--
-- Name: django_site_domain_a2e37b91_like; Type: INDEX; Schema: public; Owner: almet
--

CREATE INDEX django_site_domain_a2e37b91_like ON public.django_site USING btree (domain varchar_pattern_ops);


--
-- Name: easy_thumbnails_source_name_5fe0edc6; Type: INDEX; Schema: public; Owner: almet
--

CREATE INDEX easy_thumbnails_source_name_5fe0edc6 ON public.easy_thumbnails_source USING btree (name);


--
-- Name: easy_thumbnails_source_name_5fe0edc6_like; Type: INDEX; Schema: public; Owner: almet
--

CREATE INDEX easy_thumbnails_source_name_5fe0edc6_like ON public.easy_thumbnails_source USING btree (name varchar_pattern_ops);


--
-- Name: easy_thumbnails_source_storage_hash_946cbcc9; Type: INDEX; Schema: public; Owner: almet
--

CREATE INDEX easy_thumbnails_source_storage_hash_946cbcc9 ON public.easy_thumbnails_source USING btree (storage_hash);


--
-- Name: easy_thumbnails_source_storage_hash_946cbcc9_like; Type: INDEX; Schema: public; Owner: almet
--

CREATE INDEX easy_thumbnails_source_storage_hash_946cbcc9_like ON public.easy_thumbnails_source USING btree (storage_hash varchar_pattern_ops);


--
-- Name: easy_thumbnails_thumbnail_name_b5882c31; Type: INDEX; Schema: public; Owner: almet
--

CREATE INDEX easy_thumbnails_thumbnail_name_b5882c31 ON public.easy_thumbnails_thumbnail USING btree (name);


--
-- Name: easy_thumbnails_thumbnail_name_b5882c31_like; Type: INDEX; Schema: public; Owner: almet
--

CREATE INDEX easy_thumbnails_thumbnail_name_b5882c31_like ON public.easy_thumbnails_thumbnail USING btree (name varchar_pattern_ops);


--
-- Name: easy_thumbnails_thumbnail_source_id_5b57bc77; Type: INDEX; Schema: public; Owner: almet
--

CREATE INDEX easy_thumbnails_thumbnail_source_id_5b57bc77 ON public.easy_thumbnails_thumbnail USING btree (source_id);


--
-- Name: easy_thumbnails_thumbnail_storage_hash_f1435f49; Type: INDEX; Schema: public; Owner: almet
--

CREATE INDEX easy_thumbnails_thumbnail_storage_hash_f1435f49 ON public.easy_thumbnails_thumbnail USING btree (storage_hash);


--
-- Name: easy_thumbnails_thumbnail_storage_hash_f1435f49_like; Type: INDEX; Schema: public; Owner: almet
--

CREATE INDEX easy_thumbnails_thumbnail_storage_hash_f1435f49_like ON public.easy_thumbnails_thumbnail USING btree (storage_hash varchar_pattern_ops);


--
-- Name: guestbook_guestbook_user_id_870973e6; Type: INDEX; Schema: public; Owner: almet
--

CREATE INDEX guestbook_guestbook_user_id_870973e6 ON public.guestbook_guestbook USING btree (user_id);


--
-- Name: main_likedislike_content_type_id_958401f4; Type: INDEX; Schema: public; Owner: almet
--

CREATE INDEX main_likedislike_content_type_id_958401f4 ON public.main_likedislike USING btree (content_type_id);


--
-- Name: main_likedislike_user_id_a1235189; Type: INDEX; Schema: public; Owner: almet
--

CREATE INDEX main_likedislike_user_id_a1235189 ON public.main_likedislike USING btree (user_id);


--
-- Name: movies2_comment_article_id_id_bd79e04c; Type: INDEX; Schema: public; Owner: almet
--

CREATE INDEX movies2_comment_article_id_id_bd79e04c ON public.movies2_comment USING btree (article_id_id);


--
-- Name: movies2_comment_author_id_id_de8b6d92; Type: INDEX; Schema: public; Owner: almet
--

CREATE INDEX movies2_comment_author_id_id_de8b6d92 ON public.movies2_comment USING btree (author_id_id);


--
-- Name: movies2_movie_category_id_d64330de; Type: INDEX; Schema: public; Owner: almet
--

CREATE INDEX movies2_movie_category_id_d64330de ON public.movies2_movie USING btree (category_id);


--
-- Name: movies2_movie_user_id_9c748569; Type: INDEX; Schema: public; Owner: almet
--

CREATE INDEX movies2_movie_user_id_9c748569 ON public.movies2_movie USING btree (user_id);


--
-- Name: movies_movie_category_id_d3487bd9; Type: INDEX; Schema: public; Owner: almet
--

CREATE INDEX movies_movie_category_id_d3487bd9 ON public.movies_movie USING btree (category_id);


--
-- Name: movies_movie_user_id_af766fba; Type: INDEX; Schema: public; Owner: almet
--

CREATE INDEX movies_movie_user_id_af766fba ON public.movies_movie USING btree (user_id);


--
-- Name: news2_new_posted_55f03a60; Type: INDEX; Schema: public; Owner: almet
--

CREATE INDEX news2_new_posted_55f03a60 ON public.news2_new USING btree (posted);


--
-- Name: news2_new_user_id_94b4d8f7; Type: INDEX; Schema: public; Owner: almet
--

CREATE INDEX news2_new_user_id_94b4d8f7 ON public.news2_new USING btree (user_id);


--
-- Name: news_new_posted_9f6ff17d; Type: INDEX; Schema: public; Owner: almet
--

CREATE INDEX news_new_posted_9f6ff17d ON public.news_new USING btree (posted);


--
-- Name: news_new_user_id_8e622f4b; Type: INDEX; Schema: public; Owner: almet
--

CREATE INDEX news_new_user_id_8e622f4b ON public.news_new USING btree (user_id);


--
-- Name: profiles_userprofile_email_232e7a7b_like; Type: INDEX; Schema: public; Owner: almet
--

CREATE INDEX profiles_userprofile_email_232e7a7b_like ON public.profiles_userprofile USING btree (email varchar_pattern_ops);


--
-- Name: socialaccount_socialaccount_user_id_8146e70c; Type: INDEX; Schema: public; Owner: almet
--

CREATE INDEX socialaccount_socialaccount_user_id_8146e70c ON public.socialaccount_socialaccount USING btree (user_id);


--
-- Name: socialaccount_socialapp_sites_site_id_2579dee5; Type: INDEX; Schema: public; Owner: almet
--

CREATE INDEX socialaccount_socialapp_sites_site_id_2579dee5 ON public.socialaccount_socialapp_sites USING btree (site_id);


--
-- Name: socialaccount_socialapp_sites_socialapp_id_97fb6e7d; Type: INDEX; Schema: public; Owner: almet
--

CREATE INDEX socialaccount_socialapp_sites_socialapp_id_97fb6e7d ON public.socialaccount_socialapp_sites USING btree (socialapp_id);


--
-- Name: socialaccount_socialtoken_account_id_951f210e; Type: INDEX; Schema: public; Owner: almet
--

CREATE INDEX socialaccount_socialtoken_account_id_951f210e ON public.socialaccount_socialtoken USING btree (account_id);


--
-- Name: socialaccount_socialtoken_app_id_636a42d7; Type: INDEX; Schema: public; Owner: almet
--

CREATE INDEX socialaccount_socialtoken_app_id_636a42d7 ON public.socialaccount_socialtoken USING btree (app_id);


--
-- Name: taggit_tag_name_58eb2ed9_like; Type: INDEX; Schema: public; Owner: almet
--

CREATE INDEX taggit_tag_name_58eb2ed9_like ON public.taggit_tag USING btree (name varchar_pattern_ops);


--
-- Name: taggit_tag_slug_6be58b2c_like; Type: INDEX; Schema: public; Owner: almet
--

CREATE INDEX taggit_tag_slug_6be58b2c_like ON public.taggit_tag USING btree (slug varchar_pattern_ops);


--
-- Name: taggit_taggeditem_content_type_id_9957a03c; Type: INDEX; Schema: public; Owner: almet
--

CREATE INDEX taggit_taggeditem_content_type_id_9957a03c ON public.taggit_taggeditem USING btree (content_type_id);


--
-- Name: taggit_taggeditem_content_type_id_object_id_196cc965_idx; Type: INDEX; Schema: public; Owner: almet
--

CREATE INDEX taggit_taggeditem_content_type_id_object_id_196cc965_idx ON public.taggit_taggeditem USING btree (content_type_id, object_id);


--
-- Name: taggit_taggeditem_object_id_e2d7d1df; Type: INDEX; Schema: public; Owner: almet
--

CREATE INDEX taggit_taggeditem_object_id_e2d7d1df ON public.taggit_taggeditem USING btree (object_id);


--
-- Name: taggit_taggeditem_tag_id_f4f5b767; Type: INDEX; Schema: public; Owner: almet
--

CREATE INDEX taggit_taggeditem_tag_id_f4f5b767 ON public.taggit_taggeditem USING btree (tag_id);


--
-- Name: Комментарии к новости_article_id_id_ba2aee3e; Type: INDEX; Schema: public; Owner: almet
--

CREATE INDEX "Комментарии к новости_article_id_id_ba2aee3e" ON public."Комментарии к новости" USING btree (article_id_id);


--
-- Name: Комментарии к новости_author_id_id_768d7eb5; Type: INDEX; Schema: public; Owner: almet
--

CREATE INDEX "Комментарии к новости_author_id_id_768d7eb5" ON public."Комментарии к новости" USING btree (author_id_id);


--
-- Name: Комментарии к новостям_article_id_id_a449a8; Type: INDEX; Schema: public; Owner: almet
--

CREATE INDEX "Комментарии к новостям_article_id_id_a449a8" ON public."Комментарии к новостям" USING btree (article_id_id);


--
-- Name: Комментарии к новостям_author_id_id_a3d633e; Type: INDEX; Schema: public; Owner: almet
--

CREATE INDEX "Комментарии к новостям_author_id_id_a3d633e" ON public."Комментарии к новостям" USING btree (author_id_id);


--
-- Name: Комментарии_article_id_id_f568e6f4; Type: INDEX; Schema: public; Owner: almet
--

CREATE INDEX "Комментарии_article_id_id_f568e6f4" ON public."Комментарии" USING btree (article_id_id);


--
-- Name: Комментарии_author_id_id_76c5d11a; Type: INDEX; Schema: public; Owner: almet
--

CREATE INDEX "Комментарии_author_id_id_76c5d11a" ON public."Комментарии" USING btree (author_id_id);


--
-- Name: account_emailaddress_user_id_2c513194_fk_auth_user_id; Type: FK CONSTRAINT; Schema: public; Owner: almet
--

ALTER TABLE ONLY public.account_emailaddress
    ADD CONSTRAINT account_emailaddress_user_id_2c513194_fk_auth_user_id FOREIGN KEY (user_id) REFERENCES public.auth_user(id) DEFERRABLE INITIALLY DEFERRED;


--
-- Name: account_emailconfirm_email_address_id_5b7f8c58_fk_account_e; Type: FK CONSTRAINT; Schema: public; Owner: almet
--

ALTER TABLE ONLY public.account_emailconfirmation
    ADD CONSTRAINT account_emailconfirm_email_address_id_5b7f8c58_fk_account_e FOREIGN KEY (email_address_id) REFERENCES public.account_emailaddress(id) DEFERRABLE INITIALLY DEFERRED;


--
-- Name: auth_group_permissio_permission_id_84c5c92e_fk_auth_perm; Type: FK CONSTRAINT; Schema: public; Owner: almet
--

ALTER TABLE ONLY public.auth_group_permissions
    ADD CONSTRAINT auth_group_permissio_permission_id_84c5c92e_fk_auth_perm FOREIGN KEY (permission_id) REFERENCES public.auth_permission(id) DEFERRABLE INITIALLY DEFERRED;


--
-- Name: auth_group_permissions_group_id_b120cbf9_fk_auth_group_id; Type: FK CONSTRAINT; Schema: public; Owner: almet
--

ALTER TABLE ONLY public.auth_group_permissions
    ADD CONSTRAINT auth_group_permissions_group_id_b120cbf9_fk_auth_group_id FOREIGN KEY (group_id) REFERENCES public.auth_group(id) DEFERRABLE INITIALLY DEFERRED;


--
-- Name: auth_permission_content_type_id_2f476e4b_fk_django_co; Type: FK CONSTRAINT; Schema: public; Owner: almet
--

ALTER TABLE ONLY public.auth_permission
    ADD CONSTRAINT auth_permission_content_type_id_2f476e4b_fk_django_co FOREIGN KEY (content_type_id) REFERENCES public.django_content_type(id) DEFERRABLE INITIALLY DEFERRED;


--
-- Name: auth_user_groups_group_id_97559544_fk_auth_group_id; Type: FK CONSTRAINT; Schema: public; Owner: almet
--

ALTER TABLE ONLY public.auth_user_groups
    ADD CONSTRAINT auth_user_groups_group_id_97559544_fk_auth_group_id FOREIGN KEY (group_id) REFERENCES public.auth_group(id) DEFERRABLE INITIALLY DEFERRED;


--
-- Name: auth_user_groups_user_id_6a12ed8b_fk_auth_user_id; Type: FK CONSTRAINT; Schema: public; Owner: almet
--

ALTER TABLE ONLY public.auth_user_groups
    ADD CONSTRAINT auth_user_groups_user_id_6a12ed8b_fk_auth_user_id FOREIGN KEY (user_id) REFERENCES public.auth_user(id) DEFERRABLE INITIALLY DEFERRED;


--
-- Name: auth_user_user_permi_permission_id_1fbb5f2c_fk_auth_perm; Type: FK CONSTRAINT; Schema: public; Owner: almet
--

ALTER TABLE ONLY public.auth_user_user_permissions
    ADD CONSTRAINT auth_user_user_permi_permission_id_1fbb5f2c_fk_auth_perm FOREIGN KEY (permission_id) REFERENCES public.auth_permission(id) DEFERRABLE INITIALLY DEFERRED;


--
-- Name: auth_user_user_permissions_user_id_a95ead1b_fk_auth_user_id; Type: FK CONSTRAINT; Schema: public; Owner: almet
--

ALTER TABLE ONLY public.auth_user_user_permissions
    ADD CONSTRAINT auth_user_user_permissions_user_id_a95ead1b_fk_auth_user_id FOREIGN KEY (user_id) REFERENCES public.auth_user(id) DEFERRABLE INITIALLY DEFERRED;


--
-- Name: authtoken_token_user_id_35299eff_fk_auth_user_id; Type: FK CONSTRAINT; Schema: public; Owner: almet
--

ALTER TABLE ONLY public.authtoken_token
    ADD CONSTRAINT authtoken_token_user_id_35299eff_fk_auth_user_id FOREIGN KEY (user_id) REFERENCES public.auth_user(id) DEFERRABLE INITIALLY DEFERRED;


--
-- Name: diary_diary_category_id_4b4b1ee7_fk_diary_diarycategory_id; Type: FK CONSTRAINT; Schema: public; Owner: almet
--

ALTER TABLE ONLY public.diary_diary
    ADD CONSTRAINT diary_diary_category_id_4b4b1ee7_fk_diary_diarycategory_id FOREIGN KEY (category_id) REFERENCES public.diary_diarycategory(id) DEFERRABLE INITIALLY DEFERRED;


--
-- Name: django_admin_log_content_type_id_c4bce8eb_fk_django_co; Type: FK CONSTRAINT; Schema: public; Owner: almet
--

ALTER TABLE ONLY public.django_admin_log
    ADD CONSTRAINT django_admin_log_content_type_id_c4bce8eb_fk_django_co FOREIGN KEY (content_type_id) REFERENCES public.django_content_type(id) DEFERRABLE INITIALLY DEFERRED;


--
-- Name: django_admin_log_user_id_c564eba6_fk_auth_user_id; Type: FK CONSTRAINT; Schema: public; Owner: almet
--

ALTER TABLE ONLY public.django_admin_log
    ADD CONSTRAINT django_admin_log_user_id_c564eba6_fk_auth_user_id FOREIGN KEY (user_id) REFERENCES public.auth_user(id) DEFERRABLE INITIALLY DEFERRED;


--
-- Name: easy_thumbnails_thum_source_id_5b57bc77_fk_easy_thum; Type: FK CONSTRAINT; Schema: public; Owner: almet
--

ALTER TABLE ONLY public.easy_thumbnails_thumbnail
    ADD CONSTRAINT easy_thumbnails_thum_source_id_5b57bc77_fk_easy_thum FOREIGN KEY (source_id) REFERENCES public.easy_thumbnails_source(id) DEFERRABLE INITIALLY DEFERRED;


--
-- Name: easy_thumbnails_thum_thumbnail_id_c3a0c549_fk_easy_thum; Type: FK CONSTRAINT; Schema: public; Owner: almet
--

ALTER TABLE ONLY public.easy_thumbnails_thumbnaildimensions
    ADD CONSTRAINT easy_thumbnails_thum_thumbnail_id_c3a0c549_fk_easy_thum FOREIGN KEY (thumbnail_id) REFERENCES public.easy_thumbnails_thumbnail(id) DEFERRABLE INITIALLY DEFERRED;


--
-- Name: guestbook_guestbook_user_id_870973e6_fk_auth_user_id; Type: FK CONSTRAINT; Schema: public; Owner: almet
--

ALTER TABLE ONLY public.guestbook_guestbook
    ADD CONSTRAINT guestbook_guestbook_user_id_870973e6_fk_auth_user_id FOREIGN KEY (user_id) REFERENCES public.auth_user(id) DEFERRABLE INITIALLY DEFERRED;


--
-- Name: main_likedislike_content_type_id_958401f4_fk_django_co; Type: FK CONSTRAINT; Schema: public; Owner: almet
--

ALTER TABLE ONLY public.main_likedislike
    ADD CONSTRAINT main_likedislike_content_type_id_958401f4_fk_django_co FOREIGN KEY (content_type_id) REFERENCES public.django_content_type(id) DEFERRABLE INITIALLY DEFERRED;


--
-- Name: main_likedislike_user_id_a1235189_fk_auth_user_id; Type: FK CONSTRAINT; Schema: public; Owner: almet
--

ALTER TABLE ONLY public.main_likedislike
    ADD CONSTRAINT main_likedislike_user_id_a1235189_fk_auth_user_id FOREIGN KEY (user_id) REFERENCES public.auth_user(id) DEFERRABLE INITIALLY DEFERRED;


--
-- Name: movies2_comment_article_id_id_bd79e04c_fk_movies2_movie_id; Type: FK CONSTRAINT; Schema: public; Owner: almet
--

ALTER TABLE ONLY public.movies2_comment
    ADD CONSTRAINT movies2_comment_article_id_id_bd79e04c_fk_movies2_movie_id FOREIGN KEY (article_id_id) REFERENCES public.movies2_movie(id) DEFERRABLE INITIALLY DEFERRED;


--
-- Name: movies2_comment_author_id_id_de8b6d92_fk_auth_user_id; Type: FK CONSTRAINT; Schema: public; Owner: almet
--

ALTER TABLE ONLY public.movies2_comment
    ADD CONSTRAINT movies2_comment_author_id_id_de8b6d92_fk_auth_user_id FOREIGN KEY (author_id_id) REFERENCES public.auth_user(id) DEFERRABLE INITIALLY DEFERRED;


--
-- Name: movies2_movie_category_id_d64330de_fk_category_category_id; Type: FK CONSTRAINT; Schema: public; Owner: almet
--

ALTER TABLE ONLY public.movies2_movie
    ADD CONSTRAINT movies2_movie_category_id_d64330de_fk_category_category_id FOREIGN KEY (category_id) REFERENCES public.category_category(id) DEFERRABLE INITIALLY DEFERRED;


--
-- Name: movies2_movie_user_id_9c748569_fk_auth_user_id; Type: FK CONSTRAINT; Schema: public; Owner: almet
--

ALTER TABLE ONLY public.movies2_movie
    ADD CONSTRAINT movies2_movie_user_id_9c748569_fk_auth_user_id FOREIGN KEY (user_id) REFERENCES public.auth_user(id) DEFERRABLE INITIALLY DEFERRED;


--
-- Name: movies_movie_category_id_d3487bd9_fk_category_category_id; Type: FK CONSTRAINT; Schema: public; Owner: almet
--

ALTER TABLE ONLY public.movies_movie
    ADD CONSTRAINT movies_movie_category_id_d3487bd9_fk_category_category_id FOREIGN KEY (category_id) REFERENCES public.category_category(id) DEFERRABLE INITIALLY DEFERRED;


--
-- Name: movies_movie_user_id_af766fba_fk_auth_user_id; Type: FK CONSTRAINT; Schema: public; Owner: almet
--

ALTER TABLE ONLY public.movies_movie
    ADD CONSTRAINT movies_movie_user_id_af766fba_fk_auth_user_id FOREIGN KEY (user_id) REFERENCES public.auth_user(id) DEFERRABLE INITIALLY DEFERRED;


--
-- Name: news2_new_user_id_94b4d8f7_fk_auth_user_id; Type: FK CONSTRAINT; Schema: public; Owner: almet
--

ALTER TABLE ONLY public.news2_new
    ADD CONSTRAINT news2_new_user_id_94b4d8f7_fk_auth_user_id FOREIGN KEY (user_id) REFERENCES public.auth_user(id) DEFERRABLE INITIALLY DEFERRED;


--
-- Name: news_new_user_id_8e622f4b_fk_auth_user_id; Type: FK CONSTRAINT; Schema: public; Owner: almet
--

ALTER TABLE ONLY public.news_new
    ADD CONSTRAINT news_new_user_id_8e622f4b_fk_auth_user_id FOREIGN KEY (user_id) REFERENCES public.auth_user(id) DEFERRABLE INITIALLY DEFERRED;


--
-- Name: profiles_userprofile_user_id_616bed88_fk_auth_user_id; Type: FK CONSTRAINT; Schema: public; Owner: almet
--

ALTER TABLE ONLY public.profiles_userprofile
    ADD CONSTRAINT profiles_userprofile_user_id_616bed88_fk_auth_user_id FOREIGN KEY (user_id) REFERENCES public.auth_user(id) DEFERRABLE INITIALLY DEFERRED;


--
-- Name: socialaccount_social_account_id_951f210e_fk_socialacc; Type: FK CONSTRAINT; Schema: public; Owner: almet
--

ALTER TABLE ONLY public.socialaccount_socialtoken
    ADD CONSTRAINT socialaccount_social_account_id_951f210e_fk_socialacc FOREIGN KEY (account_id) REFERENCES public.socialaccount_socialaccount(id) DEFERRABLE INITIALLY DEFERRED;


--
-- Name: socialaccount_social_app_id_636a42d7_fk_socialacc; Type: FK CONSTRAINT; Schema: public; Owner: almet
--

ALTER TABLE ONLY public.socialaccount_socialtoken
    ADD CONSTRAINT socialaccount_social_app_id_636a42d7_fk_socialacc FOREIGN KEY (app_id) REFERENCES public.socialaccount_socialapp(id) DEFERRABLE INITIALLY DEFERRED;


--
-- Name: socialaccount_social_site_id_2579dee5_fk_django_si; Type: FK CONSTRAINT; Schema: public; Owner: almet
--

ALTER TABLE ONLY public.socialaccount_socialapp_sites
    ADD CONSTRAINT socialaccount_social_site_id_2579dee5_fk_django_si FOREIGN KEY (site_id) REFERENCES public.django_site(id) DEFERRABLE INITIALLY DEFERRED;


--
-- Name: socialaccount_social_socialapp_id_97fb6e7d_fk_socialacc; Type: FK CONSTRAINT; Schema: public; Owner: almet
--

ALTER TABLE ONLY public.socialaccount_socialapp_sites
    ADD CONSTRAINT socialaccount_social_socialapp_id_97fb6e7d_fk_socialacc FOREIGN KEY (socialapp_id) REFERENCES public.socialaccount_socialapp(id) DEFERRABLE INITIALLY DEFERRED;


--
-- Name: socialaccount_socialaccount_user_id_8146e70c_fk_auth_user_id; Type: FK CONSTRAINT; Schema: public; Owner: almet
--

ALTER TABLE ONLY public.socialaccount_socialaccount
    ADD CONSTRAINT socialaccount_socialaccount_user_id_8146e70c_fk_auth_user_id FOREIGN KEY (user_id) REFERENCES public.auth_user(id) DEFERRABLE INITIALLY DEFERRED;


--
-- Name: taggit_taggeditem_content_type_id_9957a03c_fk_django_co; Type: FK CONSTRAINT; Schema: public; Owner: almet
--

ALTER TABLE ONLY public.taggit_taggeditem
    ADD CONSTRAINT taggit_taggeditem_content_type_id_9957a03c_fk_django_co FOREIGN KEY (content_type_id) REFERENCES public.django_content_type(id) DEFERRABLE INITIALLY DEFERRED;


--
-- Name: taggit_taggeditem_tag_id_f4f5b767_fk_taggit_tag_id; Type: FK CONSTRAINT; Schema: public; Owner: almet
--

ALTER TABLE ONLY public.taggit_taggeditem
    ADD CONSTRAINT taggit_taggeditem_tag_id_f4f5b767_fk_taggit_tag_id FOREIGN KEY (tag_id) REFERENCES public.taggit_tag(id) DEFERRABLE INITIALLY DEFERRED;


--
-- Name: Комментарии к новости_article_id_id_ba2aee3e; Type: FK CONSTRAINT; Schema: public; Owner: almet
--

ALTER TABLE ONLY public."Комментарии к новости"
    ADD CONSTRAINT "Комментарии к новости_article_id_id_ba2aee3e" FOREIGN KEY (article_id_id) REFERENCES public.news_new(id) DEFERRABLE INITIALLY DEFERRED;


--
-- Name: Комментарии к новости_author_id_id_768d7eb5_; Type: FK CONSTRAINT; Schema: public; Owner: almet
--

ALTER TABLE ONLY public."Комментарии к новости"
    ADD CONSTRAINT "Комментарии к новости_author_id_id_768d7eb5_" FOREIGN KEY (author_id_id) REFERENCES public.auth_user(id) DEFERRABLE INITIALLY DEFERRED;


--
-- Name: Комментарии к новостям_article_id_id_a449a8; Type: FK CONSTRAINT; Schema: public; Owner: almet
--

ALTER TABLE ONLY public."Комментарии к новостям"
    ADD CONSTRAINT "Комментарии к новостям_article_id_id_a449a8" FOREIGN KEY (article_id_id) REFERENCES public.news2_new(id) DEFERRABLE INITIALLY DEFERRED;


--
-- Name: Комментарии к новостям_author_id_id_a3d633e; Type: FK CONSTRAINT; Schema: public; Owner: almet
--

ALTER TABLE ONLY public."Комментарии к новостям"
    ADD CONSTRAINT "Комментарии к новостям_author_id_id_a3d633e" FOREIGN KEY (author_id_id) REFERENCES public.auth_user(id) DEFERRABLE INITIALLY DEFERRED;


--
-- Name: Комментарии_article_id_id_f568e6f4_fk_movies_movie_i; Type: FK CONSTRAINT; Schema: public; Owner: almet
--

ALTER TABLE ONLY public."Комментарии"
    ADD CONSTRAINT "Комментарии_article_id_id_f568e6f4_fk_movies_movie_i" FOREIGN KEY (article_id_id) REFERENCES public.movies_movie(id) DEFERRABLE INITIALLY DEFERRED;


--
-- Name: Комментарии_author_id_id_76c5d11a_fk_auth_user_id; Type: FK CONSTRAINT; Schema: public; Owner: almet
--

ALTER TABLE ONLY public."Комментарии"
    ADD CONSTRAINT "Комментарии_author_id_id_76c5d11a_fk_auth_user_id" FOREIGN KEY (author_id_id) REFERENCES public.auth_user(id) DEFERRABLE INITIALLY DEFERRED;


--
-- Name: SCHEMA public; Type: ACL; Schema: -; Owner: postgres
--

REVOKE ALL ON SCHEMA public FROM PUBLIC;
REVOKE ALL ON SCHEMA public FROM postgres;
GRANT ALL ON SCHEMA public TO postgres;
GRANT ALL ON SCHEMA public TO PUBLIC;


--
-- PostgreSQL database dump complete
--

